-- MySQL dump 10.13  Distrib 5.5.16, for Win64 (x86)
--
-- Host: localhost    Database: dbPLM
-- ------------------------------------------------------
-- Server version	5.5.16-log

/*!40101 SET @OLD_CHARACTER_SET_CLIENT=@@CHARACTER_SET_CLIENT */;
/*!40101 SET @OLD_CHARACTER_SET_RESULTS=@@CHARACTER_SET_RESULTS */;
/*!40101 SET @OLD_COLLATION_CONNECTION=@@COLLATION_CONNECTION */;
/*!40101 SET NAMES utf8 */;
/*!40103 SET @OLD_TIME_ZONE=@@TIME_ZONE */;
/*!40103 SET TIME_ZONE='+00:00' */;
/*!40014 SET @OLD_UNIQUE_CHECKS=@@UNIQUE_CHECKS, UNIQUE_CHECKS=0 */;
/*!40014 SET @OLD_FOREIGN_KEY_CHECKS=@@FOREIGN_KEY_CHECKS, FOREIGN_KEY_CHECKS=0 */;
/*!40101 SET @OLD_SQL_MODE=@@SQL_MODE, SQL_MODE='NO_AUTO_VALUE_ON_ZERO' */;
/*!40111 SET @OLD_SQL_NOTES=@@SQL_NOTES, SQL_NOTES=0 */;

--
-- Table structure for table `tblmember`
--

DROP TABLE IF EXISTS `tblmember`;
/*!40101 SET @saved_cs_client     = @@character_set_client */;
/*!40101 SET character_set_client = utf8 */;
CREATE TABLE `tblmember` (
  `intMemberID` int(10) unsigned NOT NULL AUTO_INCREMENT,
  `intProgramID` int(10) unsigned DEFAULT NULL,
  `intUserID` int(10) unsigned DEFAULT NULL,
  PRIMARY KEY (`intMemberID`),
  UNIQUE KEY `idxProgramUserID` (`intProgramID`,`intUserID`),
  KEY `fkcMember2` (`intUserID`),
  CONSTRAINT `fkcMember1` FOREIGN KEY (`intProgramID`) REFERENCES `tblproduct` (`intProgramID`) ON DELETE CASCADE ON UPDATE CASCADE,
  CONSTRAINT `fkcMember2` FOREIGN KEY (`intUserID`) REFERENCES `tbluser` (`intUserID`) ON DELETE CASCADE ON UPDATE CASCADE
) ENGINE=InnoDB AUTO_INCREMENT=1352 DEFAULT CHARSET=latin1;
/*!40101 SET character_set_client = @saved_cs_client */;

--
-- Dumping data for table `tblmember`
--

LOCK TABLES `tblmember` WRITE;
/*!40000 ALTER TABLE `tblmember` DISABLE KEYS */;
INSERT INTO `tblmember` VALUES (72,115,2),(70,115,3),(69,115,6),(71,115,11),(68,115,12),(213,115,24),(1178,115,304),(75,116,2),(488,116,6),(74,116,11),(83,116,16),(188,116,24),(761,116,106),(512,116,165),(799,116,168),(82,118,2),(80,118,3),(377,118,6),(81,118,11),(248,118,13),(1246,118,22),(410,118,24),(1236,118,102),(1247,118,147),(1238,118,157),(1240,118,177),(1241,118,179),(1239,118,304),(1237,118,391),(92,141,2),(94,141,6),(95,141,11),(96,141,16),(671,141,22),(187,141,24),(768,141,27),(93,141,29),(184,148,19),(644,148,20),(157,148,24),(408,148,61),(407,148,102),(403,148,112),(156,148,116),(406,148,119),(404,148,120),(405,148,124),(409,148,126),(105,178,2),(103,178,3),(106,178,6),(104,178,11),(102,178,18),(650,178,20),(182,178,24),(443,178,70),(442,178,113),(444,178,142),(445,178,143),(452,179,2),(108,179,3),(111,179,6),(109,179,11),(107,179,18),(649,179,20),(181,179,24),(228,179,37),(448,179,70),(446,179,113),(449,179,142),(447,179,143),(114,180,2),(116,180,6),(115,180,11),(113,180,16),(112,180,18),(477,180,20),(648,180,24),(437,180,70),(438,180,142),(439,180,143),(117,206,2),(119,206,7),(306,206,21),(224,206,23),(218,206,24),(118,206,52),(137,206,54),(136,206,66),(151,206,70),(159,206,71),(225,206,75),(872,206,76),(873,206,103),(871,206,197),(120,207,2),(587,207,21),(121,207,33),(122,207,63),(179,207,174),(123,208,2),(139,208,7),(308,208,21),(307,208,23),(219,208,24),(124,208,52),(141,208,54),(125,208,66),(140,208,70),(160,208,71),(226,208,75),(126,209,2),(328,209,21),(209,209,23),(220,209,24),(129,209,60),(128,209,63),(127,209,68),(138,209,70),(144,209,71),(210,209,75),(387,209,103),(1333,225,1),(130,225,2),(131,225,4),(173,225,20),(701,225,21),(700,225,24),(158,225,62),(177,225,82),(174,225,83),(176,225,89),(175,225,90),(132,227,2),(135,227,7),(670,227,23),(178,227,24),(133,227,41),(134,227,66),(145,228,2),(153,228,7),(383,228,21),(214,228,23),(221,228,24),(381,228,30),(146,228,51),(147,228,66),(152,228,70),(386,228,71),(215,228,75),(382,228,91),(632,228,103),(633,228,114),(148,229,2),(154,229,7),(211,229,23),(222,229,24),(149,229,51),(150,229,66),(155,229,70),(212,229,75),(161,325,2),(379,325,3),(485,325,6),(484,325,11),(657,325,20),(522,325,22),(656,325,24),(378,325,49),(186,325,64),(846,325,215),(163,326,2),(166,326,3),(168,326,6),(165,326,11),(164,326,18),(647,326,24),(429,326,70),(440,326,142),(730,326,143),(1338,361,1),(189,361,2),(192,361,7),(668,361,23),(669,361,24),(190,361,41),(191,361,66),(193,361,71),(625,361,177),(628,361,179),(626,361,181),(627,361,182),(629,361,183),(1335,362,1),(194,362,2),(199,362,6),(195,362,11),(196,362,16),(1120,362,20),(518,362,23),(1119,362,24),(198,362,27),(197,362,48),(775,362,92),(200,363,2),(232,363,6),(230,363,11),(231,363,14),(229,363,16),(683,363,23),(201,363,24),(631,363,27),(1232,363,376),(203,427,2),(207,427,6),(204,427,11),(205,427,16),(417,427,23),(651,427,24),(494,427,27),(206,427,106),(764,427,165),(765,427,168),(233,428,2),(236,428,3),(436,428,6),(235,428,11),(234,428,18),(646,428,20),(237,428,24),(434,428,70),(432,428,113),(441,428,142),(433,428,143),(240,430,2),(250,430,20),(302,430,21),(709,430,42),(238,430,45),(249,430,54),(239,430,67),(242,430,71),(241,430,83),(244,430,90),(245,430,97),(246,430,98),(769,430,99),(770,430,110),(711,430,111),(714,430,136),(715,430,163),(712,430,190),(710,430,199),(253,432,2),(256,432,24),(255,432,67),(254,432,93),(401,432,109),(258,450,2),(642,450,20),(643,450,21),(641,450,24),(260,450,56),(259,450,61),(262,450,71),(261,450,100),(264,559,2),(266,559,7),(278,559,22),(267,559,40),(265,559,50),(268,559,66),(270,560,2),(272,560,7),(276,560,22),(273,560,40),(271,560,50),(274,560,66),(287,561,2),(292,561,17),(304,561,20),(305,561,21),(303,561,22),(288,561,24),(301,561,42),(291,561,47),(294,561,54),(289,561,67),(298,561,71),(296,561,83),(293,561,90),(290,561,97),(297,561,98),(295,561,102),(848,561,126),(606,561,188),(309,595,2),(310,595,6),(312,595,11),(313,595,16),(1117,595,22),(1118,595,24),(311,595,27),(315,606,2),(316,606,6),(318,606,11),(319,606,16),(1115,606,22),(1116,606,24),(317,606,27),(887,606,298),(330,614,2),(342,614,6),(341,614,11),(332,614,24),(350,614,27),(331,614,92),(333,628,2),(335,628,4),(338,628,20),(699,628,21),(698,628,24),(336,628,62),(337,628,82),(340,628,83),(334,628,89),(339,628,90),(343,658,2),(345,658,6),(346,658,11),(347,658,16),(659,658,22),(348,658,24),(351,658,27),(344,658,29),(1235,658,53),(352,660,2),(354,660,24),(353,660,106),(376,660,107),(355,661,2),(356,661,6),(358,661,11),(359,661,16),(937,661,27),(361,661,53),(885,661,285),(886,661,298),(1332,674,1),(362,674,2),(363,674,6),(365,674,11),(364,674,15),(366,674,16),(395,674,20),(380,674,21),(368,674,27),(1198,674,265),(1196,674,269),(1197,674,295),(369,704,2),(370,704,6),(371,704,11),(372,704,16),(658,704,22),(373,704,24),(375,704,27),(374,704,53),(1143,704,298),(389,786,2),(393,786,3),(390,786,6),(392,786,11),(450,786,20),(451,786,22),(655,786,24),(1252,786,44),(391,786,49),(412,786,64),(938,786,188),(396,841,19),(1342,841,20),(638,841,24),(398,841,61),(397,841,112),(411,841,115),(400,841,116),(402,841,120),(1343,841,188),(1340,841,327),(416,899,2),(418,899,6),(415,899,11),(453,899,16),(788,899,23),(653,899,24),(414,899,57),(513,899,165),(654,899,174),(424,912,2),(580,912,20),(685,912,21),(428,912,24),(426,912,67),(425,912,93),(427,912,109),(1251,912,145),(459,931,2),(463,931,3),(487,931,6),(462,931,11),(464,931,24),(604,931,57),(652,931,174),(798,931,215),(465,938,2),(469,938,3),(466,938,6),(468,938,11),(467,938,13),(516,938,21),(1249,938,22),(470,938,24),(1243,938,102),(1248,938,147),(1244,938,157),(936,938,177),(1245,938,179),(935,938,304),(1242,938,391),(645,941,20),(476,941,24),(474,941,62),(471,941,144),(472,941,148),(473,941,149),(475,941,150),(493,1000,24),(491,1000,62),(492,1000,82),(495,1012,2),(496,1012,19),(526,1012,20),(525,1012,21),(637,1012,24),(497,1012,56),(498,1012,61),(499,1012,100),(500,1013,2),(507,1013,20),(635,1013,22),(634,1013,24),(502,1013,35),(503,1013,42),(501,1013,61),(506,1013,83),(505,1013,115),(504,1013,132),(1258,1013,327),(1336,1116,1),(527,1116,2),(528,1116,7),(666,1116,23),(667,1116,24),(530,1116,41),(529,1116,66),(531,1116,71),(874,1116,177),(876,1116,181),(875,1116,182),(877,1116,186),(535,1123,2),(536,1123,5),(613,1123,24),(538,1123,60),(537,1123,63),(614,1123,174),(539,1124,2),(609,1124,24),(540,1124,55),(542,1124,60),(541,1124,63),(922,1124,164),(610,1124,174),(894,1124,207),(992,1124,210),(910,1124,213),(911,1124,214),(908,1124,215),(909,1124,217),(895,1124,221),(921,1124,227),(543,1125,2),(575,1125,21),(574,1125,24),(544,1125,32),(546,1125,60),(545,1125,63),(584,1125,174),(690,1125,205),(695,1125,206),(689,1125,210),(692,1125,213),(688,1125,215),(691,1125,217),(694,1125,220),(693,1125,221),(547,1126,2),(548,1126,5),(611,1126,24),(550,1126,60),(549,1126,63),(612,1126,174),(551,1127,2),(573,1127,21),(571,1127,24),(552,1127,34),(554,1127,60),(553,1127,63),(572,1127,174),(1174,1127,209),(1173,1127,213),(1177,1127,214),(744,1127,215),(1176,1127,217),(1175,1127,218),(555,1128,2),(569,1128,24),(556,1128,33),(558,1128,60),(557,1128,63),(570,1128,174),(561,1192,2),(568,1192,21),(567,1192,23),(707,1192,24),(563,1192,62),(564,1192,82),(562,1192,156),(566,1192,159),(686,1192,177),(588,1198,2),(589,1198,5),(697,1198,24),(591,1198,60),(590,1198,63),(696,1198,174),(665,1201,20),(593,1201,45),(594,1201,61),(592,1201,116),(603,1201,117),(605,1201,126),(664,1201,128),(595,1201,129),(602,1201,139),(607,1201,188),(608,1201,189),(615,1218,2),(621,1218,20),(622,1218,21),(620,1218,24),(617,1218,62),(618,1218,82),(616,1218,156),(630,1218,158),(623,1218,159),(687,1218,177),(751,1342,20),(752,1342,24),(661,1342,43),(662,1342,62),(660,1342,116),(663,1342,150),(672,1349,2),(673,1349,6),(676,1349,11),(677,1349,16),(717,1349,22),(719,1349,24),(674,1349,27),(675,1349,28),(1259,1349,327),(678,1350,2),(679,1350,6),(766,1350,10),(681,1350,11),(682,1350,16),(749,1350,24),(767,1350,27),(750,1350,174),(793,1350,213),(792,1350,215),(1261,1350,389),(1334,1387,1),(704,1387,2),(706,1387,3),(702,1387,6),(703,1387,11),(934,1387,22),(933,1387,24),(705,1387,26),(893,1387,102),(891,1387,113),(797,1387,270),(721,1422,2),(720,1422,4),(725,1422,20),(723,1422,62),(726,1422,82),(724,1422,83),(722,1422,89),(727,1422,90),(728,1422,111),(731,1422,116),(754,1422,126),(729,1422,155),(737,1425,2),(733,1425,6),(732,1425,11),(734,1425,14),(753,1425,15),(736,1425,16),(746,1425,22),(745,1425,24),(735,1425,27),(888,1425,157),(889,1425,177),(1009,1425,185),(1231,1425,376),(755,1443,2),(759,1443,3),(757,1443,6),(758,1443,11),(760,1443,18),(756,1443,142),(774,1448,43),(773,1448,62),(772,1448,116),(771,1448,150),(776,1449,2),(777,1449,6),(778,1449,11),(779,1449,16),(781,1449,27),(780,1449,44),(890,1449,174),(795,1449,213),(794,1449,215),(796,1449,217),(782,1454,2),(784,1454,6),(785,1454,11),(783,1454,15),(786,1454,16),(931,1454,24),(787,1454,27),(789,1454,174),(791,1454,213),(790,1454,215),(1146,1454,389),(800,1509,302),(1140,1509,303),(1139,1509,383),(802,1510,2),(803,1510,6),(807,1510,11),(804,1510,15),(806,1510,16),(1211,1510,20),(932,1510,24),(805,1510,27),(809,1513,2),(812,1513,3),(808,1513,6),(811,1513,11),(1112,1513,22),(1113,1513,24),(810,1513,37),(813,1514,2),(814,1514,3),(815,1514,6),(817,1514,11),(1114,1514,22),(1111,1514,24),(816,1514,37),(820,1515,2),(821,1515,3),(818,1515,6),(822,1515,11),(851,1515,22),(819,1515,37),(823,1515,104),(843,1515,291),(1257,1515,327),(824,1516,2),(826,1516,3),(827,1516,6),(828,1516,11),(853,1516,22),(825,1516,37),(829,1516,104),(845,1516,291),(1260,1516,327),(832,1543,2),(834,1543,3),(833,1543,6),(831,1543,11),(852,1543,22),(830,1543,37),(835,1543,104),(844,1543,291),(1256,1543,327),(838,1544,2),(839,1544,3),(837,1544,6),(840,1544,11),(850,1544,22),(836,1544,37),(841,1544,104),(842,1544,291),(1255,1544,327),(855,1593,2),(859,1593,3),(854,1593,6),(857,1593,11),(858,1593,12),(1109,1593,22),(1110,1593,24),(856,1593,304),(860,1593,305),(862,1597,2),(864,1597,3),(865,1597,6),(866,1597,11),(861,1597,12),(930,1597,22),(928,1597,24),(863,1597,304),(867,1597,305),(879,1638,2),(880,1638,6),(883,1638,11),(878,1638,16),(884,1638,20),(925,1638,24),(882,1638,27),(881,1638,92),(1002,1638,269),(897,1684,19),(898,1684,61),(896,1684,116),(900,1684,126),(899,1684,133),(927,1686,22),(926,1686,24),(905,1686,65),(903,1686,238),(904,1686,272),(906,1686,330),(907,1686,331),(913,1696,2),(1145,1696,22),(1210,1696,24),(915,1696,56),(912,1696,61),(914,1696,101),(1254,1696,327),(924,1705,22),(923,1705,24),(918,1705,65),(916,1705,238),(961,1705,272),(962,1705,274),(919,1705,330),(1208,1707,22),(1209,1707,24),(946,1707,65),(944,1707,238),(949,1707,260),(957,1707,272),(958,1707,274),(947,1707,330),(955,1708,64),(953,1708,78),(952,1708,79),(951,1708,81),(954,1708,116),(1250,1709,22),(966,1709,65),(1279,1709,147),(967,1709,238),(964,1709,272),(963,1709,274),(965,1709,330),(1170,1718,22),(1207,1718,24),(996,1718,38),(994,1718,65),(999,1718,107),(997,1718,138),(993,1718,238),(1164,1718,252),(1165,1718,255),(1172,1718,268),(1166,1718,286),(998,1718,287),(1167,1718,293),(995,1718,330),(1000,1718,374),(1001,1718,375),(1168,1718,376),(1169,1718,377),(1163,1718,378),(1171,1718,381),(1008,1732,2),(1006,1732,6),(1007,1732,11),(1004,1732,15),(1005,1732,16),(1205,1732,22),(1206,1732,24),(1003,1732,27),(1070,1739,22),(1065,1739,65),(1076,1739,102),(1078,1739,114),(1066,1739,238),(1077,1739,255),(1141,1739,258),(1071,1739,260),(1069,1739,268),(1075,1739,276),(1142,1739,286),(1074,1739,293),(1067,1739,330),(1068,1739,331),(1108,1739,346),(1073,1739,374),(1072,1739,375),(1080,1739,376),(1079,1739,377),(1081,1739,378),(1086,1739,380),(1103,1739,381),(1122,1765,2),(1126,1765,6),(1124,1765,11),(1127,1765,16),(1203,1765,22),(1204,1765,24),(1123,1765,27),(1125,1765,28),(1131,1767,2),(1129,1767,3),(1130,1767,6),(1128,1767,11),(1134,1767,22),(1136,1767,24),(1132,1767,26),(1137,1767,102),(1135,1767,113),(1138,1767,114),(1133,1767,270),(1151,1768,2),(1152,1768,6),(1148,1768,11),(1149,1768,14),(1147,1768,16),(1201,1768,23),(1202,1768,24),(1150,1768,27),(1159,1768,177),(1160,1768,185),(1233,1768,376),(1339,1776,1),(1153,1776,2),(1157,1776,6),(1156,1776,11),(1158,1776,14),(1154,1776,16),(1199,1776,23),(1200,1776,24),(1155,1776,27),(1161,1776,177),(1162,1776,185),(1234,1776,376),(1322,1822,22),(1323,1822,24),(1180,1822,65),(1280,1822,147),(1179,1822,238),(1181,1822,272),(1182,1822,330),(1183,1822,331),(1184,1824,2),(1320,1824,22),(1321,1824,24),(1187,1824,65),(1270,1824,147),(1191,1824,238),(1190,1824,255),(1185,1824,275),(1188,1824,287),(1186,1824,330),(1189,1824,378),(1194,1825,2),(1319,1825,24),(1193,1825,38),(1195,1825,65),(1271,1825,147),(1253,1825,238),(1192,1825,330),(1318,1825,400),(1215,1889,2),(1212,1889,33),(1213,1889,60),(1214,1889,63),(1217,1889,209),(1216,1889,213),(1218,1889,217),(1219,1889,218),(1220,1889,299),(1221,1890,2),(1224,1890,33),(1225,1890,60),(1223,1890,63),(1230,1890,174),(1227,1890,209),(1222,1890,213),(1226,1890,217),(1229,1890,218),(1228,1890,299),(1264,1936,62),(1263,1936,82),(1262,1936,144),(1265,1936,399),(1268,1937,62),(1266,1937,82),(1267,1937,144),(1269,1937,399),(1273,1948,2),(1282,1948,24),(1272,1948,65),(1275,1948,147),(1278,1948,255),(1274,1948,330),(1276,1948,366),(1277,1948,378),(1281,1948,400),(1289,1980,22),(1285,1980,65),(1284,1980,107),(1287,1980,138),(1293,1980,238),(1283,1980,268),(1286,1980,275),(1292,1980,287),(1294,1980,293),(1288,1980,375),(1290,1980,376),(1291,1980,378),(1295,1993,2),(1296,1993,6),(1299,1993,11),(1300,1993,16),(1317,1993,24),(1297,1993,27),(1298,1993,92),(1316,1993,174),(1313,2010,1),(1301,2010,2),(1303,2010,7),(1314,2010,23),(1315,2010,24),(1304,2010,66),(1305,2010,70),(1310,2010,71),(1309,2010,75),(1302,2010,91),(1308,2010,102),(1306,2010,103),(1307,2010,105),(1311,2010,147),(1312,2010,328),(1331,2018,1),(1324,2018,107),(1326,2018,116),(1328,2018,145),(1330,2018,291),(1329,2018,299),(1327,2018,346),(1325,2018,420);
/*!40000 ALTER TABLE `tblmember` ENABLE KEYS */;
UNLOCK TABLES;

--
-- Table structure for table `tblmemberrole`
--

DROP TABLE IF EXISTS `tblmemberrole`;
/*!40101 SET @saved_cs_client     = @@character_set_client */;
/*!40101 SET character_set_client = utf8 */;
CREATE TABLE `tblmemberrole` (
  `intMemberRoleID` int(10) unsigned NOT NULL AUTO_INCREMENT,
  `intMemberID` int(10) unsigned DEFAULT NULL,
  `intRoleID` int(10) unsigned DEFAULT NULL,
  PRIMARY KEY (`intMemberRoleID`),
  KEY `fkcMemberRole1` (`intMemberID`),
  KEY `fkcMemberRole2` (`intRoleID`),
  CONSTRAINT `fkcMemberRole1` FOREIGN KEY (`intMemberID`) REFERENCES `tblmember` (`intMemberID`) ON DELETE CASCADE ON UPDATE CASCADE,
  CONSTRAINT `fkcMemberRole2` FOREIGN KEY (`intRoleID`) REFERENCES `tblrole` (`intRoleID`) ON DELETE CASCADE ON UPDATE CASCADE
) ENGINE=InnoDB AUTO_INCREMENT=1461 DEFAULT CHARSET=latin1;
/*!40101 SET character_set_client = @saved_cs_client */;

--
-- Dumping data for table `tblmemberrole`
--

LOCK TABLES `tblmemberrole` WRITE;
/*!40000 ALTER TABLE `tblmemberrole` DISABLE KEYS */;
INSERT INTO `tblmemberrole` VALUES (4,NULL,3),(5,NULL,4),(6,NULL,4),(18,NULL,4),(77,NULL,2),(78,NULL,4),(118,68,2),(119,69,8),(120,70,4),(121,71,5),(122,72,3),(124,74,5),(125,75,3),(130,80,4),(131,81,5),(132,82,3),(133,83,4),(143,92,3),(144,93,2),(145,94,8),(146,95,5),(147,96,4),(153,102,2),(154,103,4),(155,104,5),(156,105,3),(157,106,8),(158,107,2),(159,108,4),(160,109,5),(162,111,8),(163,112,2),(164,113,4),(165,114,3),(166,115,5),(167,116,8),(168,117,3),(169,118,2),(170,119,4),(171,120,3),(172,121,2),(173,122,5),(174,123,3),(175,124,2),(176,125,5),(177,126,3),(178,127,2),(179,128,5),(180,129,4),(181,130,3),(182,131,2),(183,132,3),(184,133,2),(185,134,5),(186,135,7),(187,135,7),(188,135,7),(189,136,5),(190,137,29),(191,138,6),(192,139,7),(193,140,6),(194,141,29),(197,144,30),(200,145,3),(201,146,2),(202,147,5),(203,148,3),(204,149,2),(205,150,5),(206,151,6),(207,152,6),(208,153,7),(209,154,7),(210,155,6),(211,158,5),(212,159,30),(213,160,30),(214,161,3),(216,163,3),(217,164,2),(218,165,5),(219,166,4),(221,168,8),(226,173,25),(227,174,30),(228,175,6),(229,176,8),(230,177,4),(231,178,21),(232,179,21),(234,181,21),(235,182,21),(237,156,3),(238,157,21),(239,184,2),(241,186,5),(242,187,21),(243,188,21),(244,189,3),(245,190,2),(246,191,5),(247,192,7),(248,193,21),(249,194,3),(250,195,5),(251,196,4),(252,197,2),(253,198,7),(254,199,8),(255,200,3),(256,201,21),(258,203,3),(259,204,5),(260,205,4),(261,206,2),(262,207,8),(264,209,25),(265,210,8),(266,211,25),(267,212,8),(268,213,21),(269,214,25),(270,215,8),(273,218,21),(274,219,21),(275,220,21),(276,221,21),(277,222,21),(279,224,25),(280,225,8),(281,226,8),(283,228,2),(284,229,4),(285,230,5),(286,231,2),(287,232,8),(288,233,3),(289,234,2),(290,235,5),(291,236,4),(292,237,21),(293,238,2),(294,239,5),(295,240,3),(296,241,30),(297,242,30),(299,244,6),(300,245,4),(301,246,30),(304,248,2),(305,249,29),(306,250,25),(309,253,3),(310,254,2),(311,255,5),(312,256,21),(314,258,3),(315,259,5),(316,260,2),(317,261,4),(318,262,30),(320,264,3),(321,265,8),(322,266,7),(323,267,2),(324,268,5),(326,270,3),(327,271,8),(328,272,7),(329,273,2),(330,274,5),(332,276,25),(334,278,25),(343,287,3),(344,288,21),(345,289,5),(346,290,4),(347,291,2),(348,292,28),(349,293,6),(350,294,29),(351,295,11),(352,296,30),(353,297,30),(354,298,30),(357,301,2),(358,302,25),(359,303,25),(360,304,25),(361,305,25),(362,306,25),(363,307,25),(364,308,25),(365,309,3),(366,310,8),(367,311,7),(368,312,5),(369,313,4),(371,315,3),(372,316,8),(373,317,7),(374,318,5),(375,319,4),(384,328,25),(386,330,3),(387,331,2),(388,332,21),(389,333,3),(390,334,8),(391,335,2),(392,336,5),(393,337,4),(394,338,25),(395,339,6),(396,340,30),(397,341,5),(398,342,8),(399,343,3),(400,344,2),(401,345,8),(402,346,5),(403,347,4),(404,348,21),(406,350,7),(407,351,7),(408,352,3),(409,353,2),(410,354,21),(411,355,3),(412,356,8),(414,358,5),(415,359,4),(417,361,2),(418,362,3),(419,363,8),(420,364,2),(421,365,5),(422,366,4),(424,368,7),(425,369,3),(426,370,8),(427,371,5),(428,372,4),(429,373,21),(430,374,2),(431,375,7),(432,376,5),(434,377,8),(436,378,2),(437,379,4),(438,317,2),(439,311,2),(441,380,25),(442,381,2),(443,382,2),(444,383,25),(447,386,30),(448,387,18),(451,389,3),(452,390,8),(453,391,2),(454,392,5),(455,393,4),(457,395,25),(458,396,2),(459,397,55),(460,398,5),(464,400,3),(465,401,4),(466,402,6),(467,403,55),(468,404,6),(469,405,19),(470,408,5),(471,410,21),(472,411,4),(473,412,5),(475,414,2),(476,415,5),(477,416,3),(479,417,25),(480,418,8),(486,424,3),(487,425,2),(488,426,5),(489,427,4),(490,428,21),(491,429,6),(494,432,21),(495,433,36),(496,434,6),(498,436,8),(499,437,6),(500,438,24),(501,439,36),(504,440,24),(505,441,24),(506,442,21),(507,443,6),(508,444,24),(509,445,36),(510,446,21),(511,447,36),(512,448,6),(513,449,24),(515,450,25),(516,451,25),(518,452,3),(519,453,4),(525,459,3),(528,462,5),(529,463,4),(530,464,21),(531,465,3),(532,466,8),(533,467,2),(534,468,5),(535,469,4),(536,470,21),(537,471,3),(538,472,8),(539,473,7),(540,474,5),(541,475,4),(542,476,21),(544,477,25),(551,409,34),(552,484,5),(553,485,8),(556,487,8),(557,488,8),(560,491,5),(561,492,4),(562,493,21),(563,494,7),(564,495,3),(565,496,8),(566,497,2),(567,498,5),(568,499,4),(569,500,3),(570,501,5),(571,502,2),(572,503,2),(573,504,2),(574,505,4),(575,506,30),(576,507,25),(581,512,8),(582,513,8),(585,516,25),(588,518,25),(596,522,25),(600,525,25),(601,526,25),(602,527,3),(603,528,7),(604,529,5),(605,530,2),(606,531,30),(610,535,3),(611,536,7),(612,537,5),(613,538,4),(614,539,3),(615,540,2),(616,541,5),(617,542,4),(618,543,3),(619,544,2),(620,545,5),(621,546,4),(622,547,3),(623,548,7),(624,549,5),(625,550,4),(626,551,3),(627,552,2),(628,553,5),(629,554,4),(630,555,3),(631,556,2),(632,557,5),(633,558,4),(634,193,30),(637,561,3),(638,562,2),(639,563,5),(640,564,4),(642,566,18),(643,567,25),(644,568,25),(645,569,21),(646,570,25),(647,571,21),(648,572,25),(649,573,25),(650,574,21),(651,575,25),(656,580,25),(660,584,25),(663,179,25),(664,587,25),(665,588,3),(666,589,7),(667,590,5),(668,591,4),(669,589,2),(670,592,3),(671,593,2),(672,594,5),(673,595,4),(680,602,22),(681,603,32),(683,604,2),(684,605,34),(685,606,6),(686,607,6),(687,608,34),(688,609,21),(689,610,25),(690,611,21),(691,612,25),(692,613,21),(693,614,25),(694,615,3),(695,616,2),(696,617,5),(697,618,4),(699,620,21),(700,621,25),(701,622,25),(702,623,18),(710,625,36),(711,626,6),(712,627,55),(713,628,55),(714,629,45),(715,630,24),(716,631,7),(717,632,18),(718,633,33),(719,634,21),(720,635,25),(722,637,21),(723,638,21),(726,641,21),(727,642,25),(728,643,25),(729,644,25),(730,645,25),(731,646,25),(732,647,21),(733,648,21),(734,649,25),(735,650,25),(736,651,21),(737,652,25),(738,653,21),(739,654,25),(740,655,21),(741,656,21),(742,657,25),(743,658,25),(744,659,25),(745,660,3),(746,661,2),(747,662,5),(748,663,4),(749,664,38),(750,665,25),(751,603,44),(752,666,25),(753,667,21),(754,668,25),(755,669,21),(756,670,25),(757,671,25),(758,672,3),(759,673,8),(760,674,7),(761,675,2),(762,676,5),(763,677,4),(764,678,3),(765,679,8),(767,681,5),(768,682,4),(770,683,25),(772,685,25),(773,686,36),(774,687,36),(775,688,36),(776,689,55),(777,690,55),(778,691,31),(779,692,8),(780,693,18),(781,694,18),(782,695,18),(783,688,6),(784,696,25),(785,697,21),(786,698,21),(787,699,25),(788,700,21),(789,701,25),(790,407,11),(791,406,31),(792,702,8),(793,703,5),(794,704,3),(795,705,2),(796,706,4),(797,404,36),(798,707,21),(800,709,2),(801,710,18),(802,711,31),(803,712,47),(805,714,27),(806,715,34),(808,717,25),(810,719,21),(811,720,2),(812,721,3),(813,722,8),(814,723,5),(815,724,30),(816,725,25),(817,726,4),(818,727,6),(819,728,31),(820,729,9),(821,730,36),(822,429,36),(823,731,3),(824,732,5),(825,733,8),(826,734,2),(827,735,7),(828,736,4),(829,737,3),(836,744,36),(837,745,21),(838,746,25),(841,749,21),(842,750,25),(843,751,25),(844,752,21),(845,753,2),(846,754,34),(847,434,36),(848,755,3),(849,756,24),(850,757,8),(851,758,5),(852,759,4),(853,760,2),(854,761,2),(857,764,8),(858,765,36),(859,766,2),(860,767,7),(861,768,7),(862,769,55),(863,770,50),(864,771,4),(865,772,3),(866,773,5),(867,774,2),(868,536,2),(869,775,2),(870,776,3),(871,777,8),(872,778,5),(873,779,4),(874,780,2),(875,781,7),(876,782,3),(877,783,2),(878,784,8),(879,785,5),(880,786,4),(881,787,7),(882,788,25),(883,789,25),(884,790,36),(885,791,8),(886,792,36),(887,793,8),(888,794,36),(889,795,8),(890,796,31),(891,797,6),(892,798,6),(893,798,36),(894,799,36),(895,800,3),(897,802,3),(898,803,8),(899,804,2),(900,805,7),(901,806,4),(902,807,5),(903,808,8),(904,809,3),(905,810,2),(906,811,5),(907,812,4),(908,813,3),(909,814,4),(910,815,8),(911,816,2),(912,817,5),(913,818,8),(914,819,2),(915,820,3),(916,821,4),(917,822,5),(918,823,8),(919,824,3),(920,825,2),(921,826,4),(922,827,8),(923,828,5),(924,829,8),(925,830,2),(926,831,5),(927,832,3),(928,833,8),(929,834,4),(930,835,8),(931,836,2),(932,837,8),(933,838,3),(934,839,4),(935,840,5),(936,841,8),(937,842,36),(938,843,36),(939,844,36),(940,845,36),(941,846,36),(943,848,34),(945,850,25),(946,851,25),(947,852,25),(948,853,25),(949,854,8),(950,855,3),(951,856,6),(952,857,5),(953,858,2),(954,859,4),(955,860,18),(956,861,2),(957,862,3),(958,863,6),(959,864,4),(960,865,8),(961,866,5),(962,867,18),(966,871,32),(967,872,11),(968,873,18),(969,874,36),(970,875,55),(971,876,6),(972,877,46),(973,878,4),(974,879,3),(975,880,8),(976,881,2),(977,882,7),(978,883,5),(979,884,25),(980,885,36),(981,886,36),(982,887,36),(983,888,55),(984,889,36),(985,890,25),(986,891,21),(988,893,11),(989,797,36),(990,894,55),(991,895,18),(992,896,3),(993,897,2),(994,898,5),(995,899,4),(996,900,34),(999,903,3),(1000,904,55),(1001,905,5),(1002,906,4),(1003,907,2),(1004,908,6),(1005,909,31),(1006,910,8),(1007,911,27),(1008,912,5),(1009,913,3),(1010,914,4),(1011,915,2),(1012,138,36),(1013,916,3),(1015,918,5),(1016,919,4),(1018,921,18),(1019,922,33),(1020,923,21),(1021,924,25),(1022,925,21),(1023,926,21),(1024,927,25),(1025,928,21),(1027,930,25),(1028,931,21),(1029,932,21),(1030,933,21),(1031,934,25),(1032,935,6),(1033,936,36),(1034,908,36),(1036,937,2),(1037,938,36),(1043,944,3),(1045,946,5),(1046,947,4),(1048,949,24),(1050,951,2),(1051,952,2),(1052,953,4),(1053,954,3),(1054,955,5),(1058,957,2),(1059,958,2),(1062,961,2),(1063,962,2),(1064,963,2),(1065,964,2),(1066,965,4),(1067,966,5),(1068,967,3),(1093,992,55),(1094,993,3),(1095,994,5),(1096,995,4),(1097,996,2),(1098,997,21),(1099,998,51),(1100,999,4),(1101,1000,22),(1102,1001,22),(1103,1002,36),(1104,1003,7),(1105,1004,2),(1106,1005,4),(1107,1006,8),(1108,1007,5),(1109,1008,3),(1110,1009,55),(1166,1065,5),(1167,1066,3),(1168,1067,4),(1169,1068,2),(1170,1069,52),(1171,1070,25),(1172,1071,24),(1173,1072,22),(1174,1073,22),(1175,1074,45),(1176,1075,55),(1177,1076,11),(1178,1077,31),(1179,1078,33),(1180,1079,30),(1181,1080,11),(1182,1081,31),(1187,1086,32),(1204,1103,27),(1209,1108,16),(1210,1109,25),(1211,1110,21),(1212,1111,21),(1213,1112,25),(1214,1113,21),(1215,1114,25),(1216,1115,25),(1217,1116,21),(1218,1117,25),(1219,1118,21),(1220,1119,21),(1221,1120,25),(1223,1122,3),(1224,1123,7),(1225,1124,5),(1226,1125,2),(1227,1126,8),(1228,1127,4),(1229,1128,5),(1230,1129,4),(1231,1130,8),(1232,1131,3),(1233,1132,2),(1234,1133,6),(1235,1134,25),(1236,1135,21),(1237,1136,21),(1238,1137,11),(1239,1138,33),(1241,1139,5),(1242,1140,51),(1243,1141,18),(1244,1142,53),(1245,1143,36),(1247,1145,25),(1248,1146,55),(1249,1147,4),(1250,1148,5),(1251,1149,2),(1252,1150,7),(1253,1151,3),(1254,1152,8),(1255,1153,3),(1256,1154,4),(1257,1155,7),(1258,1156,5),(1259,1157,8),(1260,1158,2),(1261,1159,36),(1262,1160,55),(1263,1161,36),(1264,1162,55),(1265,1163,31),(1266,1164,24),(1267,1165,31),(1268,1166,53),(1269,1167,45),(1270,1168,11),(1271,1169,30),(1272,1170,25),(1273,1171,27),(1274,1172,52),(1275,856,36),(1276,1173,8),(1277,1174,55),(1278,1175,18),(1279,1176,31),(1280,1177,27),(1281,863,36),(1282,1178,36),(1283,1178,6),(1284,1179,3),(1285,1180,5),(1286,1181,2),(1287,1182,4),(1288,1183,2),(1289,1184,3),(1290,1185,2),(1291,1186,4),(1292,1187,5),(1293,1188,51),(1294,1189,31),(1295,1190,31),(1296,1191,3),(1297,1192,4),(1298,1193,2),(1299,1194,3),(1300,1195,5),(1301,1185,8),(1302,1196,36),(1303,1198,18),(1304,1199,25),(1305,1200,21),(1306,1201,25),(1307,1202,21),(1308,1203,25),(1309,1204,21),(1310,1205,25),(1311,1206,21),(1312,1207,21),(1313,1208,25),(1314,1209,21),(1315,1210,21),(1316,1211,25),(1317,1212,2),(1318,1213,4),(1319,1214,5),(1320,1215,3),(1321,1216,8),(1322,1217,55),(1323,1218,31),(1324,1219,18),(1325,1220,9),(1326,1221,3),(1327,1222,8),(1328,1223,5),(1329,1224,2),(1330,1225,4),(1331,1226,31),(1332,1227,55),(1333,1228,9),(1334,1229,18),(1335,1230,25),(1336,1231,30),(1337,1232,30),(1338,1233,30),(1339,1234,30),(1340,1235,2),(1341,1236,11),(1342,1237,30),(1343,1238,55),(1344,1239,36),(1345,1240,36),(1346,1241,55),(1347,1242,30),(1348,1243,11),(1349,1244,55),(1350,1245,55),(1351,1246,25),(1352,1247,12),(1353,1248,12),(1354,1249,25),(1355,1250,25),(1356,1251,48),(1357,1251,34),(1358,1252,2),(1359,1253,3),(1360,1254,57),(1361,1255,57),(1362,1256,57),(1363,1257,57),(1364,1258,57),(1365,1259,57),(1366,1260,57),(1367,1261,55),(1368,1262,3),(1369,1263,4),(1370,1264,5),(1371,1265,2),(1372,1266,4),(1373,1267,3),(1374,1268,5),(1375,1269,2),(1376,1270,12),(1377,1271,12),(1378,1272,5),(1379,1273,3),(1380,1274,4),(1381,1275,12),(1382,1276,32),(1383,1277,31),(1384,1278,31),(1385,1279,12),(1386,1280,12),(1387,1276,3),(1388,1281,25),(1389,1282,21),(1390,1283,52),(1391,1284,4),(1392,1285,5),(1393,1286,2),(1394,1287,21),(1395,1288,22),(1396,1289,25),(1397,1290,30),(1398,1291,31),(1399,1292,51),(1400,1293,3),(1401,1294,45),(1402,1295,3),(1403,1296,8),(1404,1297,7),(1405,1298,2),(1406,1299,5),(1407,1300,4),(1408,1301,3),(1409,1302,2),(1410,1303,7),(1411,1304,5),(1412,1305,36),(1413,1306,18),(1414,1307,15),(1415,1308,11),(1416,1309,8),(1417,1310,30),(1418,1311,12),(1419,1312,9),(1420,1313,9),(1421,1314,25),(1422,1315,21),(1423,1316,25),(1424,1317,21),(1425,1318,25),(1426,1319,21),(1427,1320,25),(1428,1321,21),(1429,1322,25),(1430,1323,21),(1431,1324,5),(1432,1325,2),(1433,1326,3),(1434,1327,16),(1435,1328,48),(1436,1329,9),(1437,1330,36),(1438,1331,2),(1439,1332,2),(1440,1333,2),(1441,1334,1),(1442,1335,1),(1443,1335,2),(1444,1335,36),(1445,1336,5),(1447,1338,2),(1448,1339,2),(1449,1340,57),(1451,1342,25),(1452,1343,36);
/*!40000 ALTER TABLE `tblmemberrole` ENABLE KEYS */;
UNLOCK TABLES;

--
-- Table structure for table `tbloperation`
--

DROP TABLE IF EXISTS `tbloperation`;
/*!40101 SET @saved_cs_client     = @@character_set_client */;
/*!40101 SET character_set_client = utf8 */;
CREATE TABLE `tbloperation` (
  `intOperationID` int(10) unsigned NOT NULL AUTO_INCREMENT,
  `strOperationName` varchar(80) DEFAULT NULL,
  PRIMARY KEY (`intOperationID`)
) ENGINE=InnoDB AUTO_INCREMENT=11 DEFAULT CHARSET=latin1;
/*!40101 SET character_set_client = @saved_cs_client */;

--
-- Dumping data for table `tbloperation`
--

LOCK TABLES `tbloperation` WRITE;
/*!40000 ALTER TABLE `tbloperation` DISABLE KEYS */;
INSERT INTO `tbloperation` VALUES (1,'Read'),(2,'Write'),(3,'Write Created'),(4,'Submit for Approval'),(5,'Override Approval'),(7,'Administrate'),(10,'Purchasing');
/*!40000 ALTER TABLE `tbloperation` ENABLE KEYS */;
UNLOCK TABLES;

--
-- Table structure for table `tblorganization`
--

DROP TABLE IF EXISTS `tblorganization`;
/*!40101 SET @saved_cs_client     = @@character_set_client */;
/*!40101 SET character_set_client = utf8 */;
CREATE TABLE `tblorganization` (
  `intOrganizationID` int(10) unsigned NOT NULL AUTO_INCREMENT,
  `strOEMCode` varchar(10) DEFAULT NULL,
  `strOrganizationName` varchar(100) DEFAULT NULL,
  `strOrganizationShortName` varchar(10) DEFAULT NULL,
  `blnAdminApproved` tinyint(3) unsigned NOT NULL DEFAULT '0',
  `intCreatedByUserID` int(10) unsigned DEFAULT NULL,
  `dtmCreatedOn` datetime DEFAULT NULL,
  `dtmModifiedOn` datetime DEFAULT NULL,
  PRIMARY KEY (`intOrganizationID`),
  UNIQUE KEY `ukcOrganization1` (`strOEMCode`),
  KEY `fkcOrganization2` (`intCreatedByUserID`),
  CONSTRAINT `fkcOrganization2` FOREIGN KEY (`intCreatedByUserID`) REFERENCES `tbluser` (`intUserID`) ON DELETE NO ACTION ON UPDATE CASCADE
) ENGINE=InnoDB AUTO_INCREMENT=148 DEFAULT CHARSET=latin1;
/*!40101 SET character_set_client = @saved_cs_client */;

--
-- Dumping data for table `tblorganization`
--

LOCK TABLES `tblorganization` WRITE;
/*!40000 ALTER TABLE `tblorganization` DISABLE KEYS */;
INSERT INTO `tblorganization` VALUES (1,'GM','GENERAL MOTORS','GM',1,1,'2011-10-17 09:45:54','2012-07-20 20:49:02'),(2,'FORD','FORD MOTOR COMPANY','FORD',1,1,'2011-10-17 09:46:20','2012-07-20 20:49:02'),(3,'CHRYSLER','CHRYSLER','CHRYSLER',1,1,'2011-10-20 13:44:41','2012-07-20 20:49:02'),(4,'NISSAN','NISSAN','NISSAN',1,1,'2011-10-20 13:44:41','2012-07-20 20:49:03'),(5,'TOYOTA','TOYOTA','TOYOTA',1,1,'2011-10-20 13:44:41','2012-07-20 20:49:02'),(6,'MERCEDES','MERCEDES BENZ','MERCEDES',1,1,'2011-10-20 13:44:41','2012-07-20 20:49:03'),(7,'HONDA','HONDA','HONDA',1,1,'2011-10-20 13:44:41','2012-07-20 20:49:03'),(8,'FNG','Flex-N-Gate','FNG',1,1,'2011-10-27 12:09:02',NULL),(9,NULL,'LBI','LBI',1,6,'2011-12-06 10:24:28',NULL),(10,NULL,'ITW','ITW',1,6,'2011-12-06 10:24:28',NULL),(11,NULL,'SRG','SRG',1,6,'2011-12-06 10:51:17',NULL),(12,NULL,'Creative Foam','Creative F',1,14,'2011-12-06 15:21:58',NULL),(13,NULL,'Termax','Termax',1,68,'2011-12-13 13:20:40',NULL),(16,NULL,'Lacks','Lacks',1,52,'2012-01-05 10:20:16',NULL),(17,NULL,'Acot','Acot',1,33,'2012-01-09 16:42:37',NULL),(18,NULL,'B&B','B&B',1,51,'2012-01-13 09:18:19',NULL),(19,NULL,'J&J Tool & Mold','J&J',1,51,'2012-01-13 09:35:01',NULL),(20,NULL,'SRG Global','SRG Global',1,51,'2012-01-13 09:35:01',NULL),(21,NULL,'Electromac','Electromac',1,46,'2012-01-16 15:06:09',NULL),(22,NULL,'G&G Tool','G&G Tool',1,46,'2012-01-16 15:11:57',NULL),(23,NULL,'R&A Engineering','R&A Eng.',1,46,'2012-01-16 15:11:57',NULL),(24,NULL,'Anderdon Tool','Anderdon',1,46,'2012-01-16 15:11:57',NULL),(25,NULL,'Integrity Tool & Mold','Integrity ',1,46,'2012-01-16 15:13:19',NULL),(26,NULL,'Select Tool','Select Too',0,46,'2012-01-16 15:17:08',NULL),(27,NULL,'A.V. Guage','A.V. Guage',1,46,'2012-01-16 15:17:08',NULL),(28,NULL,'Bosch','Bosch',1,46,'2012-01-16 15:20:16',NULL),(29,NULL,'TBD','TBD',0,46,'2012-01-17 10:14:38',NULL),(30,NULL,'NEF','NEF',1,48,'2012-01-17 15:28:03',NULL),(31,NULL,'Advanced Composites','Adv. Comp.',1,51,'2012-01-17 16:15:56',NULL),(32,NULL,'RheTech','RheTech',1,51,'2012-01-17 17:03:20',NULL),(33,NULL,'Lacks Trim Systems','Lacks Trim',0,51,'2012-01-18 08:57:10',NULL),(34,NULL,'Unique Model','Unique Mod',0,46,'2012-01-18 10:47:37',NULL),(35,NULL,'KW Plastics','KW Plastic',0,48,'2012-01-19 10:32:23',NULL),(36,NULL,'Comtrex','Comtrex',1,48,'2012-01-19 11:01:31',NULL),(37,NULL,'Tinnerman','Tinnerman',1,48,'2012-01-19 11:11:42',NULL),(38,NULL,'Washington Penn','Washington',0,48,'2012-01-19 11:26:56',NULL),(39,NULL,'Lyondellbasell','Lyondellba',0,48,'2012-01-19 12:47:39',NULL),(40,NULL,'Vintech Industries','Vintech In',0,48,'2012-01-19 13:04:12',NULL),(41,NULL,'Kong Ngai / G&G','Kong Ngai ',0,47,'2012-01-20 17:46:00',NULL),(42,NULL,'Majestic','Majestic',1,47,'2012-01-21 21:26:30',NULL),(43,NULL,'Omega','Omega',1,47,'2012-01-21 21:58:02',NULL),(44,NULL,'Tsun Ngai','Tsun Ngai',1,47,'2012-01-21 22:17:19',NULL),(45,NULL,'Fisker','Fisker',1,106,'2012-01-25 15:03:44',NULL),(46,NULL,'Multibase','Multibase',1,15,'2012-01-25 16:39:15',NULL),(47,NULL,'BASF','BASF',0,15,'2012-01-25 17:18:50',NULL),(48,NULL,'PSM International','PSM Intern',0,15,'2012-01-25 17:25:20',NULL),(49,NULL,'Aarkel Tool and Die','Aarkel Too',0,15,'2012-01-25 17:32:13',NULL),(50,NULL,'Briadco Fixture','Briadco Fi',0,15,'2012-01-25 17:55:37',NULL),(51,NULL,'Lydall','Lydall',0,48,'2012-01-26 07:57:53',NULL),(52,NULL,'Toolplas','Toolplas',1,48,'2012-01-26 14:57:54',NULL),(53,NULL,'Silver Basis','Silver Bas',0,48,'2012-01-26 15:12:47',NULL),(54,NULL,'JE Fixture','JE Fixture',0,48,'2012-01-30 09:18:40',NULL),(55,NULL,'Industrial Automation','Industrial',0,48,'2012-01-30 10:46:30',NULL),(56,NULL,'Intex','Intex',0,46,'2012-01-30 11:16:29',NULL),(57,NULL,'Vintech','Vintech',0,48,'2012-01-30 11:24:23',NULL),(58,NULL,'E-Mac','E-Mac',0,112,'2012-02-01 10:42:29',NULL),(60,NULL,'KFM','KFM',0,41,'2012-02-06 13:13:20',NULL),(61,NULL,'Magna Lighting','Magna Ligh',0,35,'2012-02-13 14:21:20',NULL),(62,NULL,'Slidematic','Slidematic',0,35,'2012-02-13 14:32:19',NULL),(63,NULL,'Empire Electronics','Empire Ele',0,35,'2012-02-13 16:06:01',NULL),(64,NULL,'Cold Heading','Cold Headi',0,35,'2012-02-13 16:19:22',NULL),(65,NULL,'Whites Bridge','Whites Bri',0,35,'2012-02-13 16:29:56',NULL),(66,NULL,'London Mechanical','London Mec',0,35,'2012-02-13 16:33:56',NULL),(67,NULL,'Ventra Ionia Paint','Ventra Ion',0,35,'2012-02-13 16:38:15',NULL),(68,NULL,'Pentier','Pentier',0,35,'2012-02-13 16:40:49',NULL),(69,NULL,'Ventra Ionia Main','Ventra Ion',0,35,'2012-02-13 17:12:46',NULL),(70,NULL,'Sabre','Sabre',0,35,'2012-02-14 08:13:07',NULL),(71,NULL,'V&T','V&T',0,35,'2012-02-14 08:16:32',NULL),(72,NULL,'Superior','Superior',0,35,'2012-02-14 08:55:25',NULL),(73,NULL,'Calsonic','Calsonic',0,60,'2012-02-20 12:51:55',NULL),(74,NULL,'Inteva','Inteva',0,60,'2012-02-20 13:04:54',NULL),(75,NULL,'IAC','IAC',0,60,'2012-02-20 13:15:51',NULL),(76,NULL,'Tri-Tech','Tri-Tech',0,55,'2012-02-20 13:59:36',NULL),(77,NULL,'Lapeer Plated Plastics','Lapeer Pla',0,41,'2012-02-20 14:01:54',NULL),(78,NULL,'KPI','KPI',0,55,'2012-02-20 15:33:34',NULL),(79,NULL,'Armada Rubber','Armada Rub',0,55,'2012-02-20 15:33:34',NULL),(80,NULL,'M-Tek','M-Tek',0,60,'2012-02-28 09:46:05',NULL),(81,NULL,'Derby Fabricating','Derby Fabr',0,33,'2012-02-29 16:16:34',NULL),(82,NULL,'GT Plastics','GT Plastic',0,156,'2012-03-01 16:36:00',NULL),(83,NULL,'Nifco','Nifco',0,156,'2012-03-01 16:36:00',NULL),(84,NULL,'Toyota Tsusho','Toyota Tsu',0,156,'2012-03-01 16:36:00',NULL),(85,NULL,'Indiana Automotive Fasteners (IAF)','Indiana Au',0,156,'2012-03-01 16:36:00',NULL),(86,NULL,'Ventra Plastics - Peterborough','Ventra Pla',0,156,'2012-03-02 10:42:32',NULL),(87,NULL,'Lakeshore Fixture & Gauge','Lakeshore ',0,156,'2012-03-30 07:49:28',NULL),(88,NULL,'Briadco','Briadco',0,4,'2012-04-23 14:52:26',NULL),(89,NULL,'Stoneridge','Stoneridge',0,15,'2012-04-25 16:34:15',NULL),(90,NULL,'ANKARA','ANKARA',0,15,'2012-04-25 16:36:41',NULL),(91,NULL,'Magna Electronics','Magna Elec',0,15,'2012-04-25 16:47:55',NULL),(92,NULL,'Styron','Styron',0,18,'2012-04-26 11:46:56',NULL),(93,NULL,'SABA','SABA',0,37,'2012-05-01 13:55:22',NULL),(94,NULL,'Lear','Lear',0,37,'2012-05-01 13:58:30',NULL),(95,NULL,'Adept Plastic Finishing','Adept Plas',0,37,'2012-05-01 14:04:17',NULL),(96,NULL,'Lupini','Lupini',0,37,'2012-05-01 14:06:07',NULL),(97,NULL,'Aludec','Aludec',0,37,'2012-05-01 14:06:59',NULL),(98,NULL,'Valeo','Valeo',0,37,'2012-05-01 14:08:11',NULL),(99,NULL,'Roechling','Roechling',0,37,'2012-05-01 14:42:51',NULL),(100,NULL,'Brose','Brose',0,37,'2012-05-01 15:07:25',NULL),(101,NULL,'Hella','Hella',0,52,'2012-05-03 08:26:53',NULL),(102,NULL,'Autoliv','Autoliv',0,52,'2012-05-03 08:27:49',NULL),(103,NULL,'Southco','Southco',0,52,'2012-05-03 09:27:25',NULL),(104,NULL,'AVDEL','AVDEL',0,12,'2012-05-07 09:42:14',NULL),(105,'MAZDA','MAZDA','MAZDA',1,1,'2012-05-08 10:49:31','2012-07-20 20:49:03'),(106,'SUBARU','SUBARU','SUBARU',1,1,'2012-05-08 10:49:31','2012-07-20 20:49:03'),(107,'MITSUBISHI','MITSUBISHI','MITSUBISHI',1,1,'2012-05-08 10:49:31','2012-07-20 20:49:03'),(108,'BMW','BMW','BMW',1,1,'2012-05-08 10:49:31','2012-07-20 20:49:03'),(109,'VW','VOLKSWAGEN','VW',1,1,'2012-05-08 10:49:31','2012-07-20 20:49:03'),(110,'ISUZU','ISUZU','ISUZU',1,1,'2012-05-08 10:49:31','2012-07-20 20:49:03'),(111,'OPEL','OPEL','OPEL',1,1,'2012-05-08 10:49:31','2012-07-20 20:49:03'),(112,'AUDI','AUDI','AUDI',1,1,'2012-05-08 10:49:31','2012-07-20 20:49:03'),(113,'VAUXHALL','VAUXHALL','VAUXHALL',1,1,'2012-05-08 10:49:31','2012-07-20 20:49:03'),(114,'DAIMLER','DAIMLER','DAIMLER',1,1,'2012-05-08 10:49:31','2012-07-20 20:49:03'),(115,'SKODA','SKODA AUTO A.S.','SKODA',1,1,'2012-05-08 10:49:31','2012-07-20 20:49:03'),(116,'RENAULT','RENAULT','RENAULT',1,1,'2012-05-08 10:49:31','2012-07-20 20:49:03'),(117,'FIAT','FIAT','FIAT',1,1,'2012-05-08 10:49:31','2012-07-20 20:49:03'),(118,NULL,'Arkema','Arkema',0,276,'2012-05-31 15:16:35',NULL),(119,NULL,'Evonik','Evonik',0,38,'2012-06-15 10:59:10',NULL),(120,NULL,'ATF','ATF',0,38,'2012-06-15 11:03:35',NULL),(121,NULL,'3M','3M',0,38,'2012-06-15 11:05:32',NULL),(122,NULL,'Novita Technologies','Novita Tec',0,38,'2012-06-15 11:09:03',NULL),(123,NULL,'WL Gore','WL Gore',0,38,'2012-06-15 11:15:21',NULL),(124,'INTL TRUCK','INTERNATIONAL TRUCK & ENGINE','INTL TRUCK',1,NULL,NULL,'2012-07-20 20:49:03'),(125,'FRTLINER','FREIGHTLINER/DAIMLER TRUCK','FRTLINER',1,NULL,NULL,'2012-07-20 20:49:03'),(126,'OSHKOSH','OSHKOSH','OSHKOSH',1,NULL,NULL,'2012-07-20 20:49:03'),(128,'SEAT','SEAT SA','SEAT',1,NULL,NULL,'2012-07-20 20:49:03'),(129,'DMLRCHRY','DAIMLER CHRYSLER','DMLRCHRY',1,NULL,NULL,'2012-07-20 20:49:03'),(130,'FISKER','FISKER AUTOMOTIVE','FISKER',1,NULL,NULL,'2012-07-20 20:49:03'),(131,NULL,'Emhart','Emhart',0,68,'2012-06-22 13:40:21',NULL),(132,NULL,'CNI','CNI',0,68,'2012-06-22 13:51:27',NULL),(133,NULL,'Spec Comp Sales','Spec Comp ',0,68,'2012-06-22 13:52:48',NULL),(134,NULL,'Automatic Spring Products Corp.','Automatic ',0,68,'2012-06-25 09:22:33',NULL),(135,NULL,'Lapeer Plastics & Plating','Lapeer Pla',0,41,'2012-07-02 16:06:59',NULL),(136,NULL,'Visteon','Visteon',0,41,'2012-07-02 16:15:11',NULL),(137,NULL,'OSLA','OSLA',0,41,'2012-07-02 16:21:55',NULL),(138,NULL,'Myotek','Myotek',0,41,'2012-07-02 16:23:17',NULL),(139,NULL,'Delphi','Delphi',0,41,'2012-07-02 16:25:41',NULL),(140,NULL,'Samshin','Samshin',0,41,'2012-07-02 16:35:07',NULL),(141,NULL,'Bowles Fluidics','Bowles Flu',0,41,'2012-07-05 11:40:07',NULL),(142,NULL,'Douglas Plastics','Douglas Pl',0,41,'2012-07-05 11:48:56',NULL),(143,NULL,'Sharp','Sharp',0,41,'2012-07-06 14:43:41',NULL),(144,NULL,'Tajco','Tajco',0,41,'2012-07-06 14:58:51',NULL),(145,NULL,'Mayotek','Mayotek',0,41,'2012-07-06 15:01:56',NULL),(146,NULL,'BRC Rubber & Plastics','BRC Rubber',0,53,'2012-07-13 16:58:32',NULL),(147,NULL,'Creative Lighting Systems','Creative L',0,15,'2012-07-19 09:07:04',NULL);
/*!40000 ALTER TABLE `tblorganization` ENABLE KEYS */;
UNLOCK TABLES;

--
-- Table structure for table `tblpermission`
--

DROP TABLE IF EXISTS `tblpermission`;
/*!40101 SET @saved_cs_client     = @@character_set_client */;
/*!40101 SET character_set_client = utf8 */;
CREATE TABLE `tblpermission` (
  `intPermissionID` int(10) unsigned NOT NULL AUTO_INCREMENT,
  `intSecurityItemID` int(10) unsigned DEFAULT NULL,
  `intOperationID` int(10) unsigned DEFAULT NULL,
  `txtDescription` text,
  PRIMARY KEY (`intPermissionID`),
  UNIQUE KEY `idxSecurityItemOperationID` (`intSecurityItemID`,`intOperationID`),
  KEY `fkcPermission2` (`intOperationID`),
  CONSTRAINT `fkcPermission1` FOREIGN KEY (`intSecurityItemID`) REFERENCES `tblsecurityitem` (`intSecurityItemID`) ON DELETE CASCADE ON UPDATE CASCADE,
  CONSTRAINT `fkcPermission2` FOREIGN KEY (`intOperationID`) REFERENCES `tbloperation` (`intOperationID`) ON DELETE CASCADE ON UPDATE CASCADE
) ENGINE=InnoDB AUTO_INCREMENT=506 DEFAULT CHARSET=latin1;
/*!40101 SET character_set_client = @saved_cs_client */;

--
-- Dumping data for table `tblpermission`
--

LOCK TABLES `tblpermission` WRITE;
/*!40000 ALTER TABLE `tblpermission` DISABLE KEYS */;
INSERT INTO `tblpermission` VALUES (4,2,1,'- View Documents\r\n- Create, Edit and Delete Document security handled separately'),(5,3,1,'- View Milestone Management Page\r\n- View Gate Review Page'),(6,4,1,'- View Issue Management Page\r\n- View Issue Detail Page'),(8,6,1,'- View Users (in help)'),(9,7,1,'- View Roles (in Help)'),(12,10,1,'- View Tool Management Page\r\n- View Tool Detail Page'),(13,1,1,'- View Program Dashboard\r\n- View Program Detail Page'),(23,1,2,'- Applies to all programs the user is a member of.\r\n- Edit Program Header Info\r\n- Edit BOM\r\n- Edit Tools\r\n- Edit Processes\r\n- Edit Milestone Dates\r\n- Edit Membership'),(37,4,2,'- Create and Edit any Issue'),(57,1,4,'- Submit Program for NJSN Approval'),(91,11,1,'- View Notifications (in the PLM, module not complete)'),(95,1,5,'- Override Program Approval'),(98,3,5,'- Override Milestone Approval'),(108,12,1,'- View Part Detail Page'),(109,13,2,'- Create and Edit Engineering Changes'),(127,13,1,'- View Engineering Changes'),(168,13,4,'- Submit Engineering Changes for Approval'),(169,13,5,'- Override Engineering Change Approval'),(205,6,2,'- Edit User Customer / Program Types in User Page'),(266,15,1,'- View Container Management Page\r\n- View Container Detail Page'),(292,15,2,'- Create and Edit Containers'),(300,3,7,'- Manage Milestone Template'),(311,11,7,'- Manage Notification Subscriptions'),(326,2,7,'- Manage Document Template\r\n- Manage Document Security'),(362,6,7,'- Manage Users'),(393,7,7,'- Manage Roles'),(395,8,7,'- Manage Permissions'),(397,9,7,'- Manage Security Items (developer only)'),(471,16,1,'- View Piece Price\r\n- View Tooling Budget\r\n'),(473,16,2,'- Edit Piece Price\r\n- Manage Tool Budget'),(474,8,1,'- View Permission Page'),(475,17,1,'- View Capacity Planning Program (MS Access)'),(476,3,4,'- Submit Gate for Approval'),(477,18,1,'- View Customer List'),(478,19,1,'- View Ship To Locations\r\n- Consolidate Facilities'),(479,20,1,'- View Platform List'),(480,4,3,'- Create and Edit Issues the user created only'),(481,1,7,'- Delete Program'),(482,21,7,'- Manually run cronjobs'),(483,10,10,'- Edit Tool Supplier, Engineer and Lead Times (via Tool Management)'),(484,22,1,'- Can view Purchase Orders'),(485,22,2,'- Can Create Purchase Orders'),(486,10,2,'- Upload Tool and Tool Tag Photos (on Tool Detail Page)'),(487,23,1,'- View FNG Plants'),(490,19,7,'- Consolidate Ship Tos'),(491,23,7,'- Consolidate Plants'),(492,24,1,'- View Operational Change Management'),(493,24,2,'- Add/Edit Operational Change Management'),(494,25,2,'- Log Hours in Time Tracking'),(495,25,7,'- View Time Tracking Reports'),(496,26,1,'- View Press Management'),(497,17,2,''),(498,26,2,'- Edit Press Info'),(499,20,2,''),(500,23,2,''),(501,27,7,'- Manage Workflow (States, Transitions, Role Requirements, etc.)'),(502,28,1,''),(503,28,2,''),(504,29,1,NULL),(505,29,2,NULL);
/*!40000 ALTER TABLE `tblpermission` ENABLE KEYS */;
UNLOCK TABLES;

--
-- Table structure for table `tblplatform`
--

DROP TABLE IF EXISTS `tblplatform`;
/*!40101 SET @saved_cs_client     = @@character_set_client */;
/*!40101 SET character_set_client = utf8 */;
CREATE TABLE `tblplatform` (
  `intPlatformID` int(10) unsigned NOT NULL AUTO_INCREMENT,
  `intCustomerID` int(10) unsigned DEFAULT NULL,
  `strPlatform` varchar(20) DEFAULT NULL,
  `strVehicleLine` varchar(30) DEFAULT NULL,
  `strStatus` enum('Current Model','Future Model','Past Model','Aftermarket') DEFAULT NULL,
  `dtmSOP` date DEFAULT NULL,
  `dtmEOP` date DEFAULT NULL,
  `blnAdminApproved` tinyint(3) unsigned NOT NULL DEFAULT '0',
  `intCreatedUserID` int(10) unsigned DEFAULT NULL,
  `dtmCreatedOn` datetime DEFAULT NULL,
  PRIMARY KEY (`intPlatformID`),
  KEY `fkcPlatform1` (`intCreatedUserID`),
  KEY `fkcPlatform2` (`intCustomerID`),
  CONSTRAINT `fkcPlatform1` FOREIGN KEY (`intCreatedUserID`) REFERENCES `tbluser` (`intUserID`) ON UPDATE CASCADE,
  CONSTRAINT `fkcPlatform2` FOREIGN KEY (`intCustomerID`) REFERENCES `tblcustomer` (`intCustomerID`) ON DELETE CASCADE ON UPDATE CASCADE
) ENGINE=InnoDB AUTO_INCREMENT=188 DEFAULT CHARSET=latin1;
/*!40101 SET character_set_client = @saved_cs_client */;

--
-- Dumping data for table `tblplatform`
--

LOCK TABLES `tblplatform` WRITE;
/*!40000 ALTER TABLE `tblplatform` DISABLE KEYS */;
INSERT INTO `tblplatform` VALUES (2,2,'D472','MKT\r\n','Current Model','0000-00-00','0000-00-00',1,1,'2012-08-08 09:34:30'),(11,2,'P552','F-150','Current Model',NULL,NULL,1,1,'2011-11-14 12:12:14'),(12,2,'B299','Fiesta','Current Model',NULL,NULL,1,1,'2011-11-14 12:12:14'),(13,2,'CD539','','Current Model',NULL,NULL,1,1,'2011-11-14 12:12:14'),(14,3,'KL','Jeep Liberty\r\n','Current Model','0000-00-00','2018-06-01',1,1,'2012-08-08 09:34:30'),(15,2,'B562',NULL,'Current Model',NULL,NULL,1,6,'2011-12-07 10:36:34'),(16,1,'K2XG',NULL,'Current Model',NULL,NULL,0,52,'2011-12-07 16:17:47'),(17,1,'GSV 4NB',NULL,'Current Model',NULL,NULL,0,33,'2011-12-09 16:09:57'),(18,1,'K2XL',NULL,'Current Model',NULL,NULL,0,52,'2011-12-12 08:33:22'),(19,1,'K2UX',NULL,'Current Model',NULL,NULL,0,68,'2011-12-13 12:00:46'),(20,5,'480A','Tundra','Current Model',NULL,NULL,0,1,'2011-12-15 17:07:17'),(21,1,'GMX521 HP ','Chevrolet Camaro','Current Model',NULL,NULL,0,41,'2011-12-19 11:23:10'),(22,1,'K2XC',NULL,'Current Model',NULL,NULL,0,51,'2011-12-19 14:39:34'),(24,1,'GMX521 MCE','Chevrolet Camaro','Current Model',NULL,NULL,0,41,'2012-01-12 12:14:02'),(25,2,'CD391',NULL,'Current Model',NULL,NULL,0,48,'2012-01-12 15:48:22'),(26,2,'C489',NULL,'Current Model',NULL,NULL,0,6,'2012-01-13 15:03:55'),(27,1,'K2XX','Sierra/Silverado\r\n','Current Model','0000-00-00','2019-08-01',0,1,'2012-08-08 09:34:30'),(28,1,'D2UX',NULL,'Current Model',NULL,NULL,1,93,'2012-01-17 10:05:24'),(29,3,'MK-49',NULL,'Current Model',NULL,NULL,1,100,'2012-01-17 16:19:13'),(30,2,'CD533','','Current Model',NULL,NULL,1,1,'2012-01-25 11:30:02'),(31,2,'U540',NULL,'Current Model',NULL,NULL,0,29,'2012-01-25 14:35:02'),(32,8,'N1',NULL,'Current Model',NULL,NULL,0,106,'2012-01-25 15:03:44'),(33,4,'L12J',NULL,'Current Model',NULL,NULL,0,2,'2012-02-07 14:23:02'),(34,5,'130A','Test 324','Past Model',NULL,'2012-08-10',0,2,'2012-02-10 15:03:27'),(35,3,'DS','Ram 1500\r\n','Current Model','0000-00-00','2015-12-01',0,1,'2012-08-08 09:34:30'),(36,9,'X12G',NULL,'Current Model',NULL,NULL,0,60,'2012-02-20 12:51:55'),(39,1,'Lambda',NULL,'Current Model',NULL,NULL,0,60,'2012-02-20 13:09:04'),(40,11,'PF','Dodge Dart','Current Model',NULL,NULL,0,60,'2012-02-20 13:15:51'),(41,10,'GMT968-561',NULL,'Current Model',NULL,NULL,0,55,'2012-02-20 13:23:59'),(42,5,'150A','','Current Model',NULL,NULL,0,156,'2012-02-21 13:50:14'),(43,12,'P32R',NULL,'Current Model',NULL,NULL,0,60,'2012-02-28 09:46:05'),(44,3,'KL AND UF',NULL,'Current Model',NULL,NULL,0,129,'2012-02-28 11:40:16'),(45,5,'420A',NULL,'Current Model',NULL,NULL,0,156,'2012-03-01 15:59:24'),(46,4,'P42JK HEV',NULL,'Current Model',NULL,NULL,0,43,'2012-03-12 14:10:44'),(47,2,'S550','Mustang2','Current Model',NULL,NULL,0,16,'2012-03-14 08:25:27'),(48,2,'U22x',NULL,'Current Model',NULL,NULL,0,26,'2012-03-30 15:07:13'),(49,2,'CD391-AAI',NULL,'Current Model',NULL,NULL,0,15,'2012-04-13 14:27:47'),(50,2,'B515',NULL,'Current Model',NULL,NULL,0,6,'2012-04-18 12:44:02'),(51,2,'V362',NULL,'Current Model',NULL,NULL,0,302,'2012-04-30 07:30:34'),(52,2,'C346 ST',NULL,'Current Model',NULL,NULL,0,37,'2012-05-01 13:30:44'),(53,2,'C344N',NULL,'Current Model',NULL,NULL,0,37,'2012-05-01 14:17:43'),(54,3,'WK','Grand Cherokee\r\n','Current Model','0000-00-00','2016-12-01',0,1,'2012-08-08 09:34:30'),(55,2,'V363',NULL,'Current Model',NULL,NULL,0,78,'2012-05-23 14:15:04'),(56,2,'U222','Expedition/Navigator\r\n','Past Model','0000-00-00','2011-12-01',0,1,'2012-08-08 09:34:30'),(57,2,'U502',NULL,'Current Model',NULL,NULL,0,16,'2012-06-06 08:22:59'),(58,2,'U228',NULL,'Current Model',NULL,NULL,0,26,'2012-06-06 08:34:04'),(59,2,'D544',NULL,'Current Model',NULL,NULL,0,299,'2012-06-21 13:54:58'),(60,2,'D568',NULL,'Current Model',NULL,NULL,0,299,'2012-06-21 14:49:52'),(61,3,'UT',NULL,'Current Model',NULL,NULL,0,101,'2012-06-26 16:02:21'),(62,14,'EW8',NULL,'Current Model',NULL,NULL,0,82,'2012-07-13 14:32:30'),(63,3,'JK72','Wrangler\r\n','Current Model','0000-00-00','2016-12-01',0,1,'2012-08-08 09:34:30'),(64,3,'JS27','Sebring Convertible\r\n','Current Model','0000-00-00','2012-12-01',0,1,'2012-08-08 09:34:30'),(65,3,'JS41C','Sebring\r\n','Current Model','0000-00-00','2012-12-01',0,1,'2012-08-08 09:34:30'),(66,3,'JS41D','Avenger\r\n','Current Model','0000-00-00','2012-12-01',0,1,'2012-08-08 09:34:30'),(67,3,'KA','Nitro\r\n','Current Model','0000-00-00','2012-09-01',0,1,'2012-08-08 09:34:30'),(68,3,'KK','Liberty\r\n','Past Model','0000-00-00','2011-12-01',0,1,'2012-08-08 09:34:30'),(69,3,'LC22','Challenger\r\n','Current Model','0000-00-00','2016-11-01',0,1,'2012-08-08 09:34:30'),(70,3,'LX48C','300\r\n','Current Model','0000-00-00','2016-12-01',0,1,'2012-08-08 09:34:30'),(71,3,'LX48D','Charger\r\n','Current Model','0000-00-00','2016-12-01',0,1,'2012-08-08 09:34:30'),(72,3,'ND','Dakota\r\n','Past Model','0000-00-00','2011-07-01',0,1,'2012-08-08 09:34:30'),(73,3,'PM49','Caliber\r\n','Past Model','0000-00-00','2012-06-01',0,1,'2012-08-08 09:34:30'),(74,3,'RT','Caravan / Town & Country\r\n','Current Model','0000-00-00','2014-12-01',0,1,'2012-08-08 09:34:30'),(75,3,'XK','Commander\r\n','Past Model','0000-00-00','2010-10-01',0,1,'2012-08-08 09:34:30'),(76,3,'WD','Grand Cherokee\r\n','Current Model','0000-00-00','2016-12-01',0,1,'2012-08-08 09:34:30'),(77,32,'NINA','Nina Hybrid Electric\r\n','Current Model','0000-00-00','2017-02-01',0,1,'2012-08-08 09:34:30'),(78,2,'Adrenaline RB','\r\n','Current Model','0000-00-00','0000-00-00',0,1,'2012-08-08 09:34:30'),(79,2,'C170(2)','Focus\r\n','Past Model','0000-00-00','2010-10-01',0,1,'2012-08-08 09:34:30'),(80,2,'D219','Taurus X\r\n','Past Model','0000-00-00','2009-09-01',0,1,'2012-08-08 09:34:30'),(81,2,'D258','Taurus\r\n','Past Model','0000-00-00','2009-09-01',0,1,'2012-08-08 09:34:30'),(82,2,'D333','Sable\r\n','Past Model','0000-00-00','2009-09-01',0,1,'2012-08-08 09:34:30'),(83,2,'D385','MKS\r\n','Current Model','0000-00-00','0000-00-00',0,1,'2012-08-08 09:34:30'),(84,2,'D471','Flex\r\n','Current Model','0000-00-00','0000-00-00',0,1,'2012-08-08 09:34:30'),(85,2,'EN53-114','Crown Victoria/Grand Marquis\r\n','Past Model','0000-00-00','2011-11-01',0,1,'2012-08-08 09:34:30'),(86,2,'F53','Motor Home\r\n','Current Model','0000-00-00','2013-12-01',0,1,'2012-08-08 09:34:30'),(87,2,'FN145','Town Car\r\n','Past Model','0000-00-00','2011-11-01',0,1,'2012-08-08 09:34:30'),(88,2,'J61','6\r\n','Current Model','0000-00-00','0000-00-00',0,1,'2012-08-08 09:34:30'),(89,2,'P150','Ranger\r\n','Past Model','0000-00-00','2011-12-01',0,1,'2012-08-08 09:34:30'),(90,2,'P221','F-150\r\n','Current Model','0000-00-00','2014-08-01',0,1,'2012-08-08 09:34:30'),(91,2,'P356','F-250/350 Super Duty\r\n','Current Model','0000-00-00','2013-12-01',0,1,'2012-08-08 09:34:30'),(92,2,'P415','F-150 SuperCrew\r\n','Current Model','0000-00-00','2013-12-01',0,1,'2012-08-08 09:34:30'),(93,2,'PN105-150','Ranger\r\n','Past Model','0000-00-00','2011-11-01',0,1,'2012-08-08 09:34:30'),(94,2,'PN106-151','Mazda B-Series\r\n','Past Model','0000-00-00','2011-11-01',0,1,'2012-08-08 09:34:30'),(95,2,'PN96','F-Series\r\n','Past Model','0000-00-00','2011-12-01',0,1,'2012-08-08 09:34:30'),(96,2,'S197','Mustang\r\n','Past Model','0000-00-00','2011-11-01',0,1,'2012-08-08 09:34:30'),(97,2,'U222(2)','Expedition/Navigator\r\n','Current Model','0000-00-00','0000-00-00',0,1,'2012-08-08 09:34:30'),(98,2,'U251','Explorer\r\n','Past Model','0000-00-00','2010-10-01',0,1,'2012-08-08 09:34:30'),(99,2,'U354','Expedition EL\r\n','Past Model','0000-00-00','2011-11-01',0,1,'2012-08-08 09:34:30'),(100,2,'U377','Escape\r\n','Past Model','0000-00-00','2012-05-01',0,1,'2012-08-08 09:34:30'),(101,2,'U387','Edge\r\n','Current Model','0000-00-00','0000-00-00',0,1,'2012-08-08 09:34:30'),(102,2,'U388','MKX\r\n','Current Model','0000-00-00','0000-00-00',0,1,'2012-08-08 09:34:30'),(103,2,'VN127','E-Series\r\n','Current Model','0000-00-00','2013-12-01',0,1,'2012-08-08 09:34:30'),(104,2,'VN127SER','E-Series\r\n','Current Model','0000-00-00','2012-09-01',0,1,'2012-08-08 09:34:30'),(105,1,'GMT172','Equinox\r\n','Current Model','0000-00-00','2014-12-01',0,1,'2012-08-08 09:34:30'),(106,1,'GMT177','Terrain\r\n','Current Model','0000-00-00','2014-12-01',0,1,'2012-08-08 09:34:30'),(107,1,'GMT192','Torrent\r\n','Past Model','0000-00-00','2009-09-01',0,1,'2012-08-08 09:34:30'),(108,1,'GMT360','Rainier\r\n','Past Model','0000-00-00','2009-09-01',0,1,'2012-08-08 09:34:30'),(109,1,'GMT560','\r\n','Current Model','0000-00-00','2012-12-01',0,1,'2012-08-08 09:34:30'),(110,1,'GMT561','Traverse\r\n','Current Model','0000-00-00','2015-06-01',0,1,'2012-08-08 09:34:30'),(111,1,'GMT610','GT\r\n','Current Model','0000-00-00','0000-00-00',0,1,'2012-08-08 09:34:30'),(112,1,'GMT902','Sierra\r\n','Current Model','0000-00-00','2012-12-01',0,1,'2012-08-08 09:34:30'),(113,1,'GMT912','Sierra HD\r\n','Current Model','0000-00-00','0000-00-00',0,1,'2012-08-08 09:34:30'),(114,1,'GMT901','Silverado\r\n','Current Model','0000-00-00','2012-12-01',0,1,'2012-08-08 09:34:30'),(115,1,'GMT911','Silverado HD\r\n','Current Model','0000-00-00','0000-00-00',0,1,'2012-08-08 09:34:30'),(116,1,'GMT921','Tahoe\r\n','Current Model','0000-00-00','0000-00-00',0,1,'2012-08-08 09:34:30'),(117,1,'GMT922','Yukon\r\n','Current Model','0000-00-00','0000-00-00',0,1,'2012-08-08 09:34:30'),(118,1,'GMT926','Escalade\r\n','Current Model','0000-00-00','0000-00-00',0,1,'2012-08-08 09:34:30'),(119,1,'GMT931','Suburban\r\n','Current Model','0000-00-00','0000-00-00',0,1,'2012-08-08 09:34:30'),(120,1,'GMT932','Yukon XL\r\n','Current Model','0000-00-00','0000-00-00',0,1,'2012-08-08 09:34:30'),(121,1,'GMT936','Escalade ESV\r\n','Past Model','0000-00-00','2011-11-01',0,1,'2012-08-08 09:34:30'),(122,1,'GMX222','Lucerne\r\n','Past Model','0000-00-00','2010-10-01',0,1,'2012-08-08 09:34:30'),(123,1,'GMX245','Corvette\r\n','Current Model','0000-00-00','0000-00-00',0,1,'2012-08-08 09:34:30'),(124,1,'GMX272','DTS\r\n','Past Model','0000-00-00','2010-10-01',0,1,'2012-08-08 09:34:30'),(125,1,'GMX365/7','LaCrosse/Allure/Grand Prix\r\n','Current Model','0000-00-00','0000-00-00',0,1,'2012-08-08 09:34:30'),(126,1,'GMX381','G6\r\n','Past Model','0000-00-00','2009-09-01',0,1,'2012-08-08 09:34:30'),(127,1,'H2','Hummer H2\r\n','Past Model','0000-00-00','2010-10-01',0,1,'2012-08-08 09:34:30'),(128,1,'GMT800','GMT800 Service\r\n','Current Model','0000-00-00','2015-01-01',0,1,'2012-08-08 09:34:30'),(129,1,'GMX351','Malibu\r\n','Current Model','0000-00-00','2017-01-01',0,1,'2012-08-08 09:34:30'),(130,7,'ZQ','RDX\r\n','Past Model','0000-00-00','2011-11-01',0,1,'2012-08-08 09:34:30'),(131,7,'QP','Accord\r\n','Current Model','0000-00-00','2012-12-01',0,1,'2012-08-08 09:34:30'),(132,7,'2AX','Mid-Size Sport Wagon\r\n','Current Model','0000-00-00','0000-00-00',0,1,'2012-08-08 09:34:30'),(133,7,'2FC','TL\r\n','Current Model','0000-00-00','2013-06-01',0,1,'2012-08-08 09:34:30'),(134,7,'HB','Element\r\n','Past Model','0000-00-00','2011-04-01',0,1,'2012-08-08 09:34:30'),(135,7,'JZ','MDX\r\n','Current Model','0000-00-00','2012-12-01',0,1,'2012-08-08 09:34:30'),(136,7,'UH','Civic\r\n','Past Model','0000-00-00','2011-11-01',0,1,'2012-08-08 09:34:30'),(137,7,'VU','Ridgeline\r\n','Current Model','0000-00-00','2012-12-01',0,1,'2012-08-08 09:34:30'),(138,7,'WZX','Pilot\r\n','Current Model','0000-00-00','0000-00-00',0,1,'2012-08-08 09:34:30'),(139,7,'UM','Odyssey\r\n','Current Model','0000-00-00','0000-00-00',0,1,'2012-08-08 09:34:30'),(140,7,'TP6','Accord Crossover\r\n','Current Model','0000-00-00','2014-12-01',0,1,'2012-08-08 09:34:30'),(141,7,'TP7','Accord Crossover\r\n','Current Model','0000-00-00','2014-12-01',0,1,'2012-08-08 09:34:30'),(142,15,'W164','ML-Class\r\n','Past Model','0000-00-00','2011-06-01',0,1,'2012-08-08 09:34:30'),(143,15,'X164','GL-Class\r\n','Past Model','0000-00-00','2012-06-01',0,1,'2012-08-08 09:34:30'),(144,15,'US164','ML-Class/GL-Class\r\n','Past Model','0000-00-00','2011-11-01',0,1,'2012-08-08 09:34:30'),(145,15,'ECE164','ML-Class/GL-Class\r\n','Past Model','0000-00-00','2011-11-01',0,1,'2012-08-08 09:34:30'),(146,15,'US251','R-Class\r\n','Past Model','0000-00-00','2010-10-01',0,1,'2012-08-08 09:34:30'),(147,15,'ECE251','R-Class\r\n','Past Model','0000-00-00','2011-03-01',0,1,'2012-08-08 09:34:30'),(148,15,'ERT','ML-Class/GL-Class\r\n','Past Model','0000-00-00','2010-11-01',0,1,'2012-08-08 09:34:30'),(149,4,'D42A','Altima Coupe\r\n','Past Model','0000-00-00','2010-12-01',0,1,'2012-08-08 09:34:30'),(150,4,'IWZW','QX56\r\n','Past Model','0000-00-00','2009-09-01',0,1,'2012-08-08 09:34:30'),(151,4,'L42C','Maxima\r\n','Current Model','0000-00-00','0000-00-00',0,1,'2012-08-08 09:34:30'),(152,4,'QW','Frontier\r\n','Past Model','0000-00-00','2010-12-01',0,1,'2012-08-08 09:34:30'),(153,4,'WQW','\r\n','Current Model','0000-00-00','0000-00-00',0,1,'2012-08-08 09:34:30'),(154,4,'WZW','Armada\r\n','Past Model','0000-00-00','2011-11-01',0,1,'2012-08-08 09:34:30'),(155,4,'ZW','Titan\r\n','Past Model','0000-00-00','2011-07-01',0,1,'2012-08-08 09:34:30'),(156,4,'X61F','\r\n','Current Model','0000-00-00','0000-00-00',0,1,'2012-08-08 09:34:30'),(157,4,'X42A','\r\n','Current Model','0000-00-00','2014-01-01',0,1,'2012-08-08 09:34:30'),(158,4,'P42J','Pathfinder\r\n','Current Model','0000-00-00','0000-00-00',0,1,'2012-08-08 09:34:30'),(159,4,'P42K','Pathfinder\r\n','Current Model','0000-00-00','0000-00-00',0,1,'2012-08-08 09:34:30'),(160,4,'P42K RHD','\r\n','Current Model','0000-00-00','0000-00-00',0,1,'2012-08-08 09:34:30'),(161,4,'P42J HEV','\r\n','Current Model','0000-00-00','0000-00-00',0,1,'2012-08-08 09:34:30'),(162,4,'P42K HEV','\r\n','Current Model','0000-00-00','0000-00-00',0,1,'2012-08-08 09:34:30'),(163,4,'P42K HEV RHD','\r\n','Current Model','0000-00-00','0000-00-00',0,1,'2012-08-08 09:34:30'),(164,4,'L42L','Altima\r\n','Current Model','0000-00-00','2017-01-01',0,1,'2012-08-08 09:34:30'),(165,5,'180L','Tundra','Future Model','2012-08-07','2012-08-31',0,1,'2012-08-08 09:34:30'),(166,5,'397L','Highlander\r\n','Current Model','0000-00-00','2013-06-01',0,1,'2012-08-08 09:34:30'),(167,5,'635N','Tacoma\r\n','Current Model','0000-00-00','2012-12-01',0,1,'2012-08-08 09:34:30'),(168,17,'411','VW Jetta\r\n','Current Model','0000-00-00','2017-02-01',0,1,'2012-08-08 09:34:30'),(169,3,'DJ','\r\n','Current Model','0000-00-00','0000-00-00',0,1,'2012-08-08 09:34:30'),(170,3,'DR','\r\n','Current Model','0000-00-00','0000-00-00',0,1,'2012-08-08 09:34:30'),(171,2,'CD338','\r\n','Current Model','0000-00-00','0000-00-00',0,1,'2012-08-08 09:34:30'),(172,2,'CD4','\r\n','Current Model','0000-00-00','0000-00-00',0,1,'2012-08-08 09:34:30'),(173,2,'P473','\r\n','Current Model','0000-00-00','0000-00-00',0,1,'2012-08-08 09:34:30'),(174,4,'B02A','\r\n','Current Model','0000-00-00','0000-00-00',0,1,'2012-08-08 09:34:30'),(175,4,'D22','\r\n','Current Model','0000-00-00','0000-00-00',0,1,'2012-08-08 09:34:30'),(176,4,'L02B','\r\n','Current Model','0000-00-00','0000-00-00',0,1,'2012-08-08 09:34:30'),(177,4,'L12F','\r\n','Current Model','0000-00-00','0000-00-00',0,1,'2012-08-08 09:34:30'),(178,4,'L32H','\r\n','Current Model','0000-00-00','0000-00-00',0,1,'2012-08-08 09:34:30'),(179,4,'X11','\r\n','Current Model','0000-00-00','0000-00-00',0,1,'2012-08-08 09:34:30'),(180,3,'Test1','Test Nameplate','Current Model',NULL,NULL,0,NULL,NULL),(181,3,'Test2','Asdf2','Current Model',NULL,NULL,0,NULL,NULL),(182,3,'Test3','Tedst3','Current Model',NULL,NULL,0,NULL,NULL),(183,2,'Test4','sdfsdsdds4','Current Model',NULL,NULL,0,NULL,NULL),(184,22,'Test5','fdsfads5','Current Model',NULL,NULL,0,NULL,NULL),(185,7,'Test6','test 6','Current Model',NULL,NULL,0,NULL,NULL),(186,25,'500','Fiat 500\r\n',NULL,NULL,'0000-00-00',0,1,'2012-08-16 13:47:28'),(187,20,'Asdf',NULL,NULL,NULL,NULL,0,1,'2012-08-24 15:50:55');
/*!40000 ALTER TABLE `tblplatform` ENABLE KEYS */;
UNLOCK TABLES;

--
-- Table structure for table `tblprocessproduct`
--

DROP TABLE IF EXISTS `tblprocessproduct`;
/*!40101 SET @saved_cs_client     = @@character_set_client */;
/*!40101 SET character_set_client = utf8 */;
CREATE TABLE `tblprocessproduct` (
  `intProcessProductID` int(10) unsigned NOT NULL AUTO_INCREMENT,
  `intProcessID` int(10) unsigned DEFAULT NULL,
  `intProductID` int(10) unsigned DEFAULT NULL,
  PRIMARY KEY (`intProcessProductID`),
  KEY `fkcProcessProduct1` (`intProcessID`),
  KEY `fkcProcessProduct2` (`intProductID`),
  CONSTRAINT `fkcProcessProduct1` FOREIGN KEY (`intProcessID`) REFERENCES `tblprocess` (`intProcessID`) ON DELETE CASCADE ON UPDATE CASCADE,
  CONSTRAINT `fkcProcessProduct2` FOREIGN KEY (`intProductID`) REFERENCES `tblproduct` (`intProgramID`) ON DELETE CASCADE ON UPDATE CASCADE
) ENGINE=InnoDB AUTO_INCREMENT=124 DEFAULT CHARSET=latin1;
/*!40101 SET character_set_client = @saved_cs_client */;

--
-- Dumping data for table `tblprocessproduct`
--

LOCK TABLES `tblprocessproduct` WRITE;
/*!40000 ALTER TABLE `tblprocessproduct` DISABLE KEYS */;
INSERT INTO `tblprocessproduct` VALUES (1,1,593),(2,2,1192),(3,3,1192),(4,4,226),(5,5,226),(6,6,226),(7,7,226),(8,8,226),(9,9,226),(10,10,226),(11,11,226),(12,12,226),(14,14,628),(15,15,628),(16,16,628),(17,17,628),(18,18,628),(19,19,628),(20,20,628),(21,21,628),(22,22,628),(23,23,628),(24,24,628),(25,25,1089),(26,26,471),(27,27,761),(28,28,763),(29,29,764),(30,29,766),(31,30,1696),(32,31,1457),(36,32,1466),(37,33,1467),(38,34,1468),(39,35,1457),(41,37,1455),(42,36,1456),(43,38,1427),(44,38,1431),(45,39,1427),(46,39,1426),(47,40,1770),(48,40,1771),(49,40,1769),(50,41,1770),(51,41,1771),(52,41,1769),(53,42,1777),(54,42,1778),(55,43,1778),(56,43,1777),(57,44,1780),(58,44,1779),(59,45,1780),(60,45,1779),(61,46,1782),(62,46,1777),(63,47,1782),(64,47,1781),(65,48,1004),(66,48,999),(67,49,1004),(69,50,1003),(70,51,1003),(71,52,598),(74,49,598),(75,51,600),(76,54,198),(77,54,197),(78,55,202),(79,55,201),(80,56,204),(81,56,203),(82,57,205),(83,58,894),(84,59,896),(86,60,897),(87,61,202),(88,61,201),(89,61,205),(90,62,204),(91,62,203),(92,62,205),(93,63,978),(94,64,975),(96,65,974),(97,65,976),(98,66,976),(99,67,975),(100,67,974),(101,67,988),(102,65,988),(103,68,797),(104,69,836),(105,70,803),(106,71,803),(107,72,983),(108,72,982),(109,73,984),(110,73,985),(111,74,982),(112,74,984),(113,74,983),(114,74,985),(115,75,2020),(116,76,2020),(117,77,714),(118,77,711),(119,78,900),(120,79,825),(121,79,921),(122,80,1837),(123,80,1836);
/*!40000 ALTER TABLE `tblprocessproduct` ENABLE KEYS */;
UNLOCK TABLES;

--
-- Table structure for table `tblproduct`
--

DROP TABLE IF EXISTS `tblproduct`;
/*!40101 SET @saved_cs_client     = @@character_set_client */;
/*!40101 SET character_set_client = utf8 */;
CREATE TABLE `tblproduct` (
  `intProgramID` int(10) unsigned NOT NULL AUTO_INCREMENT,
  `intProgramCommonID` int(10) unsigned DEFAULT NULL,
  `strProgramNumber` varchar(45) DEFAULT NULL,
  `strProgramName` varchar(100) DEFAULT NULL,
  `intProductTypeID` tinyint(3) unsigned DEFAULT NULL,
  `intUserID` int(10) unsigned DEFAULT NULL,
  `strPiecePricePONumber` varchar(30) DEFAULT NULL,
  `strPiecePricePOURL` varchar(300) DEFAULT NULL,
  `strToolingContractNumber` varchar(30) DEFAULT NULL,
  `strToolingContractURL` varchar(300) DEFAULT NULL,
  `intBOMDocumentID` int(10) unsigned DEFAULT NULL,
  `intPrintDocumentID` int(10) unsigned DEFAULT NULL,
  `intISODocumentID` int(10) unsigned DEFAULT NULL,
  `intCustomerID` int(10) unsigned DEFAULT NULL,
  `intContainerFacilityID` int(10) unsigned DEFAULT NULL,
  `intApprovalProcessInstanceID` int(10) unsigned DEFAULT NULL,
  `dtmCreatedOn` datetime DEFAULT NULL,
  PRIMARY KEY (`intProgramID`),
  KEY `fkcProgram2` (`intUserID`),
  KEY `fkcProgram7` (`intProductTypeID`),
  KEY `fkcProduct3` (`intCustomerID`),
  KEY `fkcProduct6` (`intBOMDocumentID`),
  KEY `fkcProduct7` (`intPrintDocumentID`),
  KEY `fkcProduct8` (`intISODocumentID`),
  KEY `fkcProduct4` (`intApprovalProcessInstanceID`),
  KEY `fkcProduct2` (`intProgramCommonID`),
  KEY `fkcProduct1` (`intContainerFacilityID`),
  CONSTRAINT `fkcProduct1` FOREIGN KEY (`intContainerFacilityID`) REFERENCES `tblcontainerfacility` (`intContainerFacilityID`) ON DELETE SET NULL ON UPDATE CASCADE,
  CONSTRAINT `fkcProduct2` FOREIGN KEY (`intProgramCommonID`) REFERENCES `tblprogramcommon` (`intProgramCommonID`) ON DELETE CASCADE ON UPDATE CASCADE,
  CONSTRAINT `fkcProduct3` FOREIGN KEY (`intCustomerID`) REFERENCES `tblcustomer` (`intCustomerID`) ON UPDATE CASCADE,
  CONSTRAINT `fkcProduct4` FOREIGN KEY (`intApprovalProcessInstanceID`) REFERENCES `tblapprovalprocessinstance` (`intApprovalProcessInstanceID`) ON DELETE SET NULL ON UPDATE CASCADE,
  CONSTRAINT `fkcProduct6` FOREIGN KEY (`intBOMDocumentID`) REFERENCES `dbdocument`.`tbldocument` (`intDocumentID`) ON DELETE SET NULL ON UPDATE CASCADE,
  CONSTRAINT `fkcProduct7` FOREIGN KEY (`intPrintDocumentID`) REFERENCES `dbdocument`.`tbldocument` (`intDocumentID`) ON DELETE SET NULL ON UPDATE CASCADE,
  CONSTRAINT `fkcProduct8` FOREIGN KEY (`intISODocumentID`) REFERENCES `dbdocument`.`tbldocument` (`intDocumentID`) ON DELETE SET NULL ON UPDATE CASCADE,
  CONSTRAINT `fkcProgram2` FOREIGN KEY (`intUserID`) REFERENCES `tbluser` (`intUserID`) ON UPDATE CASCADE,
  CONSTRAINT `fkcProgram7` FOREIGN KEY (`intProductTypeID`) REFERENCES `tblproducttype` (`intProductTypeID`) ON UPDATE CASCADE
) ENGINE=InnoDB AUTO_INCREMENT=2042 DEFAULT CHARSET=latin1;
/*!40101 SET character_set_client = @saved_cs_client */;

--
-- Dumping data for table `tblproduct`
--

LOCK TABLES `tblproduct` WRITE;
/*!40000 ALTER TABLE `tblproduct` DISABLE KEYS */;
INSERT INTO `tblproduct` VALUES (841,256,'68102546/7-AA','B Pillar Assembly',2,115,NULL,NULL,NULL,NULL,NULL,482,1492,3,NULL,160,'2012-01-31 16:55:19');
/*!40000 ALTER TABLE `tblproduct` ENABLE KEYS */;
UNLOCK TABLES;

--
-- Table structure for table `tblproductvolume`
--

DROP TABLE IF EXISTS `tblproductvolume`;
/*!40101 SET @saved_cs_client     = @@character_set_client */;
/*!40101 SET character_set_client = utf8 */;
CREATE TABLE `tblproductvolume` (
  `intProductVolumeID` int(10) unsigned NOT NULL AUTO_INCREMENT,
  `intProductXRID` int(10) unsigned DEFAULT NULL,
  `intProductionFacilityID` int(10) unsigned DEFAULT NULL,
  `intShipToFacilityID` int(10) unsigned DEFAULT NULL,
  `intVolume` int(10) unsigned DEFAULT NULL,
  PRIMARY KEY (`intProductVolumeID`),
  KEY `fkcProductVolume1` (`intProductXRID`),
  KEY `fkcProductVolume2` (`intProductionFacilityID`),
  KEY `fkcProductVolume3` (`intShipToFacilityID`),
  CONSTRAINT `fkcProductVolume1` FOREIGN KEY (`intProductXRID`) REFERENCES `tblproductxr` (`intProgramXRID`) ON DELETE CASCADE ON UPDATE CASCADE,
  CONSTRAINT `fkcProductVolume2` FOREIGN KEY (`intProductionFacilityID`) REFERENCES `tblfacility` (`intFacilityID`) ON UPDATE CASCADE,
  CONSTRAINT `fkcProductVolume3` FOREIGN KEY (`intShipToFacilityID`) REFERENCES `tblfacility` (`intFacilityID`) ON UPDATE CASCADE
) ENGINE=InnoDB AUTO_INCREMENT=4100 DEFAULT CHARSET=latin1;
/*!40101 SET character_set_client = @saved_cs_client */;

--
-- Dumping data for table `tblproductvolume`
--

LOCK TABLES `tblproductvolume` WRITE;
/*!40000 ALTER TABLE `tblproductvolume` DISABLE KEYS */;
INSERT INTO `tblproductvolume` VALUES (1,1,NULL,2,NULL),(2,2,NULL,2,NULL),(3,12,11,2,152665),(4,13,11,2,152665),(5,14,11,2,152665),(6,19,NULL,68,NULL),(7,21,NULL,68,NULL),(8,23,NULL,68,NULL),(9,61,23,47,237150),(10,62,23,47,NULL),(11,63,23,47,NULL),(12,64,13,47,226610),(13,65,23,47,63240),(14,71,13,47,NULL),(15,74,13,47,NULL),(16,78,23,47,NULL),(17,81,23,47,NULL),(18,83,23,47,NULL),(19,84,23,47,NULL),(20,85,36,51,54000),(21,86,36,NULL,54000),(22,87,NULL,NULL,54000),(23,88,NULL,NULL,54000),(24,89,36,51,71675),(25,90,36,NULL,71675),(26,91,NULL,NULL,71675),(27,92,NULL,NULL,71675),(28,93,NULL,NULL,71675),(29,94,NULL,NULL,71675),(30,96,36,NULL,71675),(31,97,NULL,NULL,71675),(32,98,NULL,NULL,71675),(33,100,40,56,NULL),(34,101,36,51,168025),(35,102,36,NULL,168025),(36,103,NULL,NULL,168025),(37,104,NULL,NULL,168025),(38,105,NULL,NULL,168025),(39,106,36,51,239700),(40,107,36,51,165675),(41,108,36,51,74025),(42,109,36,51,77550),(43,110,36,51,NULL),(44,111,36,51,NULL),(45,112,36,51,NULL),(46,113,36,51,NULL),(47,114,36,51,NULL),(48,115,36,51,NULL),(49,116,36,51,NULL),(50,117,36,51,NULL),(51,118,36,51,NULL),(52,119,36,51,NULL),(53,120,36,51,NULL),(54,121,36,51,NULL),(55,122,36,51,NULL),(56,123,36,51,NULL),(57,124,36,51,NULL),(58,125,36,51,NULL),(59,126,36,NULL,239700),(60,127,NULL,NULL,239700),(61,128,36,NULL,165675),(62,129,NULL,NULL,165675),(63,130,NULL,NULL,165675),(64,131,NULL,NULL,165675),(65,132,36,NULL,74025),(66,133,NULL,NULL,74025),(67,340,49,50,76050),(68,345,49,50,NULL),(69,350,49,50,NULL),(70,354,38,51,NULL),(71,355,38,51,NULL),(72,356,38,51,NULL),(73,357,38,51,NULL),(74,358,36,NULL,NULL),(75,359,36,NULL,NULL),(76,360,36,NULL,NULL),(77,361,36,NULL,NULL),(78,366,36,NULL,NULL),(79,400,23,47,247690),(80,401,23,47,247690),(81,402,35,47,279310),(82,403,35,47,279310),(83,404,23,47,31620),(84,405,23,47,31620),(85,406,35,47,263500),(86,407,35,47,263500),(87,408,23,47,126480),(88,409,23,47,126480),(89,410,35,47,15810),(90,411,35,47,15810),(91,412,35,47,89590),(92,413,35,47,89590),(93,414,23,47,NULL),(94,430,23,47,NULL),(95,446,35,47,NULL),(96,463,35,47,NULL),(97,494,23,47,NULL),(98,510,23,47,NULL),(99,526,35,47,NULL),(100,543,35,47,NULL),(101,570,NULL,68,NULL),(102,571,NULL,68,NULL),(103,572,NULL,68,NULL),(104,573,NULL,68,NULL),(105,588,23,47,NULL),(106,604,23,47,NULL),(107,620,35,47,NULL),(108,637,35,47,NULL),(109,664,NULL,70,NULL),(110,665,NULL,70,NULL),(111,666,NULL,70,NULL),(112,667,NULL,70,NULL),(113,682,35,47,NULL),(114,697,35,47,NULL),(115,742,35,47,NULL),(116,757,35,47,NULL),(117,800,NULL,68,NULL),(118,801,NULL,68,NULL),(119,807,38,51,8548),(120,808,38,51,19946),(121,809,38,51,1851),(122,810,38,51,2245),(123,811,39,58,NULL),(124,816,38,51,NULL),(125,817,38,51,NULL),(126,822,38,51,NULL),(127,823,38,51,NULL),(128,824,36,38,NULL),(129,825,NULL,36,NULL),(130,826,36,NULL,NULL),(131,827,36,NULL,NULL),(132,839,36,NULL,NULL),(133,840,36,NULL,NULL),(134,841,36,NULL,NULL),(135,842,36,NULL,NULL),(136,843,36,NULL,NULL),(137,844,36,NULL,NULL),(138,905,36,38,NULL),(139,915,NULL,51,NULL),(140,916,NULL,51,NULL),(141,917,36,38,NULL),(142,921,36,38,NULL),(143,923,36,38,NULL),(144,953,42,60,5734),(145,954,42,60,3055),(146,955,42,60,10575),(147,956,42,60,1034),(148,957,NULL,38,NULL),(149,959,NULL,38,NULL),(150,961,NULL,38,NULL),(151,963,NULL,38,NULL),(152,964,NULL,38,NULL),(153,965,42,60,2350),(154,966,NULL,38,NULL),(155,967,NULL,38,NULL),(156,968,NULL,38,NULL),(157,969,NULL,38,NULL),(158,970,NULL,38,NULL),(159,971,NULL,38,NULL),(160,972,NULL,38,NULL),(161,973,NULL,38,NULL),(162,974,42,60,2350),(163,976,NULL,38,NULL),(164,977,NULL,38,NULL),(165,978,NULL,38,NULL),(166,979,NULL,38,NULL),(167,980,NULL,38,NULL),(168,981,NULL,38,NULL),(169,982,NULL,38,NULL),(170,983,NULL,38,NULL),(171,984,NULL,51,NULL),(172,985,NULL,51,NULL),(173,986,NULL,51,NULL),(174,987,NULL,51,NULL),(175,988,NULL,38,NULL),(176,989,NULL,38,NULL),(177,990,NULL,38,NULL),(178,991,NULL,38,NULL),(179,992,NULL,38,NULL),(180,993,NULL,38,NULL),(181,994,NULL,38,NULL),(182,995,NULL,38,NULL),(183,996,NULL,38,NULL),(184,997,NULL,38,NULL),(185,1001,42,60,3290),(186,1013,4,61,NULL),(187,1014,4,61,NULL),(188,1015,62,63,19975),(189,1016,62,63,2350),(190,1017,62,63,2350),(191,1018,62,63,2350),(192,1019,62,63,4935),(193,1020,62,63,3525),(194,1021,42,60,6345),(195,1022,42,60,2350),(196,1023,42,60,3525),(197,1024,42,60,2350),(198,1025,42,60,2350),(199,1026,39,58,NULL),(200,1032,39,58,NULL),(201,1034,39,58,NULL),(202,1036,39,58,NULL),(203,1038,39,58,NULL),(204,1041,39,58,NULL),(205,1044,23,58,NULL),(206,1047,39,58,NULL),(207,1049,39,58,NULL),(208,1052,39,58,NULL),(209,1055,39,58,NULL),(210,1060,NULL,68,NULL),(211,1061,NULL,68,NULL),(212,1062,39,58,NULL),(213,1067,NULL,68,NULL),(214,1068,NULL,68,NULL),(215,1069,39,58,NULL),(216,1090,40,59,53750),(217,1091,33,66,46665),(218,1092,33,66,23333),(219,1093,40,59,26875),(220,1094,33,66,NULL),(221,1095,33,66,NULL),(222,1096,33,66,NULL),(223,1097,33,66,NULL),(224,1098,33,66,NULL),(225,1099,33,66,NULL),(226,1102,40,59,26875),(227,1103,40,59,13438),(228,1104,40,59,37625),(229,1105,40,59,32250),(230,1106,40,59,32250),(231,1107,40,59,13438),(232,1109,40,59,NULL),(233,1111,40,59,4300),(234,1114,23,68,NULL),(235,1122,23,68,NULL),(236,1124,13,47,NULL),(237,1126,13,47,NULL),(238,1128,23,68,NULL),(239,1130,23,68,NULL),(240,1132,23,68,NULL),(241,1134,23,68,NULL),(242,1136,13,47,NULL),(243,1137,13,47,NULL),(244,1148,39,58,NULL),(245,1152,39,58,NULL),(246,1156,39,58,NULL),(247,1158,39,58,NULL),(248,1162,23,58,NULL),(249,1165,39,58,NULL),(250,1168,39,58,NULL),(251,1171,39,58,NULL),(252,1174,39,58,NULL),(253,1180,11,2,152665),(254,1181,NULL,68,NULL),(255,1183,11,2,152665),(256,1184,NULL,68,NULL),(257,1186,11,2,152665),(258,1187,NULL,68,NULL),(259,1206,8,2,18838),(260,1207,8,2,62290),(261,1208,8,2,32216),(262,1209,8,2,6888),(263,1210,8,2,5793),(264,1211,8,2,2317),(265,1212,8,2,1381),(266,1213,8,2,4602),(267,1214,8,2,2365),(268,1215,8,2,508),(269,1216,8,2,428),(270,1217,8,2,254),(271,1218,11,2,47399),(272,1221,NULL,68,NULL),(273,1222,NULL,70,NULL),(274,1223,11,2,47399),(275,1224,NULL,68,NULL),(276,1225,NULL,70,NULL),(277,1226,11,2,5267),(278,1227,NULL,68,NULL),(279,1228,NULL,70,NULL),(280,1229,NULL,2,NULL),(281,1230,11,2,5267),(282,1231,NULL,68,NULL),(283,1232,NULL,70,NULL),(284,1233,NULL,2,NULL),(285,1239,11,2,47399),(286,1240,NULL,68,NULL),(287,1241,NULL,70,NULL),(288,1249,11,2,47399),(289,1250,NULL,68,NULL),(290,1251,NULL,70,NULL),(291,1252,11,2,5267),(292,1253,NULL,68,NULL),(293,1254,NULL,70,NULL),(294,1255,NULL,2,NULL),(295,1256,11,2,5267),(296,1257,NULL,68,NULL),(297,1258,NULL,70,NULL),(298,1259,NULL,2,NULL),(299,1263,11,2,52666),(300,1264,NULL,68,NULL),(301,1265,NULL,70,NULL),(302,1266,11,2,52666),(303,1267,NULL,68,NULL),(304,1268,NULL,70,NULL),(305,1270,11,2,52666),(306,1271,NULL,68,NULL),(307,1272,NULL,70,NULL),(308,1275,11,2,52666),(309,1276,NULL,68,NULL),(310,1277,NULL,70,NULL),(311,1282,39,69,NULL),(312,1283,13,2,165941),(313,1288,13,2,165941),(314,1292,39,69,NULL),(315,1294,39,69,NULL),(316,1296,39,69,NULL),(317,1298,13,2,165941),(318,1301,11,2,165941),(319,1303,39,69,NULL),(320,1305,11,2,13275),(321,1309,39,69,NULL),(322,1311,11,2,13275),(323,1314,39,69,NULL),(324,1316,39,69,NULL),(325,1320,11,2,13275),(326,1324,39,69,NULL),(327,1326,39,69,NULL),(328,1327,11,2,165941),(329,1330,11,2,165941),(330,1333,39,NULL,NULL),(331,1334,13,2,44875),(332,1336,13,2,19422),(333,1338,13,2,24623),(334,1340,39,NULL,NULL),(335,1344,39,69,NULL),(336,1345,39,NULL,NULL),(337,1349,39,69,NULL),(338,1351,39,NULL,NULL),(339,1357,11,2,52666),(340,1360,11,2,52666),(341,1363,13,2,52666),(342,1368,13,2,52666),(343,1372,13,2,52666),(344,1375,39,NULL,NULL),(345,1377,11,2,31600),(346,1380,11,2,31600),(347,1383,11,2,31600),(348,1387,11,2,52666),(349,1391,12,8,NULL),(350,1392,12,8,NULL),(351,1393,12,8,NULL),(352,1394,12,8,NULL),(353,1395,12,8,NULL),(354,1396,12,8,NULL),(355,1397,12,8,NULL),(356,1398,12,8,NULL),(357,1399,12,8,NULL),(358,1400,12,8,NULL),(359,1401,12,8,NULL),(360,1402,12,8,NULL),(361,1403,11,8,NULL),(362,1404,11,8,NULL),(363,1405,11,8,NULL),(364,1406,11,8,NULL),(365,1407,13,8,NULL),(366,1408,13,8,NULL),(367,1409,13,8,NULL),(368,1410,13,8,NULL),(369,1411,12,8,NULL),(370,1412,12,8,NULL),(371,1413,12,8,NULL),(372,1414,12,8,NULL),(373,1415,11,8,NULL),(374,1416,11,8,NULL),(375,1417,11,8,NULL),(376,1418,11,8,NULL),(377,1419,11,8,NULL),(378,1420,11,8,NULL),(379,1421,11,8,NULL),(380,1422,11,8,NULL),(381,1423,11,8,NULL),(382,1424,11,8,NULL),(383,1425,11,8,NULL),(384,1426,11,8,NULL),(385,1427,11,8,NULL),(386,1428,11,8,NULL),(387,1432,11,8,NULL),(388,1433,11,8,NULL),(389,1434,11,8,NULL),(390,1438,49,50,NULL),(391,1440,NULL,50,NULL),(392,1441,49,50,NULL),(393,1443,NULL,50,NULL),(394,1444,39,69,NULL),(395,1449,49,50,67600),(396,1450,49,50,NULL),(397,1454,49,50,NULL),(398,1467,49,50,NULL),(399,1475,49,50,25350),(400,1477,49,50,NULL),(401,1478,49,50,NULL),(402,1479,49,50,NULL),(403,1480,49,50,NULL),(404,1481,49,50,NULL),(405,1483,49,50,NULL),(406,1485,49,50,NULL),(407,1486,49,50,NULL),(408,1496,49,50,NULL),(409,1499,49,50,NULL),(410,1500,49,50,NULL),(411,1501,49,50,NULL),(412,1502,49,50,NULL),(413,1503,49,50,NULL),(414,1522,49,50,NULL),(415,1526,49,50,NULL),(416,1527,49,50,NULL),(417,1528,49,50,NULL),(418,1533,49,50,NULL),(419,1537,49,50,NULL),(420,1539,49,50,NULL),(421,1541,49,50,NULL),(422,1562,33,70,34735),(423,1563,33,70,34735),(424,1564,33,70,34735),(425,1574,33,33,104200),(426,1633,53,57,NULL),(427,1634,53,57,NULL),(428,1635,53,57,NULL),(429,1636,53,57,NULL),(430,1637,53,57,NULL),(431,1638,53,57,NULL),(432,1639,53,57,NULL),(433,1640,12,57,NULL),(434,1641,12,57,NULL),(435,1642,12,57,NULL),(436,1643,12,57,NULL),(437,1644,12,57,NULL),(438,1645,12,57,NULL),(439,1646,12,57,NULL),(440,1647,12,57,NULL),(441,1648,12,57,NULL),(442,1649,12,57,NULL),(443,1650,12,57,NULL),(444,1651,12,57,NULL),(445,1652,12,57,NULL),(446,1653,12,57,NULL),(447,1654,33,33,63000),(448,1655,12,57,NULL),(449,1656,12,57,NULL),(450,1657,12,57,NULL),(451,1658,12,57,NULL),(452,1659,12,57,NULL),(453,1660,12,57,NULL),(454,1661,12,57,NULL),(455,1662,12,57,NULL),(456,1663,NULL,57,NULL),(457,1664,NULL,57,NULL),(458,1665,NULL,57,NULL),(459,1666,NULL,57,NULL),(460,1667,11,57,NULL),(461,1668,11,57,NULL),(462,1669,11,57,NULL),(463,1670,11,57,NULL),(464,1671,11,57,NULL),(465,1672,11,57,NULL),(466,1673,11,57,NULL),(467,1674,9,72,250000),(468,1675,9,72,250000),(469,1677,9,NULL,NULL),(470,1679,9,NULL,NULL),(471,1680,9,NULL,NULL),(472,1685,9,NULL,NULL),(473,1686,9,NULL,NULL),(474,1688,9,NULL,47000),(475,1689,9,NULL,NULL),(476,1695,12,8,NULL),(477,1696,12,8,NULL),(478,1697,12,8,NULL),(479,1698,12,8,NULL),(480,1703,12,8,NULL),(481,1704,12,8,NULL),(482,1705,12,8,NULL),(483,1706,12,8,NULL),(484,1707,12,8,NULL),(485,1708,12,8,NULL),(486,1709,11,8,NULL),(487,1710,11,8,NULL),(488,1711,11,8,NULL),(489,1712,11,8,NULL),(490,1713,11,8,NULL),(491,1714,11,8,NULL),(492,1715,13,8,NULL),(493,1716,13,8,NULL),(494,1717,13,8,NULL),(495,1718,13,8,NULL),(496,1719,13,8,NULL),(497,1720,13,8,NULL),(498,1721,13,8,NULL),(499,1722,13,8,NULL),(500,1723,13,8,NULL),(501,1724,13,8,NULL),(502,1725,13,8,NULL),(503,1726,13,8,NULL),(504,1727,13,8,NULL),(505,1728,13,8,NULL),(506,1729,13,8,NULL),(507,1730,13,8,NULL),(508,1731,13,8,NULL),(509,1732,13,8,NULL),(510,1733,13,8,NULL),(511,1734,13,8,NULL),(512,1735,13,8,NULL),(513,1736,13,8,NULL),(514,1737,13,8,NULL),(515,1738,13,8,NULL),(516,1741,NULL,8,NULL),(517,1742,NULL,8,NULL),(518,1743,NULL,8,NULL),(519,1744,NULL,8,NULL),(520,1745,NULL,8,NULL),(521,1746,NULL,8,NULL),(522,1747,NULL,8,NULL),(523,1748,NULL,8,NULL),(524,1749,NULL,8,NULL),(525,1750,NULL,8,NULL),(526,1751,NULL,8,NULL),(527,1752,NULL,8,NULL),(528,1753,33,70,34735),(529,1754,33,70,34735),(530,1755,33,70,34735),(531,1756,33,70,34735),(532,1757,33,70,34735),(533,1758,33,70,34735),(534,1759,33,70,34735),(535,1760,33,70,34735),(536,1761,33,70,34735),(537,1762,33,70,34735),(538,1763,33,70,34735),(539,1764,33,70,34735),(540,1983,33,33,416800),(541,2086,23,47,158100),(542,2088,23,47,368900),(543,2090,23,47,158100),(544,2094,23,47,550000),(545,2099,13,47,527000),(546,2102,23,47,295120),(547,2105,23,47,295120),(548,2113,27,67,454255),(549,2114,27,67,454255),(550,2115,42,59,513005),(551,2116,42,59,513005),(552,2117,42,59,513005),(553,2128,11,57,NULL),(554,2129,11,57,NULL),(555,2130,11,57,NULL),(556,2131,11,57,NULL),(557,2132,11,57,NULL),(558,2133,11,57,NULL),(559,2134,11,57,NULL),(560,2135,11,57,NULL),(561,2136,11,57,NULL),(562,2137,11,57,NULL),(563,2138,11,57,NULL),(564,2139,11,57,NULL),(565,2140,11,57,NULL),(566,2141,11,57,NULL),(567,2142,11,57,NULL),(568,2143,11,57,NULL),(569,2144,11,57,NULL),(570,2145,11,57,NULL),(571,2146,11,57,NULL),(572,2147,11,57,NULL),(573,2148,11,57,NULL),(574,2149,11,57,NULL),(575,2150,11,57,NULL),(576,2151,11,57,NULL),(577,2152,11,57,NULL),(578,2153,11,57,NULL),(579,2170,35,70,NULL),(580,2171,35,70,NULL),(581,2172,35,70,NULL),(582,2173,35,70,NULL),(583,2174,35,70,NULL),(584,2175,35,70,NULL),(585,2176,NULL,70,NULL),(586,2177,NULL,70,NULL),(587,2178,NULL,70,NULL),(588,2179,NULL,70,NULL),(589,2180,NULL,70,NULL),(590,2181,NULL,70,NULL),(591,2182,35,70,NULL),(592,2183,35,70,NULL),(593,2184,7,75,56535),(594,2185,7,75,56535),(595,2186,33,70,NULL),(596,2187,33,70,NULL),(597,2188,33,70,NULL),(598,2189,33,70,NULL),(599,2190,33,70,NULL),(600,2191,33,70,NULL),(601,2192,33,70,NULL),(602,2193,33,70,NULL),(603,2194,33,70,NULL),(604,2195,33,70,NULL),(605,2196,33,70,NULL),(606,2197,33,70,NULL),(607,2198,33,70,NULL),(608,2362,33,33,234559),(609,2368,33,33,286451),(610,2370,33,33,286451),(611,2380,33,33,521000),(612,2384,33,33,521000),(613,2416,35,33,36470),(614,2417,35,33,36470),(615,2418,35,33,36470),(616,2419,35,33,36470),(617,2421,33,70,1052000),(618,2442,33,70,56268),(619,2456,23,68,NULL),(620,2457,NULL,68,NULL),(621,2458,NULL,68,NULL),(622,2459,NULL,68,NULL),(623,2460,NULL,68,NULL),(624,2466,23,68,NULL),(625,2467,NULL,68,NULL),(626,2468,NULL,2,NULL),(627,2469,NULL,68,NULL),(628,2477,23,68,NULL),(629,2478,23,68,NULL),(630,2479,23,68,NULL),(631,2480,NULL,68,NULL),(632,2481,NULL,68,NULL),(633,2482,NULL,2,NULL),(634,2483,23,68,NULL),(635,2484,23,68,NULL),(636,2485,23,68,NULL),(637,2486,23,68,NULL),(638,2487,NULL,68,NULL),(639,2488,NULL,68,NULL),(640,2489,NULL,2,NULL),(641,2490,23,68,NULL),(642,2491,NULL,68,NULL),(643,2492,NULL,68,NULL),(644,2493,23,68,NULL),(645,2494,23,68,NULL),(646,2495,NULL,68,NULL),(647,2496,NULL,68,NULL),(648,2497,23,68,NULL),(649,2498,NULL,68,NULL),(650,2499,23,68,NULL),(651,2500,23,68,NULL),(652,2501,NULL,68,NULL),(653,2502,23,68,NULL),(654,2503,23,68,NULL),(655,2504,NULL,68,NULL),(656,2505,23,68,NULL),(657,2506,23,68,NULL),(658,2507,NULL,68,NULL),(659,2508,33,NULL,NULL),(660,2509,33,NULL,NULL),(661,2510,33,NULL,NULL),(662,2511,33,NULL,NULL),(663,2512,33,NULL,NULL),(664,2513,33,NULL,NULL),(665,2514,33,NULL,NULL),(666,2515,33,NULL,NULL),(667,2516,29,NULL,NULL),(668,2517,29,NULL,NULL),(669,2518,29,NULL,NULL),(670,2519,29,NULL,NULL),(671,2532,33,77,41441),(672,2533,33,77,NULL),(673,2534,33,77,3785),(674,2535,33,77,NULL),(675,2536,33,77,18521),(676,2544,33,77,6763),(677,2545,33,77,NULL),(678,2546,33,77,NULL),(679,2547,33,77,NULL),(680,2548,33,77,8062),(681,2549,33,77,75578),(682,2550,33,77,49855),(683,2551,33,77,4728),(684,2552,33,77,1636),(685,2553,33,77,17490),(686,2554,33,77,5114),(687,2555,33,77,757),(688,2556,33,77,NULL),(689,2566,33,NULL,NULL),(690,2567,33,NULL,NULL),(691,2568,33,NULL,NULL),(692,2569,33,NULL,NULL),(693,2570,33,NULL,NULL),(694,2571,33,NULL,NULL),(695,2572,33,NULL,NULL),(696,2573,33,NULL,NULL),(697,2574,33,NULL,NULL),(698,2575,33,NULL,NULL),(699,2576,33,NULL,NULL),(700,2577,33,NULL,NULL),(701,2578,33,NULL,NULL),(702,2579,33,NULL,NULL),(703,2580,33,NULL,NULL),(704,2581,33,NULL,NULL),(705,2582,33,NULL,NULL),(706,2583,33,NULL,NULL),(707,2584,33,NULL,NULL),(708,2585,33,NULL,NULL),(709,2586,33,NULL,NULL),(710,2587,33,NULL,NULL),(711,2588,33,NULL,NULL),(712,2589,33,NULL,NULL),(713,2590,33,NULL,NULL),(714,2591,33,NULL,NULL),(715,2592,33,NULL,NULL),(716,2593,33,NULL,NULL),(717,2594,33,NULL,NULL),(718,2595,33,NULL,NULL),(719,2596,33,NULL,NULL),(720,2597,33,NULL,NULL),(721,2598,33,NULL,NULL),(722,2599,33,NULL,NULL),(723,2600,33,NULL,NULL),(724,2601,33,NULL,NULL),(725,2602,33,NULL,NULL),(726,2603,33,NULL,NULL),(727,2604,33,NULL,NULL),(728,2605,33,NULL,NULL),(729,2606,33,NULL,NULL),(730,2607,33,NULL,NULL),(731,2608,33,NULL,NULL),(732,2609,33,NULL,NULL),(733,2610,33,NULL,NULL),(734,2611,33,NULL,NULL),(735,2612,33,NULL,NULL),(736,2613,33,NULL,NULL),(737,2614,33,NULL,NULL),(738,2615,33,NULL,NULL),(739,2616,33,NULL,NULL),(740,2617,33,NULL,NULL),(741,2618,33,NULL,NULL),(742,2619,33,NULL,NULL),(743,2620,33,NULL,NULL),(744,2621,33,NULL,NULL),(745,2622,33,NULL,NULL),(746,2623,33,NULL,NULL),(747,2624,33,NULL,NULL),(748,2625,33,NULL,NULL),(749,2626,33,NULL,NULL),(750,2627,33,NULL,NULL),(751,2628,33,NULL,NULL),(752,2629,33,NULL,NULL),(753,2630,33,NULL,NULL),(754,2631,33,NULL,NULL),(755,2632,33,NULL,NULL),(756,2633,33,NULL,NULL),(757,2634,33,NULL,NULL),(758,2635,33,NULL,NULL),(759,2636,33,NULL,NULL),(760,2637,33,NULL,NULL),(761,2638,33,NULL,NULL),(762,2639,33,NULL,NULL),(763,2640,33,NULL,NULL),(764,2641,33,NULL,NULL),(765,2642,33,NULL,NULL),(766,2643,33,NULL,NULL),(767,2644,33,NULL,NULL),(768,2645,33,NULL,NULL),(769,2646,33,NULL,NULL),(770,2647,33,NULL,NULL),(771,2648,33,NULL,NULL),(772,2649,33,NULL,NULL),(773,2650,33,NULL,NULL),(774,2651,33,NULL,NULL),(775,2652,33,NULL,NULL),(776,2653,33,NULL,NULL),(777,2654,33,NULL,NULL),(778,2655,33,NULL,NULL),(779,2656,33,NULL,NULL),(780,2657,33,NULL,NULL),(781,2658,33,NULL,NULL),(782,2659,33,NULL,NULL),(783,2660,33,NULL,NULL),(784,2661,33,NULL,NULL),(785,2662,33,NULL,NULL),(786,2663,33,NULL,NULL),(787,2664,33,NULL,NULL),(788,2665,33,NULL,NULL),(789,2666,33,NULL,NULL),(790,2667,33,NULL,NULL),(791,2668,33,NULL,NULL),(792,2669,33,NULL,NULL),(793,2670,33,NULL,NULL),(794,2671,33,NULL,NULL),(795,2672,33,NULL,NULL),(796,2673,33,NULL,NULL),(797,2674,33,NULL,NULL),(798,2675,33,NULL,NULL),(799,2676,33,NULL,NULL),(800,2677,33,NULL,NULL),(801,2678,33,NULL,NULL),(802,2679,33,NULL,NULL),(803,2680,33,NULL,NULL),(804,2681,33,NULL,NULL),(805,2682,33,NULL,NULL),(806,2683,33,NULL,NULL),(807,2684,33,NULL,NULL),(808,2685,33,NULL,NULL),(809,2686,29,NULL,NULL),(810,2687,29,NULL,NULL),(811,2688,29,NULL,NULL),(812,2689,29,NULL,NULL),(813,2690,29,NULL,NULL),(814,2691,29,NULL,NULL),(815,2692,29,NULL,NULL),(816,2693,29,NULL,NULL),(817,2694,29,NULL,NULL),(818,2695,29,NULL,NULL),(819,2696,29,NULL,NULL),(820,2697,29,NULL,NULL),(821,2698,29,NULL,NULL),(822,2699,29,NULL,NULL),(823,2700,29,NULL,NULL),(824,2701,29,NULL,NULL),(825,2702,29,NULL,NULL),(826,2703,29,NULL,NULL),(827,2704,29,NULL,NULL),(828,2705,29,NULL,NULL),(829,2706,29,NULL,NULL),(830,2707,29,NULL,NULL),(831,2708,29,NULL,NULL),(832,2709,29,NULL,NULL),(833,2710,29,NULL,NULL),(834,2711,29,NULL,NULL),(835,2712,29,NULL,NULL),(836,2713,29,NULL,NULL),(837,2714,29,NULL,NULL),(838,2715,29,NULL,NULL),(839,2716,29,NULL,NULL),(840,2717,29,NULL,NULL),(841,2718,8,2,19250),(842,2719,33,NULL,NULL),(843,2720,33,NULL,NULL),(844,2721,33,NULL,NULL),(845,2722,33,NULL,NULL),(846,2723,33,NULL,NULL),(847,2724,33,NULL,NULL),(848,2725,33,NULL,NULL),(849,2726,29,NULL,NULL),(850,2727,29,NULL,NULL),(851,2728,29,NULL,NULL),(852,2729,29,NULL,NULL),(853,2730,29,NULL,NULL),(854,2731,29,NULL,NULL),(855,2732,29,NULL,NULL),(856,2733,29,NULL,NULL),(857,2734,29,NULL,NULL),(858,2735,29,NULL,NULL),(859,2736,29,NULL,NULL),(860,2737,29,NULL,NULL),(861,2738,29,NULL,NULL),(862,2739,29,NULL,NULL),(863,2740,29,NULL,NULL),(864,2741,29,NULL,NULL),(865,2742,29,NULL,NULL),(866,2743,29,NULL,NULL),(867,2762,8,2,47737),(868,2763,8,2,15918),(869,2764,8,2,13315),(870,2765,8,2,39961),(871,2766,8,2,5920),(872,2767,8,2,5920),(873,2768,8,2,1381),(874,2769,8,2,3444),(875,2770,8,2,1143),(876,2771,8,2,968),(877,2772,8,2,2888),(878,2773,8,2,428),(879,2774,8,2,428),(880,2989,12,8,NULL),(881,2990,12,8,NULL),(882,2991,12,8,NULL),(883,2992,12,8,NULL),(884,2993,12,8,NULL),(885,2994,12,8,NULL),(886,2995,12,8,NULL),(887,2996,12,8,NULL),(888,2997,12,8,NULL),(889,2998,12,8,NULL),(890,2999,12,8,NULL),(891,3000,12,8,NULL),(892,3001,12,8,NULL),(893,3002,12,8,NULL),(894,3007,12,8,NULL),(895,3008,12,8,NULL),(896,3009,12,8,NULL),(897,3010,12,8,NULL),(898,3011,12,8,NULL),(899,3012,12,8,NULL),(900,3013,12,8,NULL),(901,3014,12,8,NULL),(902,3015,12,8,NULL),(903,3016,12,8,NULL),(904,3017,12,8,NULL),(905,3019,12,8,NULL),(906,3020,12,8,NULL),(907,3021,12,8,NULL),(908,3027,12,8,NULL),(909,3028,12,8,NULL),(910,3030,36,51,NULL),(911,3031,36,51,NULL),(912,3032,36,51,NULL),(913,3033,36,51,NULL),(914,3034,36,51,NULL),(915,3035,36,51,NULL),(916,3038,36,51,NULL),(917,3039,36,51,NULL),(918,3040,36,51,NULL),(919,3041,36,51,NULL),(920,3044,NULL,51,NULL),(921,3048,38,51,NULL),(922,3049,38,51,5640),(923,3050,38,51,36425),(924,3051,38,51,19270),(925,3052,38,51,10575),(926,3053,36,51,NULL),(927,3054,36,51,NULL),(928,3055,36,51,NULL),(929,3056,36,51,NULL),(930,3057,36,51,NULL),(931,3058,36,51,NULL),(932,3059,36,51,NULL),(933,3060,36,51,NULL),(934,3061,36,51,NULL),(935,3062,36,51,NULL),(936,3063,36,51,NULL),(937,3064,36,51,NULL),(938,3065,36,51,NULL),(939,3066,36,51,NULL),(940,3067,36,51,NULL),(941,3068,36,51,NULL),(942,3069,36,51,NULL),(943,3070,36,51,NULL),(944,3071,36,51,NULL),(945,3072,36,51,NULL),(946,3073,36,51,NULL),(947,3074,36,51,NULL),(948,3075,36,51,NULL),(949,3076,36,51,NULL),(950,3083,36,51,NULL),(951,3084,36,51,NULL),(952,3085,36,51,NULL),(953,3086,36,51,NULL),(954,3087,36,51,NULL),(955,3089,36,51,NULL),(956,3090,36,51,NULL),(957,3091,36,51,NULL),(958,3092,36,51,NULL),(959,3093,36,51,NULL),(960,3094,36,51,NULL),(961,3095,36,51,NULL),(962,3096,36,51,NULL),(963,3097,36,NULL,NULL),(964,3098,36,NULL,NULL),(965,3099,36,NULL,NULL),(966,3100,36,NULL,NULL),(967,3105,NULL,51,NULL),(968,3106,NULL,51,NULL),(969,3107,NULL,51,NULL),(970,3108,NULL,51,NULL),(971,3109,NULL,51,NULL),(972,3110,NULL,51,NULL),(973,3111,NULL,51,NULL),(974,3112,NULL,51,NULL),(975,3117,NULL,51,NULL),(976,3118,NULL,51,NULL),(977,3119,NULL,51,NULL),(978,3120,NULL,51,NULL),(979,3121,NULL,51,NULL),(980,3122,NULL,51,NULL),(981,3123,NULL,51,NULL),(982,3124,NULL,51,NULL),(983,3125,NULL,51,NULL),(984,3126,NULL,51,NULL),(985,3127,NULL,51,NULL),(986,3133,13,74,NULL),(987,3134,13,74,NULL),(988,3136,53,57,NULL),(989,3137,53,57,NULL),(990,3138,53,57,NULL),(991,3139,53,57,NULL),(992,3140,53,57,NULL),(993,3141,53,57,NULL),(994,3142,12,53,NULL),(995,3143,12,53,NULL),(996,3144,12,53,NULL),(997,3145,12,53,NULL),(998,3146,12,53,NULL),(999,3147,12,53,NULL),(1000,3148,11,53,NULL),(1001,3149,11,53,NULL),(1002,3150,11,53,NULL),(1003,3151,11,53,NULL),(1004,3152,11,53,NULL),(1005,3153,11,53,NULL),(1006,3154,11,53,NULL),(1007,3155,11,53,NULL),(1008,3156,11,53,NULL),(1009,3157,11,53,NULL),(1010,3158,11,53,NULL),(1011,3159,11,53,NULL),(1012,3160,11,53,NULL),(1013,3161,11,53,NULL),(1014,3162,11,53,NULL),(1015,3163,11,53,NULL),(1016,3164,11,53,NULL),(1017,3165,11,53,NULL),(1018,3166,11,53,NULL),(1019,3167,11,53,NULL),(1020,3168,11,53,NULL),(1021,3169,11,53,NULL),(1022,3170,11,53,NULL),(1023,3171,11,53,NULL),(1024,3172,11,53,NULL),(1025,3173,11,53,NULL),(1026,3174,11,53,NULL),(1027,3175,11,53,NULL),(1028,3176,11,53,NULL),(1029,3177,11,53,NULL),(1030,3178,11,53,NULL),(1031,3182,NULL,11,NULL),(1032,3183,NULL,11,NULL),(1033,3184,NULL,11,NULL),(1034,3185,NULL,53,NULL),(1035,3186,NULL,53,NULL),(1036,3187,NULL,53,NULL),(1037,3188,11,53,NULL),(1038,3189,11,53,NULL),(1039,3192,11,53,NULL),(1040,3194,35,51,NULL),(1041,3195,35,51,NULL),(1042,3196,35,82,NULL),(1043,3197,35,82,NULL),(1044,3198,35,97,NULL),(1045,3199,35,97,NULL),(1046,3200,35,97,NULL),(1047,3201,35,NULL,NULL),(1048,3202,35,NULL,NULL),(1049,3205,35,51,NULL),(1050,3206,35,83,NULL),(1051,3207,35,83,NULL),(1052,3211,35,84,NULL),(1053,3212,35,84,NULL),(1054,3213,35,83,NULL),(1055,3214,35,83,NULL),(1056,3215,35,83,NULL),(1057,3216,35,83,NULL),(1058,3217,35,NULL,NULL),(1059,3222,35,NULL,NULL),(1060,3227,35,51,NULL),(1061,3228,35,51,NULL),(1062,3229,35,51,NULL),(1063,3230,35,51,NULL),(1064,3231,35,51,NULL),(1065,3232,35,51,NULL),(1066,3233,35,51,NULL),(1067,3234,35,51,NULL),(1068,3235,35,51,NULL),(1069,3236,35,51,NULL),(1070,3237,35,51,NULL),(1071,3238,35,51,NULL),(1072,3239,35,81,NULL),(1073,3240,35,81,NULL),(1074,3241,35,79,NULL),(1075,3242,35,79,NULL),(1076,3243,35,79,NULL),(1077,3244,35,79,NULL),(1078,3245,38,51,NULL),(1079,3246,38,51,NULL),(1080,3247,36,51,NULL),(1081,3248,36,51,NULL),(1082,3249,36,51,NULL),(1083,3250,36,51,NULL),(1084,3251,36,51,NULL),(1085,3252,36,51,NULL),(1086,3253,36,51,NULL),(1087,3254,36,51,NULL),(1088,3255,36,51,NULL),(1089,3256,36,51,NULL),(1090,3257,36,51,NULL),(1091,3258,36,51,NULL),(1092,3262,36,51,NULL),(1093,3263,36,51,NULL),(1094,3264,36,51,NULL),(1095,3265,36,51,NULL),(1096,3266,36,51,NULL),(1097,3267,36,51,NULL),(1098,3268,36,51,NULL),(1099,3269,36,51,NULL),(1100,3272,NULL,51,NULL),(1101,3273,NULL,51,NULL),(1102,3274,NULL,51,NULL),(1103,3275,NULL,51,NULL),(1104,3278,36,NULL,NULL),(1105,3279,36,NULL,NULL),(1106,3280,36,NULL,NULL),(1107,3281,NULL,51,NULL),(1108,3282,NULL,51,NULL),(1109,3283,NULL,51,NULL),(1110,3287,NULL,51,NULL),(1111,3288,NULL,51,NULL),(1112,3289,NULL,51,NULL),(1113,3290,36,NULL,NULL),(1114,3291,36,NULL,NULL),(1115,3292,36,NULL,NULL),(1116,3293,36,NULL,NULL),(1117,3294,36,NULL,NULL),(1118,3295,36,NULL,NULL),(1119,3296,36,NULL,NULL),(1120,3297,36,NULL,NULL),(1121,3298,36,NULL,NULL),(1122,3299,36,NULL,NULL),(1123,3300,35,87,NULL),(1124,3301,35,87,NULL),(1125,3306,33,88,480000),(1126,3307,33,NULL,NULL),(1127,3308,32,NULL,NULL),(1128,3309,33,NULL,NULL),(1129,3323,33,88,480000),(1130,3324,33,NULL,NULL),(1131,3325,32,NULL,NULL),(1132,3326,33,NULL,NULL),(1133,3331,NULL,89,NULL),(1134,3332,NULL,89,NULL),(1135,3336,11,12,NULL),(1136,3337,NULL,12,NULL),(1137,3338,NULL,12,NULL),(1138,3339,NULL,12,NULL),(1139,3340,NULL,12,NULL),(1140,3341,NULL,12,NULL),(1141,3342,NULL,12,NULL),(1142,3343,NULL,12,NULL),(1143,3344,NULL,12,NULL),(1144,3345,12,90,90000),(1145,3346,12,90,60000),(1146,3347,11,12,NULL),(1147,3348,NULL,12,NULL),(1148,3349,NULL,12,NULL),(1149,3350,NULL,12,NULL),(1150,3351,NULL,12,NULL),(1151,3352,NULL,12,NULL),(1152,3353,NULL,12,NULL),(1153,3354,NULL,12,NULL),(1154,3355,NULL,12,NULL),(1155,3356,12,NULL,NULL),(1156,3357,12,NULL,NULL),(1157,3358,12,85,113040),(1158,3359,12,85,113040),(1159,3412,11,57,NULL),(1160,3414,23,47,527000),(1161,3415,8,2,158760),(1162,3416,11,2,NULL),(1163,3417,9,NULL,47000),(1164,3418,49,50,167000),(1165,3419,49,50,167000),(1166,3420,49,50,169000),(1167,3421,36,51,NULL),(1168,3422,35,54,15000),(1169,3423,38,51,NULL),(1170,3424,36,51,NULL),(1171,3425,40,56,115020),(1172,3426,12,57,5000),(1173,3427,38,51,130000),(1174,3428,38,51,32590),(1175,3429,33,70,521000),(1176,3430,49,50,169000),(1177,3432,39,58,347225),(1178,3433,NULL,47,527000),(1179,3434,23,68,33000),(1180,3435,49,50,NULL),(1181,3436,40,59,345566),(1182,3438,19,74,20000),(1183,3441,NULL,NULL,53750),(1184,3442,13,47,527000),(1185,3443,13,47,527000),(1186,3444,39,58,61037),(1187,3445,42,56,115000),(1188,3446,11,2,NULL),(1189,3447,NULL,NULL,72000),(1190,3449,39,69,186600),(1191,3451,33,70,521000),(1192,3452,71,72,250000),(1193,3453,23,47,527000),(1194,3455,35,70,521000),(1195,3456,8,2,158760),(1196,3457,7,75,56535),(1197,3459,13,74,80000),(1198,3460,33,77,233000),(1199,3461,53,57,97000),(1200,3462,35,79,60000),(1201,3463,35,80,NULL),(1202,3464,35,63,NULL),(1203,3465,35,81,NULL),(1204,3466,35,51,NULL),(1205,3467,35,NULL,NULL),(1206,3468,12,85,113040),(1207,3469,35,87,142000),(1208,3470,33,88,480000),(1209,3471,12,90,178263),(1210,3477,11,53,NULL),(1211,3478,11,53,NULL),(1212,3479,11,53,NULL),(1213,3482,35,47,89590),(1214,3492,35,47,89590),(1215,3493,35,NULL,NULL),(1216,3494,35,NULL,NULL),(1217,3499,35,47,295120),(1218,3506,35,47,295120),(1219,3513,35,47,142290),(1220,3520,35,47,142290),(1221,3527,38,51,1880),(1222,3528,38,51,NULL),(1223,3529,38,51,20915),(1224,3530,38,51,1880),(1225,3531,38,51,940),(1226,3532,38,51,8930),(1227,3533,38,51,NULL),(1228,3534,38,51,NULL),(1229,3535,36,NULL,NULL),(1230,3536,36,NULL,NULL),(1231,3537,36,NULL,NULL),(1232,3538,36,NULL,NULL),(1233,3543,36,NULL,NULL),(1234,3544,36,NULL,NULL),(1235,3545,36,NULL,NULL),(1236,3546,36,NULL,NULL),(1237,3551,36,NULL,NULL),(1238,3552,36,NULL,NULL),(1239,3553,36,NULL,NULL),(1240,3554,36,NULL,NULL),(1241,3555,36,NULL,NULL),(1242,3556,36,NULL,NULL),(1243,3557,36,NULL,NULL),(1244,3558,36,NULL,NULL),(1245,3559,36,NULL,NULL),(1246,3560,36,NULL,NULL),(1247,3561,36,NULL,NULL),(1248,3562,36,NULL,NULL),(1249,3563,36,NULL,NULL),(1250,3564,36,NULL,NULL),(1251,3565,36,NULL,NULL),(1252,3566,36,NULL,NULL),(1253,3567,36,NULL,NULL),(1254,3568,36,NULL,NULL),(1255,3569,36,NULL,NULL),(1256,3570,36,NULL,NULL),(1257,3571,36,NULL,NULL),(1258,3572,36,NULL,NULL),(1259,3573,36,NULL,NULL),(1260,3574,36,NULL,NULL),(1261,3583,36,NULL,NULL),(1262,3584,36,NULL,NULL),(1263,3585,36,NULL,NULL),(1264,3586,36,NULL,NULL),(1265,3587,36,NULL,NULL),(1266,3588,36,NULL,NULL),(1267,3589,36,NULL,NULL),(1268,3590,36,NULL,NULL),(1269,3591,36,NULL,NULL),(1270,3592,36,NULL,NULL),(1271,3593,36,NULL,NULL),(1272,3594,36,NULL,NULL),(1273,3595,36,NULL,NULL),(1274,3596,36,NULL,NULL),(1275,3597,36,NULL,NULL),(1276,3598,36,NULL,NULL),(1277,3599,36,NULL,NULL),(1278,3600,36,NULL,NULL),(1279,3601,36,NULL,NULL),(1280,3602,36,NULL,NULL),(1281,3603,36,NULL,NULL),(1282,3604,36,NULL,NULL),(1283,3605,36,NULL,NULL),(1284,3606,36,NULL,NULL),(1285,3635,35,47,NULL),(1286,3638,35,NULL,NULL),(1287,3644,35,NULL,NULL),(1288,3647,35,NULL,NULL),(1289,3653,35,NULL,NULL),(1290,3656,35,NULL,NULL),(1291,3662,35,NULL,NULL),(1292,3674,35,NULL,NULL),(1293,3689,NULL,51,NULL),(1294,3690,NULL,51,NULL),(1295,3691,NULL,51,NULL),(1296,3692,NULL,51,NULL),(1297,3693,NULL,51,NULL),(1298,3694,NULL,51,NULL),(1299,3695,NULL,51,NULL),(1300,3696,NULL,51,NULL),(1301,3697,NULL,51,NULL),(1302,3698,NULL,51,NULL),(1303,3699,NULL,51,NULL),(1304,3700,NULL,51,NULL),(1305,3701,NULL,51,NULL),(1306,3702,NULL,51,NULL),(1307,3703,NULL,51,NULL),(1308,3704,NULL,51,NULL),(1309,3705,36,NULL,NULL),(1310,3706,36,NULL,NULL),(1311,3707,36,NULL,NULL),(1312,3708,36,NULL,NULL),(1313,3709,36,NULL,NULL),(1314,3710,36,NULL,NULL),(1315,3711,36,NULL,NULL),(1316,3712,36,NULL,NULL),(1317,3713,36,NULL,NULL),(1318,3714,36,NULL,NULL),(1319,3715,36,NULL,NULL),(1320,3716,36,NULL,NULL),(1321,3717,36,NULL,NULL),(1322,3718,36,NULL,NULL),(1323,3719,36,NULL,NULL),(1324,3720,36,NULL,NULL),(1325,3721,NULL,51,NULL),(1326,3722,NULL,51,NULL),(1327,3723,NULL,51,NULL),(1328,3724,NULL,51,NULL),(1329,3725,NULL,51,NULL),(1330,3726,NULL,51,NULL),(1331,3727,NULL,51,NULL),(1332,3728,NULL,51,NULL),(1333,3729,NULL,51,NULL),(1334,3730,NULL,51,NULL),(1335,3739,NULL,51,NULL),(1336,3740,NULL,51,NULL),(1337,3741,NULL,51,NULL),(1338,3742,NULL,51,NULL),(1339,3743,NULL,51,NULL),(1340,3744,NULL,51,NULL),(1341,3745,NULL,51,NULL),(1342,3746,NULL,51,NULL),(1343,3747,NULL,51,NULL),(1344,3748,NULL,51,NULL),(1345,3749,NULL,51,NULL),(1346,3750,NULL,51,NULL),(1347,3751,NULL,51,NULL),(1348,3752,NULL,51,NULL),(1349,3753,NULL,51,NULL),(1350,3754,NULL,51,NULL),(1351,3755,NULL,51,NULL),(1352,3756,NULL,51,NULL),(1353,3757,NULL,51,NULL),(1354,3758,NULL,51,NULL),(1355,3759,NULL,51,NULL),(1356,3760,NULL,51,NULL),(1357,3761,NULL,51,NULL),(1358,3762,NULL,51,NULL),(1359,3786,15,75,10791),(1360,3787,15,75,NULL),(1361,3788,15,75,NULL),(1362,3789,15,75,NULL),(1363,3790,15,75,NULL),(1364,3794,35,70,NULL),(1365,3795,35,70,NULL),(1366,3811,29,NULL,129596),(1367,3813,35,68,45000),(1368,3824,NULL,70,NULL),(1369,3825,NULL,70,521000),(1370,3829,38,51,NULL),(1371,3830,38,51,NULL),(1372,3831,38,51,NULL),(1373,3832,38,51,NULL),(1374,3833,36,NULL,NULL),(1375,3834,36,NULL,NULL),(1376,3835,36,NULL,NULL),(1377,3836,36,NULL,NULL),(1378,3853,36,NULL,NULL),(1379,3854,36,NULL,NULL),(1380,3855,36,NULL,NULL),(1381,3856,36,NULL,NULL),(1382,3885,27,91,NULL),(1383,3886,27,91,NULL),(1384,3887,27,91,NULL),(1385,3888,27,91,NULL),(1386,3889,27,91,NULL),(1387,3892,27,91,NULL),(1388,3893,27,91,NULL),(1389,3894,27,91,NULL),(1390,3895,27,91,NULL),(1391,3896,27,91,NULL),(1392,3897,27,91,NULL),(1393,3898,27,91,NULL),(1394,3899,27,91,NULL),(1395,3900,29,91,NULL),(1396,3901,29,91,NULL),(1397,3902,29,91,NULL),(1398,3903,29,91,NULL),(1399,3955,49,50,NULL),(1400,3960,30,68,41000),(1401,4062,38,51,NULL),(1402,4063,38,51,NULL),(1403,4066,36,38,NULL),(1404,4067,NULL,36,NULL),(1405,4068,38,NULL,NULL),(1406,4069,38,NULL,NULL),(1407,4072,36,NULL,NULL),(1408,4078,36,NULL,NULL),(1409,4079,36,38,NULL),(1410,4080,36,38,NULL),(1411,4081,36,38,NULL),(1412,4082,36,38,NULL),(1413,4083,36,NULL,NULL),(1414,4085,36,38,NULL),(1415,4086,36,38,NULL),(1416,4087,36,38,NULL),(1417,4088,36,38,NULL),(1418,4089,36,NULL,NULL),(1419,4123,NULL,56,NULL),(1420,4124,NULL,56,NULL),(1421,4134,12,91,100000),(1422,4135,12,91,100000),(1423,4136,12,91,9000),(1424,4137,12,92,91000),(1425,4138,12,91,100000),(1426,4139,12,91,100000),(1427,4140,12,91,100000),(1428,4141,12,91,100000),(1429,4219,49,50,100100),(1430,4223,49,50,NULL),(1431,4224,49,50,NULL),(1432,4225,49,50,NULL),(1433,4226,49,50,NULL),(1434,4227,15,75,2354),(1435,4228,35,70,521590),(1436,4230,35,70,NULL),(1437,4232,35,70,NULL),(1438,4233,35,70,NULL),(1439,4234,35,70,NULL),(1440,4235,35,70,NULL),(1441,4236,35,70,NULL),(1442,4237,35,91,NULL),(1443,4238,35,91,74000),(1444,4239,35,91,26000),(1445,4240,35,91,NULL),(1446,4241,35,91,NULL),(1447,4242,NULL,91,NULL),(1448,4243,NULL,91,NULL),(1449,4244,NULL,91,NULL),(1450,4245,NULL,91,NULL),(1451,4246,NULL,91,NULL),(1452,4247,NULL,91,NULL),(1453,4248,NULL,91,NULL),(1454,4249,NULL,91,NULL),(1455,4250,NULL,91,NULL),(1456,4251,NULL,91,NULL),(1457,4252,NULL,91,NULL),(1458,4253,NULL,91,NULL),(1459,4254,NULL,91,NULL),(1460,4256,NULL,91,NULL),(1461,4257,35,91,NULL),(1462,4258,35,91,NULL),(1463,4259,35,91,NULL),(1464,4260,NULL,91,NULL),(1465,4261,NULL,51,NULL),(1466,4262,NULL,51,NULL),(1467,4263,NULL,51,NULL),(1468,4264,NULL,51,NULL),(1469,4265,NULL,51,NULL),(1470,4266,NULL,51,NULL),(1471,4267,NULL,51,NULL),(1472,4268,NULL,51,NULL),(1473,4269,NULL,51,NULL),(1474,4270,NULL,51,NULL),(1475,4271,NULL,51,NULL),(1476,4272,NULL,51,NULL),(1477,4273,NULL,51,NULL),(1478,4274,NULL,51,NULL),(1479,4275,NULL,51,NULL),(1480,4276,NULL,51,NULL),(1481,4277,NULL,51,NULL),(1482,4278,NULL,51,NULL),(1483,4279,NULL,51,NULL),(1484,4280,NULL,51,NULL),(1485,4281,NULL,51,NULL),(1486,4282,NULL,51,NULL),(1487,4283,NULL,51,NULL),(1488,4284,NULL,51,NULL),(1489,4285,NULL,51,NULL),(1490,4286,NULL,51,NULL),(1491,4287,NULL,51,NULL),(1492,4288,NULL,51,NULL),(1493,4289,NULL,51,NULL),(1494,4290,NULL,51,NULL),(1495,4291,NULL,51,NULL),(1496,4292,NULL,51,NULL),(1497,4293,NULL,51,NULL),(1498,4294,NULL,51,NULL),(1499,4295,NULL,51,NULL),(1500,4296,NULL,51,NULL),(1501,4297,NULL,51,NULL),(1502,4298,NULL,51,NULL),(1503,4299,NULL,51,NULL),(1504,4300,NULL,51,NULL),(1505,4301,NULL,51,NULL),(1506,4302,NULL,51,NULL),(1507,4303,NULL,51,NULL),(1508,4304,NULL,51,NULL),(1509,4305,NULL,51,NULL),(1510,4306,NULL,51,NULL),(1511,4307,NULL,51,NULL),(1512,4308,NULL,51,NULL),(1513,4309,NULL,51,NULL),(1514,4310,NULL,51,NULL),(1515,4311,NULL,51,NULL),(1516,4312,NULL,51,NULL),(1517,4313,NULL,51,NULL),(1518,4314,NULL,51,NULL),(1519,4315,NULL,51,NULL),(1520,4316,NULL,51,NULL),(1521,4327,NULL,38,NULL),(1522,4328,NULL,38,NULL),(1523,4338,36,38,NULL),(1524,4340,30,68,NULL),(1525,4341,30,68,NULL),(1526,4342,30,68,NULL),(1527,4343,30,68,NULL),(1528,4344,30,68,NULL),(1529,4345,30,68,NULL),(1530,4346,30,68,NULL),(1531,4347,30,68,NULL),(1532,4348,30,68,NULL),(1533,4349,30,68,NULL),(1534,4350,30,68,NULL),(1535,4351,30,68,NULL),(1536,4352,30,68,NULL),(1537,4353,30,68,NULL),(1538,4354,30,68,NULL),(1539,4355,30,68,NULL),(1540,4356,30,68,NULL),(1541,4357,30,68,NULL),(1542,4358,30,68,NULL),(1543,4359,30,68,NULL),(1544,4360,30,68,NULL),(1545,4361,30,68,NULL),(1546,4362,30,68,NULL),(1547,4363,30,68,NULL),(1548,4368,30,NULL,0),(1549,4369,30,NULL,0),(1550,4370,30,NULL,0),(1551,4371,29,NULL,0),(1552,4374,27,91,NULL),(1553,4375,27,91,NULL),(1554,4378,29,93,9200),(1555,4379,29,93,9200),(1556,4382,29,93,NULL),(1557,4384,29,NULL,NULL),(1558,4385,29,NULL,NULL),(1559,4386,29,NULL,NULL),(1560,4387,29,NULL,NULL),(1561,4393,29,93,NULL),(1562,4394,29,NULL,NULL),(1563,4395,29,NULL,NULL),(1564,4396,29,NULL,NULL),(1565,4398,29,NULL,NULL),(1566,4399,29,NULL,NULL),(1567,4407,29,93,68000),(1568,4408,29,93,68000),(1569,4409,29,93,NULL),(1570,4410,29,93,NULL),(1571,4411,29,93,NULL),(1572,4412,29,93,NULL),(1573,4413,29,NULL,NULL),(1574,4414,29,NULL,NULL),(1575,4415,29,NULL,NULL),(1576,4416,29,NULL,NULL),(1577,4417,29,NULL,NULL),(1578,4418,29,NULL,NULL),(1579,4419,29,NULL,NULL),(1580,4420,29,NULL,NULL),(1581,4421,29,NULL,NULL),(1582,4422,29,NULL,NULL),(1583,4423,29,NULL,NULL),(1584,4424,29,NULL,NULL),(1585,4429,29,NULL,NULL),(1586,4430,29,NULL,NULL),(1587,4431,29,NULL,NULL),(1588,4432,29,NULL,NULL),(1589,4437,29,NULL,NULL),(1590,4438,29,NULL,NULL),(1591,4439,29,NULL,NULL),(1592,4440,29,NULL,NULL),(1593,4441,29,NULL,NULL),(1594,4442,29,NULL,NULL),(1595,4443,29,NULL,NULL),(1596,4444,29,NULL,NULL),(1597,4481,29,93,NULL),(1598,4482,29,93,NULL),(1599,4483,29,93,NULL),(1600,4484,29,93,NULL),(1601,4485,29,NULL,NULL),(1602,4486,29,NULL,NULL),(1603,4487,29,NULL,NULL),(1604,4488,29,NULL,NULL),(1605,4489,29,NULL,NULL),(1606,4490,29,NULL,NULL),(1607,4491,29,NULL,NULL),(1608,4492,29,NULL,NULL),(1609,4493,29,NULL,NULL),(1610,4554,8,2,NULL),(1611,4579,8,2,NULL),(1612,4610,12,8,NULL),(1613,4639,13,8,NULL),(1614,4648,13,8,NULL),(1615,4649,NULL,8,NULL),(1616,4650,NULL,8,NULL),(1617,4651,NULL,8,NULL),(1618,4659,NULL,8,NULL),(1619,4660,NULL,8,NULL),(1620,4661,NULL,8,NULL),(1621,4662,NULL,8,NULL),(1622,4663,NULL,8,NULL),(1623,4669,NULL,8,NULL),(1624,4671,8,2,NULL),(1625,4672,8,2,NULL),(1626,4673,8,2,NULL),(1627,4674,8,2,NULL),(1628,4675,8,2,NULL),(1629,4676,8,2,NULL),(1630,4677,8,2,NULL),(1631,4678,8,2,NULL),(1632,4679,12,NULL,NULL),(1633,4680,NULL,8,NULL),(1634,4683,NULL,8,NULL),(1635,4684,NULL,8,NULL),(1636,4685,NULL,8,NULL),(1637,4686,NULL,8,NULL),(1638,4687,NULL,8,NULL),(1639,4688,NULL,8,NULL),(1640,4689,NULL,8,NULL),(1641,4690,NULL,8,NULL),(1642,4691,NULL,8,NULL),(1643,4692,NULL,8,NULL),(1644,4693,13,NULL,NULL),(1645,4694,13,NULL,NULL),(1646,4695,13,NULL,NULL),(1647,4696,13,NULL,NULL),(1648,4697,13,NULL,NULL),(1649,4698,13,NULL,NULL),(1650,4699,13,NULL,NULL),(1651,4700,13,NULL,NULL),(1652,4701,13,NULL,NULL),(1653,4702,13,NULL,NULL),(1654,4703,13,NULL,NULL),(1655,4704,13,NULL,NULL),(1656,4705,13,NULL,NULL),(1657,4706,13,NULL,NULL),(1658,4728,NULL,8,NULL),(1659,4729,NULL,8,NULL),(1660,4730,NULL,8,NULL),(1661,4735,NULL,8,NULL),(1662,4736,NULL,8,NULL),(1663,4737,NULL,8,NULL),(1664,4738,NULL,8,NULL),(1665,4739,NULL,8,NULL),(1666,4740,NULL,8,NULL),(1667,4741,NULL,8,NULL),(1668,4742,NULL,8,NULL),(1669,4743,NULL,8,NULL),(1670,4744,NULL,8,NULL),(1671,4745,NULL,8,NULL),(1672,4746,NULL,8,NULL),(1673,4747,NULL,8,NULL),(1674,4748,NULL,8,NULL),(1675,4749,NULL,8,NULL),(1676,4750,NULL,8,NULL),(1677,4751,NULL,8,NULL),(1678,4752,NULL,8,NULL),(1679,4753,NULL,8,NULL),(1680,4754,NULL,8,NULL),(1681,4755,NULL,8,NULL),(1682,4756,NULL,8,NULL),(1683,4757,NULL,8,NULL),(1684,4758,NULL,8,NULL),(1685,4759,NULL,8,NULL),(1686,4760,NULL,8,NULL),(1687,4761,NULL,8,NULL),(1688,4785,NULL,8,NULL),(1689,4786,NULL,8,NULL),(1690,4787,NULL,8,NULL),(1691,4788,NULL,8,NULL),(1692,4789,NULL,8,NULL),(1693,4790,NULL,8,NULL),(1694,4791,NULL,8,NULL),(1695,4792,NULL,8,NULL),(1696,4793,NULL,8,NULL),(1697,4794,NULL,8,NULL),(1698,4795,NULL,8,NULL),(1699,4796,NULL,8,NULL),(1700,4797,NULL,8,NULL),(1701,4798,NULL,8,NULL),(1702,4799,NULL,8,NULL),(1703,4800,39,58,60489),(1704,4801,39,58,NULL),(1705,4802,8,2,NULL),(1706,4803,8,2,NULL),(1707,4804,8,2,NULL),(1708,4805,8,2,NULL),(1709,4806,8,2,NULL),(1710,4807,8,2,NULL),(1711,4808,8,2,NULL),(1712,4809,8,2,NULL),(1713,4810,8,2,NULL),(1714,4811,8,2,NULL),(1715,4812,8,2,NULL),(1716,4813,8,2,NULL),(1717,4814,12,8,NULL),(1718,4815,12,8,NULL),(1719,4816,12,8,NULL),(1720,4817,12,8,NULL),(1721,4818,NULL,8,NULL),(1722,4819,NULL,8,NULL),(1723,4820,NULL,8,NULL),(1724,4821,NULL,8,NULL),(1725,4822,NULL,8,NULL),(1726,4823,NULL,8,NULL),(1727,4824,NULL,8,NULL),(1728,4825,NULL,8,NULL),(1729,4826,NULL,8,NULL),(1730,4827,NULL,8,NULL),(1731,4828,NULL,8,NULL),(1732,4829,NULL,8,NULL),(1733,4830,NULL,8,NULL),(1734,4831,NULL,8,NULL),(1735,4832,13,8,NULL),(1736,4833,13,8,NULL),(1737,4834,13,8,NULL),(1738,4835,13,8,NULL),(1739,4837,13,8,NULL),(1740,4838,13,8,NULL),(1741,4839,13,8,NULL),(1742,4840,13,8,NULL),(1743,4844,NULL,8,NULL),(1744,4845,NULL,8,NULL),(1745,4846,NULL,8,NULL),(1746,4847,NULL,8,NULL),(1747,4848,NULL,8,NULL),(1748,4849,NULL,8,NULL),(1749,4850,NULL,8,NULL),(1750,4851,NULL,8,NULL),(1751,4852,NULL,8,NULL),(1752,4853,NULL,8,NULL),(1753,4854,NULL,8,NULL),(1754,4856,11,2,NULL),(1755,4857,11,2,NULL),(1756,4858,11,2,NULL),(1757,4859,11,2,NULL),(1758,4860,11,2,NULL),(1759,4861,11,2,NULL),(1760,4862,11,2,NULL),(1761,4863,11,2,NULL),(1762,4864,11,2,NULL),(1763,4865,11,2,NULL),(1764,4866,11,2,NULL),(1765,4867,11,2,NULL),(1766,4868,NULL,8,NULL),(1767,4869,NULL,8,NULL),(1768,4870,NULL,8,NULL),(1769,4871,NULL,8,NULL),(1770,4872,NULL,8,NULL),(1771,4873,NULL,8,NULL),(1772,4874,NULL,8,NULL),(1773,4875,NULL,8,NULL),(1774,4876,NULL,8,NULL),(1775,4877,NULL,8,NULL),(1776,4878,NULL,8,NULL),(1777,4879,NULL,8,NULL),(1778,4880,NULL,8,NULL),(1779,4881,NULL,8,NULL),(1780,4882,NULL,8,NULL),(1781,4883,NULL,8,NULL),(1782,4884,NULL,8,NULL),(1783,4885,NULL,8,NULL),(1784,4886,NULL,8,NULL),(1785,4887,NULL,8,NULL),(1786,4888,NULL,8,NULL),(1787,4889,NULL,8,NULL),(1788,4890,NULL,8,NULL),(1789,4891,NULL,8,NULL),(1790,4892,NULL,8,NULL),(1791,4893,NULL,8,NULL),(1792,4894,NULL,8,NULL),(1793,4895,NULL,8,NULL),(1794,4896,NULL,8,NULL),(1795,4897,NULL,8,NULL),(1796,4898,NULL,8,NULL),(1797,4899,NULL,8,NULL),(1798,4900,NULL,8,NULL),(1799,4901,NULL,8,NULL),(1800,4902,NULL,8,NULL),(1801,4903,NULL,8,NULL),(1802,4904,NULL,8,NULL),(1803,4905,NULL,8,NULL),(1804,4906,NULL,8,NULL),(1805,4907,NULL,8,NULL),(1806,4908,NULL,8,NULL),(1807,4909,NULL,8,NULL),(1808,4910,NULL,8,NULL),(1809,4911,NULL,8,NULL),(1810,4912,NULL,8,NULL),(1811,4913,NULL,8,NULL),(1812,4914,NULL,8,NULL),(1813,4915,NULL,8,NULL),(1814,4916,NULL,8,NULL),(1815,4917,NULL,8,NULL),(1816,4918,NULL,8,NULL),(1817,4919,NULL,8,NULL),(1818,4920,NULL,8,NULL),(1819,4921,NULL,8,NULL),(1820,4922,NULL,8,NULL),(1821,4923,NULL,8,NULL),(1822,4924,NULL,8,NULL),(1823,4925,NULL,8,NULL),(1824,4926,NULL,8,NULL),(1825,4927,NULL,8,NULL),(1826,4928,NULL,8,NULL),(1827,4929,NULL,8,NULL),(1828,4930,NULL,8,NULL),(1829,4931,NULL,8,NULL),(1830,4932,NULL,8,NULL),(1831,4933,NULL,8,NULL),(1832,4934,NULL,8,NULL),(1833,4935,NULL,8,NULL),(1834,4936,NULL,8,NULL),(1835,4937,NULL,8,NULL),(1836,4938,NULL,8,NULL),(1837,4939,NULL,8,NULL),(1838,4940,NULL,8,NULL),(1839,4941,NULL,8,NULL),(1840,4942,NULL,8,NULL),(1841,4943,NULL,8,NULL),(1842,4944,NULL,8,NULL),(1843,4945,NULL,8,NULL),(1844,4946,NULL,8,NULL),(1845,4947,NULL,8,NULL),(1846,4948,NULL,8,NULL),(1847,4949,NULL,8,NULL),(1848,4950,NULL,8,NULL),(1849,4951,NULL,8,NULL),(1850,4952,NULL,8,NULL),(1851,4953,NULL,8,NULL),(1852,4954,NULL,8,NULL),(1853,4955,NULL,8,NULL),(1854,4956,NULL,8,NULL),(1855,4957,NULL,8,NULL),(1856,4958,NULL,8,NULL),(1857,4959,NULL,8,NULL),(1858,4960,NULL,8,NULL),(1859,4961,NULL,8,NULL),(1860,4962,NULL,8,NULL),(1861,4963,NULL,8,NULL),(1862,4964,NULL,8,NULL),(1863,4965,NULL,8,NULL),(1864,4966,NULL,8,NULL),(1865,4967,NULL,8,NULL),(1866,4968,NULL,8,NULL),(1867,4969,NULL,8,NULL),(1868,4970,NULL,8,NULL),(1869,4971,NULL,8,NULL),(1870,4972,NULL,8,NULL),(1871,4973,NULL,8,NULL),(1872,4974,NULL,8,NULL),(1873,4975,NULL,8,NULL),(1874,4976,NULL,8,NULL),(1875,4978,NULL,8,NULL),(1876,4980,NULL,8,NULL),(1877,4981,NULL,8,NULL),(1878,4991,38,51,NULL),(1879,4992,NULL,38,NULL),(1880,4993,NULL,38,NULL),(1881,4994,NULL,38,NULL),(1882,4995,38,51,NULL),(1883,4996,38,51,NULL),(1884,5001,36,38,NULL),(1885,5002,NULL,36,NULL),(1886,5003,NULL,36,NULL),(1887,5004,38,51,NULL),(1888,5005,38,51,NULL),(1889,5006,36,38,NULL),(1890,5007,NULL,36,NULL),(1891,5008,NULL,38,NULL),(1892,5010,28,98,NULL),(1893,5012,31,NULL,141000),(1894,5013,31,NULL,NULL),(1895,5014,31,NULL,NULL),(1896,5018,31,NULL,NULL),(1897,5019,31,NULL,NULL),(1898,5021,99,NULL,NULL),(1899,5023,49,50,NULL),(1900,5024,NULL,50,NULL),(1901,5025,NULL,50,NULL),(1902,5026,49,50,NULL),(1903,5027,49,50,NULL),(1904,5028,49,50,NULL),(1905,5029,49,50,NULL),(1906,5030,49,50,NULL),(1907,5031,31,2,NULL),(1908,5042,36,38,NULL),(1909,5047,31,91,100000),(1910,5057,31,NULL,66000),(1911,5058,31,NULL,66000),(1912,5059,31,NULL,14000),(1913,5060,31,NULL,14000),(1914,5062,30,91,91000),(1915,5063,30,91,91000),(1916,5069,31,2,88600),(1917,5070,31,2,88600),(1918,5071,31,2,88600),(1919,5072,31,2,59000),(1920,5073,31,2,59000),(1921,5074,31,2,NULL),(1922,5075,31,2,NULL),(1923,5076,31,2,59000),(1924,5077,31,2,147600),(1925,5078,31,2,147600),(1926,5079,31,2,147600),(1927,5081,31,NULL,NULL),(1928,5082,NULL,107,NULL),(1929,5083,31,NULL,NULL),(1930,5084,31,NULL,NULL),(1931,5088,NULL,107,NULL),(1932,5089,31,NULL,NULL),(1933,5090,31,NULL,NULL),(1934,5091,31,NULL,NULL),(1935,5092,31,NULL,NULL),(1936,5093,31,NULL,NULL),(1937,5095,NULL,107,NULL),(1938,5098,31,NULL,NULL),(1939,5099,31,NULL,NULL),(1940,5100,31,NULL,NULL),(1941,5101,31,NULL,NULL),(1942,5102,31,NULL,NULL),(1943,5103,31,NULL,NULL),(1944,5104,31,NULL,NULL),(1945,5105,31,NULL,NULL),(1946,5106,31,NULL,NULL),(1947,5107,31,NULL,NULL),(1948,5110,31,NULL,NULL),(1949,5111,31,NULL,NULL),(1950,5112,31,NULL,NULL),(1951,5113,31,NULL,NULL),(1952,5114,31,NULL,NULL),(1953,5115,31,NULL,NULL),(1954,5116,31,NULL,NULL),(1955,5117,31,NULL,NULL),(1956,5119,13,109,248000),(1957,5120,30,68,NULL),(1958,5121,12,NULL,NULL),(1959,5122,12,2,165941),(1960,5123,12,2,21572),(1961,5124,12,92,144369),(1962,5125,12,2,165941),(1963,5126,12,2,165941),(1964,5127,12,2,165941),(1965,5128,12,2,165941),(1966,5130,12,2,52666),(1967,5131,12,92,52666),(1968,5132,12,2,52666),(1969,5133,12,2,52666),(1970,5134,12,2,52666),(1971,5135,12,2,52666),(1972,5177,29,NULL,38106),(1973,5179,31,91,121275),(1974,5180,31,NULL,NULL),(1975,5183,31,NULL,NULL),(1976,5184,31,NULL,NULL),(1977,5185,31,NULL,NULL),(1978,5189,31,NULL,NULL),(1979,5190,31,NULL,NULL),(1980,5193,31,NULL,NULL),(1981,5195,31,NULL,NULL),(1982,5204,31,91,NULL),(1983,5205,31,91,10583),(1984,5206,31,91,131858),(1985,5207,31,91,131858),(1986,5208,31,91,131858),(1987,5209,31,91,30591),(1988,5211,NULL,NULL,54000),(1989,5212,NULL,38,NULL),(1990,5213,NULL,38,NULL),(1991,5214,NULL,38,NULL),(1992,5215,NULL,38,NULL),(1993,5216,36,38,NULL),(1994,5217,36,38,NULL),(1995,5222,29,NULL,381),(1996,5223,11,8,158760),(1997,5224,11,8,158760),(1998,5225,11,8,158760),(1999,5226,11,8,158760),(2000,5227,11,8,158760),(2001,5228,11,8,158760),(2002,5229,11,8,158760),(2003,5230,11,8,158760),(2004,5231,11,8,158760),(2005,5232,11,8,158760),(2006,5233,11,8,158760),(2007,5234,11,8,158760),(2008,5235,11,8,158760),(2009,5236,11,8,158760),(2010,5237,11,8,158760),(2011,5238,11,8,158760),(2012,5239,11,8,158760),(2013,5240,11,8,158760),(2014,5241,11,8,158760),(2015,5242,11,8,158760),(2016,5243,11,8,158760),(2017,5244,11,8,158760),(2018,5245,11,8,158760),(2019,5246,11,8,158760),(2020,5247,31,2,NULL),(2021,5248,8,2,8602),(2022,5252,12,8,NULL),(2023,5253,12,8,NULL),(2024,5254,NULL,8,NULL),(2025,5255,NULL,8,NULL),(2026,5256,NULL,8,NULL),(2027,5257,NULL,8,NULL),(2028,5258,NULL,8,NULL),(2029,5259,NULL,8,NULL),(2030,5260,NULL,8,NULL),(2031,5261,NULL,8,NULL),(2032,5262,NULL,8,NULL),(2033,5263,NULL,8,NULL),(2034,5264,NULL,8,NULL),(2035,5265,NULL,8,NULL),(2036,5266,NULL,8,NULL),(2037,5267,NULL,8,NULL),(2038,5268,NULL,8,NULL),(2039,5269,12,8,NULL),(2040,5270,12,8,NULL),(2041,5271,12,8,NULL),(2042,5272,12,8,NULL),(2043,5273,12,8,NULL),(2044,5274,12,8,NULL),(2045,5275,12,8,NULL),(2046,5276,11,8,NULL),(2047,5277,11,8,NULL),(2048,5278,11,8,NULL),(2049,5279,11,8,NULL),(2050,5280,11,8,NULL),(2051,5281,11,8,NULL),(2052,5282,11,8,NULL),(2053,5283,NULL,8,NULL),(2054,5284,NULL,8,NULL),(2055,5285,NULL,8,NULL),(2056,5286,NULL,8,NULL),(2057,5287,NULL,8,NULL),(2058,5288,NULL,8,NULL),(2059,5289,NULL,8,NULL),(2060,5290,NULL,8,NULL),(2061,5291,NULL,8,NULL),(2062,5292,NULL,8,NULL),(2063,5293,NULL,8,NULL),(2064,5294,NULL,8,NULL),(2065,5295,NULL,8,NULL),(2066,5296,NULL,8,NULL),(2067,5297,NULL,8,NULL),(2068,5298,NULL,8,NULL),(2069,5299,NULL,8,NULL),(2070,5300,NULL,8,NULL),(2071,5301,NULL,8,NULL),(2072,5302,NULL,8,NULL),(2073,5303,NULL,8,NULL),(2074,5304,NULL,8,NULL),(2075,5305,NULL,8,NULL),(2076,5306,NULL,8,NULL),(2077,5307,NULL,8,NULL),(2078,5308,NULL,8,NULL),(2079,5309,NULL,8,NULL),(2080,5310,NULL,8,NULL),(2081,5311,NULL,8,NULL),(2082,5312,NULL,8,NULL),(2083,5313,NULL,8,NULL),(2084,5314,NULL,8,NULL),(2085,5315,NULL,8,NULL),(2086,5316,NULL,8,NULL),(2087,5317,NULL,8,NULL),(2088,5318,NULL,8,NULL),(2089,5319,NULL,8,NULL),(2090,5320,NULL,8,NULL),(2091,5321,NULL,8,NULL),(2092,5322,NULL,8,NULL),(2093,5323,NULL,8,NULL),(2094,5324,NULL,8,NULL),(2095,5325,NULL,8,NULL),(2096,5326,NULL,8,NULL),(2097,5327,NULL,8,NULL),(2098,5328,NULL,8,NULL),(2099,5329,NULL,8,NULL),(2100,5330,NULL,8,NULL),(2101,5331,NULL,8,NULL),(2102,5332,NULL,8,NULL),(2103,5333,NULL,8,NULL),(2104,5334,NULL,8,NULL),(2105,5335,NULL,8,NULL),(2106,5336,NULL,8,NULL),(2107,5337,NULL,8,NULL),(2108,5338,NULL,8,NULL),(2109,5339,NULL,8,NULL),(2110,5340,NULL,8,NULL),(2111,5341,NULL,8,NULL),(2112,5342,NULL,8,NULL),(2113,5343,NULL,8,NULL),(2114,5344,NULL,8,NULL),(2115,5345,NULL,8,NULL),(2116,5346,NULL,8,NULL),(2117,5347,NULL,8,NULL),(2118,5348,NULL,8,NULL),(2119,5349,NULL,8,NULL),(2120,5350,NULL,8,NULL),(2121,5351,NULL,8,NULL),(2122,5352,NULL,8,NULL),(2123,5353,NULL,8,NULL),(2124,5354,NULL,8,NULL),(2125,5355,NULL,8,NULL),(2126,5356,NULL,8,NULL),(2127,5357,NULL,8,NULL),(2128,5358,NULL,8,NULL),(2129,5359,NULL,8,NULL),(2130,5360,NULL,8,NULL),(2131,5361,NULL,8,NULL),(2132,5362,NULL,8,NULL),(2133,5363,NULL,8,NULL),(2134,5364,NULL,8,NULL),(2135,5365,NULL,8,NULL),(2136,5366,NULL,8,NULL),(2137,5367,NULL,8,NULL),(2138,5368,NULL,8,NULL),(2139,5369,NULL,8,NULL),(2140,5370,NULL,8,NULL),(2141,5371,NULL,NULL,71675),(2142,5372,NULL,NULL,71675),(2143,5373,NULL,NULL,168025),(2144,5374,NULL,NULL,239700),(2145,5375,NULL,NULL,165675),(2146,5376,NULL,NULL,74025),(2147,5391,8,2,4428),(2148,5392,8,2,3476),(2149,5393,8,2,635),(2150,5394,8,2,333),(2151,5395,8,2,175),(2152,5396,8,2,413),(2153,5397,8,2,1365),(2154,5398,8,2,127),(2155,5399,8,2,79),(2156,5400,8,2,48),(2157,5401,8,2,698),(2158,5402,8,2,190),(2159,5403,8,2,159),(2160,5404,8,2,95),(2161,5405,NULL,8,NULL),(2162,5406,NULL,8,NULL),(2163,5407,NULL,8,NULL),(2164,5408,NULL,8,NULL),(2165,5409,NULL,8,NULL),(2166,5410,NULL,8,NULL),(2167,5411,NULL,8,NULL),(2168,5412,NULL,8,NULL),(2169,5413,NULL,8,NULL),(2170,5414,NULL,8,NULL),(2171,5415,NULL,8,NULL),(2172,5416,NULL,8,NULL),(2173,5417,NULL,8,NULL),(2174,5418,NULL,8,NULL),(2175,5419,NULL,8,NULL),(2176,5420,NULL,8,NULL),(2177,5421,NULL,8,NULL),(2178,5422,NULL,8,NULL),(2179,5423,NULL,8,NULL),(2180,5424,NULL,8,NULL),(2181,5425,NULL,8,NULL),(2182,5426,NULL,8,NULL),(2183,5427,NULL,8,NULL),(2184,5428,NULL,8,NULL),(2185,5429,NULL,8,NULL),(2186,5430,NULL,8,NULL),(2187,5431,NULL,8,NULL),(2188,5432,NULL,8,NULL),(2189,5433,NULL,8,NULL),(2190,5434,NULL,8,NULL),(2191,5435,NULL,8,NULL),(2192,5436,NULL,8,NULL),(2193,5437,NULL,8,NULL),(2194,5438,NULL,8,NULL),(2195,5439,NULL,8,NULL),(2196,5440,NULL,8,NULL),(2197,5441,NULL,8,NULL),(2198,5442,NULL,8,NULL),(2199,5443,NULL,8,NULL),(2200,5444,NULL,8,NULL),(2201,5445,NULL,8,NULL),(2202,5446,NULL,8,NULL),(2203,5447,NULL,8,NULL),(2204,5448,NULL,8,NULL),(2205,5449,NULL,8,NULL),(2206,5450,NULL,8,NULL),(2207,5451,NULL,8,NULL),(2208,5452,NULL,8,NULL),(2209,5453,NULL,8,NULL),(2210,5454,NULL,8,NULL),(2211,5455,NULL,8,NULL),(2212,5456,NULL,8,NULL),(2213,5457,NULL,8,NULL),(2214,5458,NULL,8,NULL),(2215,5459,NULL,8,NULL),(2216,5460,NULL,8,NULL),(2217,5461,NULL,8,NULL),(2218,5462,NULL,8,NULL),(2219,5463,NULL,8,NULL),(2220,5464,NULL,8,NULL),(2221,5465,NULL,8,NULL),(2222,5466,NULL,8,NULL),(2223,5467,NULL,8,NULL),(2224,5468,NULL,8,NULL),(2225,5469,NULL,8,NULL),(2226,5470,NULL,8,NULL),(2227,5471,NULL,8,NULL),(2228,5472,NULL,8,NULL),(2229,5473,NULL,8,NULL),(2230,5474,NULL,8,NULL),(2231,5475,NULL,8,NULL),(2232,5476,NULL,8,NULL),(2233,5477,NULL,8,NULL),(2234,5478,NULL,8,NULL),(2235,5479,NULL,8,NULL),(2236,5480,NULL,8,NULL),(2237,5481,NULL,8,NULL),(2238,5482,NULL,8,NULL),(2239,5483,NULL,8,NULL),(2240,5484,NULL,8,NULL),(2241,5485,NULL,8,NULL),(2242,5486,NULL,8,NULL),(2243,5487,NULL,8,NULL),(2244,5488,NULL,8,NULL),(2245,5489,NULL,8,NULL),(2246,5490,NULL,8,NULL),(2247,5491,NULL,8,NULL),(2248,5492,NULL,8,NULL),(2249,5493,NULL,8,NULL),(2250,5494,NULL,8,NULL),(2251,5495,NULL,8,NULL),(2252,5496,NULL,8,NULL),(2253,5497,NULL,8,NULL),(2254,5498,NULL,8,NULL),(2255,5499,NULL,8,NULL),(2256,5500,NULL,8,NULL),(2257,5501,NULL,8,NULL),(2258,5502,NULL,8,NULL),(2259,5503,NULL,8,NULL),(2260,5504,NULL,8,NULL),(2261,5505,NULL,8,NULL),(2262,5506,NULL,8,NULL),(2263,5507,NULL,8,NULL),(2264,5508,NULL,8,NULL),(2265,5509,NULL,8,NULL),(2266,5510,NULL,8,NULL),(2267,5511,NULL,8,NULL),(2268,5512,NULL,8,NULL),(2269,5513,NULL,8,NULL),(2270,5514,NULL,8,NULL),(2271,5515,NULL,8,NULL),(2272,5516,NULL,8,NULL),(2273,5517,NULL,8,NULL),(2274,5518,NULL,8,NULL),(2275,5519,NULL,8,NULL),(2276,5520,NULL,8,NULL),(2277,5521,NULL,8,NULL),(2278,5522,NULL,8,NULL),(2279,5523,NULL,8,NULL),(2280,5524,NULL,8,NULL),(2281,5525,11,8,NULL),(2282,5526,11,8,NULL),(2283,5527,11,8,NULL),(2284,5528,11,8,NULL),(2285,5529,11,8,NULL),(2286,5530,11,8,NULL),(2287,5531,11,8,NULL),(2288,5532,11,8,NULL),(2289,5533,11,8,NULL),(2290,5534,11,8,NULL),(2291,5535,11,8,NULL),(2292,5536,11,8,NULL),(2293,5537,11,8,NULL),(2294,5538,11,8,NULL),(2295,5539,11,8,NULL),(2296,5540,11,8,NULL),(2297,5541,11,8,NULL),(2298,5542,11,8,NULL),(2299,5543,11,8,NULL),(2300,5544,11,8,NULL),(2301,5545,11,8,NULL),(2302,5546,NULL,8,NULL),(2303,5547,NULL,8,NULL),(2304,5548,NULL,8,NULL),(2305,5549,NULL,8,NULL),(2306,5550,NULL,8,NULL),(2307,5551,NULL,8,NULL),(2308,5552,NULL,8,NULL),(2309,5553,NULL,8,NULL),(2310,5554,NULL,8,NULL),(2311,5555,NULL,8,NULL),(2312,5556,NULL,8,NULL),(2313,5557,NULL,8,NULL),(2314,5558,NULL,8,NULL),(2315,5559,NULL,8,NULL),(2316,5560,NULL,8,NULL),(2317,5561,NULL,8,NULL),(2318,5562,NULL,8,NULL),(2319,5563,NULL,8,NULL),(2320,5564,NULL,8,NULL),(2321,5565,NULL,8,NULL),(2322,5566,NULL,8,NULL),(2323,5567,NULL,8,NULL),(2324,5568,NULL,8,NULL),(2325,5569,NULL,8,NULL),(2326,5570,NULL,8,NULL),(2327,5571,NULL,8,NULL),(2328,5572,NULL,8,NULL),(2329,5573,NULL,8,NULL),(2330,5574,NULL,8,NULL),(2331,5575,NULL,8,NULL),(2332,5576,NULL,8,NULL),(2333,5577,NULL,8,NULL),(2334,5578,NULL,8,NULL),(2335,5579,NULL,8,NULL),(2336,5580,NULL,8,NULL),(2337,5581,NULL,8,NULL),(2338,5582,NULL,8,NULL),(2339,5583,NULL,8,NULL),(2340,5584,NULL,8,NULL),(2341,5585,NULL,8,NULL),(2342,5586,NULL,8,NULL),(2343,5587,NULL,8,NULL),(2344,5588,NULL,8,NULL),(2345,5589,NULL,8,NULL),(2346,5590,NULL,8,NULL),(2347,5591,NULL,8,NULL),(2348,5592,NULL,8,NULL),(2349,5593,NULL,8,NULL),(2350,5594,NULL,8,NULL),(2351,5595,NULL,8,NULL),(2352,5596,NULL,8,NULL),(2353,5597,NULL,8,NULL),(2354,5598,NULL,8,NULL),(2355,5599,NULL,8,NULL),(2356,5600,NULL,8,NULL),(2357,5601,NULL,8,NULL),(2358,5602,NULL,8,NULL),(2359,5603,NULL,8,NULL),(2360,5604,NULL,8,NULL),(2361,5605,NULL,8,NULL),(2362,5606,NULL,8,NULL),(2363,5607,NULL,8,NULL),(2364,5608,NULL,8,NULL),(2365,5609,NULL,8,NULL),(2366,5610,NULL,8,NULL),(2367,5611,NULL,8,NULL),(2368,5612,12,8,NULL),(2369,5613,12,8,NULL),(2370,5614,12,8,NULL),(2371,5615,12,8,NULL),(2372,5616,12,8,NULL),(2373,5617,12,8,NULL),(2374,5618,12,8,NULL),(2375,5619,12,8,NULL),(2376,5620,12,8,NULL),(2377,5621,12,8,NULL),(2378,5622,12,8,NULL),(2379,5623,12,8,NULL),(2380,5624,12,8,NULL),(2381,5625,12,8,NULL),(2382,5626,12,8,NULL),(2383,5627,11,8,NULL),(2384,5628,11,8,NULL),(2385,5629,11,8,NULL),(2386,5630,11,8,NULL),(2387,5631,11,8,NULL),(2388,5632,11,8,NULL),(2389,5633,11,8,NULL),(2390,5634,11,8,NULL),(2391,5635,11,8,NULL),(2392,5636,11,8,NULL),(2393,5637,11,8,NULL),(2394,5638,11,8,NULL),(2395,5639,11,8,NULL),(2396,5640,11,8,NULL),(2397,5641,11,8,NULL),(2398,5642,11,8,NULL),(2399,5643,11,8,NULL),(2400,5644,11,8,NULL),(2401,5645,11,8,NULL),(2402,5646,11,8,NULL),(2403,5647,11,8,NULL),(2404,5648,11,8,NULL),(2405,5649,11,8,NULL),(2406,5650,11,8,NULL),(2407,5651,13,8,NULL),(2408,5652,13,8,NULL),(2409,5653,13,8,NULL),(2410,5654,13,8,NULL),(2411,5655,13,8,NULL),(2412,5656,13,8,NULL),(2413,5657,13,8,NULL),(2414,5658,13,8,NULL),(2415,5659,13,8,NULL),(2416,5660,13,8,NULL),(2417,5661,13,8,NULL),(2418,5662,13,8,NULL),(2419,5663,13,8,NULL),(2420,5664,13,8,NULL),(2421,5665,13,8,NULL),(2422,5666,13,8,NULL),(2423,5667,13,8,NULL),(2424,5668,13,8,NULL),(2425,5669,13,8,NULL),(2426,5670,13,8,NULL),(2427,5671,13,8,NULL),(2428,5672,13,8,NULL),(2429,5673,13,8,NULL),(2430,5674,13,8,NULL),(2431,5675,13,8,NULL),(2432,5676,13,8,NULL),(2433,5677,13,8,NULL),(2434,5678,13,8,NULL),(2435,5679,13,8,NULL),(2436,5680,13,8,NULL),(2437,5681,11,NULL,158760),(2438,5682,11,NULL,158760),(2439,5683,11,NULL,158760),(2440,5684,11,NULL,158760),(2441,5685,11,NULL,158760),(2442,5686,11,NULL,158760),(2443,5687,11,NULL,158760),(2444,5688,11,NULL,158760),(2445,5689,11,NULL,158760),(2446,5690,11,NULL,158760),(2447,5691,11,NULL,158760),(2448,5692,11,NULL,158760),(2449,5693,11,NULL,158760),(2450,5694,11,NULL,158760),(2451,5695,11,NULL,158760),(2452,5696,11,NULL,158760),(2453,5697,11,NULL,158760),(2454,5698,11,NULL,158760),(2455,5699,11,NULL,158760),(2456,5700,11,NULL,158760),(2457,5701,11,NULL,158760),(2458,5702,11,NULL,158760),(2459,5703,11,NULL,158760),(2460,5704,11,NULL,158760),(2461,5705,11,NULL,158760),(2462,5706,11,NULL,158760),(2463,5707,11,NULL,158760),(2464,5708,11,NULL,158760),(2465,5709,11,NULL,158760),(2466,5710,11,NULL,158760),(2467,5711,12,8,NULL),(2468,5712,12,8,NULL),(2469,5713,12,8,NULL),(2470,5714,12,8,NULL),(2471,5715,12,8,NULL),(2472,5716,12,8,NULL),(2473,5717,12,8,NULL),(2474,5718,12,8,NULL),(2475,5719,12,8,NULL),(2476,5720,12,8,NULL),(2477,5721,12,8,NULL),(2478,5722,12,8,NULL),(2479,5723,12,8,NULL),(2480,5724,12,8,NULL),(2481,5725,NULL,8,NULL),(2482,5726,12,8,NULL),(2483,5727,12,8,NULL),(2484,5728,12,8,NULL),(2485,5729,12,8,NULL),(2486,5730,11,8,NULL),(2487,5731,11,8,NULL),(2488,5732,11,8,NULL),(2489,5733,NULL,8,NULL),(2490,5734,NULL,8,NULL),(2491,5735,NULL,8,NULL),(2492,5736,NULL,8,NULL),(2493,5737,NULL,8,NULL),(2494,5738,NULL,8,NULL),(2495,5739,NULL,8,NULL),(2496,5740,NULL,8,NULL),(2497,5741,NULL,8,NULL),(2498,5742,NULL,8,NULL),(2499,5743,NULL,8,NULL),(2500,5744,NULL,8,NULL),(2501,5745,NULL,8,NULL),(2502,5746,NULL,8,NULL),(2503,5747,NULL,8,NULL),(2504,5748,NULL,8,NULL),(2505,5749,NULL,8,NULL),(2506,5750,NULL,8,NULL),(2507,5751,NULL,8,NULL),(2508,5752,NULL,8,NULL),(2509,5753,13,8,NULL),(2510,5754,13,8,NULL),(2511,5756,NULL,8,NULL),(2512,5757,NULL,8,NULL),(2513,5758,NULL,8,NULL),(2514,5759,NULL,8,NULL),(2515,5760,NULL,8,NULL),(2516,5761,NULL,8,NULL),(2517,5762,11,8,NULL),(2518,5763,11,8,NULL),(2519,5764,11,8,NULL),(2520,5765,11,8,NULL),(2521,5766,11,8,NULL),(2522,5767,11,8,NULL),(2523,5768,11,8,NULL),(2524,5769,11,8,NULL),(2525,5772,35,51,32665),(2526,5774,NULL,53,NULL),(2527,5775,NULL,53,NULL),(2528,5776,NULL,53,NULL),(2529,5777,NULL,53,NULL),(2530,5778,NULL,53,NULL),(2531,5779,NULL,53,NULL),(2532,5780,11,53,NULL),(2533,5781,11,53,NULL),(2534,5782,11,53,NULL),(2535,5783,11,53,NULL),(2536,5784,11,53,NULL),(2537,5785,11,53,NULL),(2538,5786,NULL,53,NULL),(2539,5787,NULL,53,NULL),(2540,5788,NULL,53,NULL),(2541,5789,NULL,53,NULL),(2542,5790,NULL,53,NULL),(2543,5791,NULL,53,NULL),(2544,5792,NULL,53,NULL),(2545,5793,NULL,53,NULL),(2546,5794,NULL,53,NULL),(2547,5795,NULL,53,NULL),(2548,5796,NULL,53,NULL),(2549,5797,NULL,53,NULL),(2550,5798,NULL,53,NULL),(2551,5799,NULL,53,NULL),(2552,5800,NULL,53,NULL),(2553,5801,NULL,53,NULL),(2554,5802,NULL,53,NULL),(2555,5803,NULL,53,NULL),(2556,5804,NULL,110,NULL),(2557,5805,NULL,110,NULL),(2558,5806,NULL,110,NULL),(2559,5807,NULL,110,NULL),(2560,5808,NULL,110,NULL),(2561,5809,NULL,110,NULL),(2562,5810,NULL,11,NULL),(2563,5811,NULL,11,NULL),(2564,5812,NULL,11,NULL),(2565,5813,NULL,11,NULL),(2566,5814,NULL,53,NULL),(2567,5815,NULL,53,NULL),(2568,5816,NULL,53,NULL),(2569,5817,NULL,53,NULL),(2570,5818,NULL,53,NULL),(2571,5819,NULL,53,NULL),(2572,5820,NULL,53,NULL),(2573,5821,NULL,53,NULL),(2574,5822,NULL,53,NULL),(2575,5823,NULL,53,NULL),(2576,5824,NULL,53,NULL),(2577,5825,NULL,53,NULL),(2578,5826,NULL,11,NULL),(2579,5827,12,53,NULL),(2580,5828,12,53,NULL),(2581,5829,12,53,NULL),(2582,5830,12,53,NULL),(2583,5831,12,53,NULL),(2584,5832,12,53,NULL),(2585,5833,NULL,53,NULL),(2586,5834,NULL,53,NULL),(2587,5835,NULL,53,NULL),(2588,5836,NULL,53,NULL),(2589,5837,NULL,53,NULL),(2590,5838,NULL,53,NULL),(2591,5839,NULL,53,NULL),(2592,5840,NULL,53,NULL),(2593,5841,NULL,53,NULL),(2594,5842,NULL,53,NULL),(2595,5843,NULL,53,NULL),(2596,5844,NULL,53,NULL),(2597,5845,NULL,53,NULL),(2598,5846,NULL,11,NULL),(2599,5847,NULL,11,NULL),(2600,5848,NULL,11,NULL),(2601,5849,NULL,11,NULL),(2602,5850,NULL,11,NULL),(2603,5851,NULL,11,NULL),(2604,5852,NULL,53,NULL),(2605,5853,NULL,53,NULL),(2606,5854,NULL,53,NULL),(2607,5855,NULL,53,NULL),(2608,5856,NULL,53,NULL),(2609,5857,NULL,53,NULL),(2610,5858,12,53,NULL),(2611,5859,12,53,NULL),(2612,5860,12,53,NULL),(2613,5861,12,53,NULL),(2614,5862,12,53,NULL),(2615,5863,11,57,NULL),(2616,5864,NULL,53,NULL),(2617,5865,NULL,53,NULL),(2618,5866,NULL,53,NULL),(2619,5867,NULL,53,NULL),(2620,5868,NULL,53,NULL),(2621,5869,NULL,53,NULL),(2622,5870,NULL,53,NULL),(2623,5871,NULL,53,NULL),(2624,5872,NULL,53,NULL),(2625,5873,NULL,53,NULL),(2626,5874,NULL,53,NULL),(2627,5875,NULL,53,NULL),(2628,5876,NULL,53,NULL),(2629,5877,NULL,53,NULL),(2630,5878,NULL,53,NULL),(2631,5879,NULL,53,NULL),(2632,5880,NULL,53,NULL),(2633,5881,NULL,53,NULL),(2634,5882,NULL,53,NULL),(2635,5883,NULL,53,NULL),(2636,5884,NULL,53,NULL),(2637,5885,NULL,12,NULL),(2638,5886,NULL,12,NULL),(2639,5894,NULL,36,54050),(2640,5895,NULL,36,71675),(2641,5896,NULL,36,71675),(2642,5897,NULL,36,168025),(2643,5898,NULL,36,239700),(2644,5899,NULL,36,165675),(2645,5900,NULL,36,74025),(2646,5901,33,NULL,1052000),(2647,5902,NULL,NULL,900288),(2648,5903,23,NULL,225072),(2649,5904,23,NULL,47932),(2650,5905,23,NULL,191728),(2651,5912,23,NULL,NULL),(2652,5913,23,NULL,NULL),(2653,5914,33,NULL,1313),(2654,5915,33,NULL,1813),(2655,5916,23,NULL,875),(2656,5917,33,NULL,1209),(2657,5918,33,NULL,656),(2658,5919,33,NULL,907),(2659,5921,NULL,8,NULL),(2660,5923,NULL,8,NULL),(2661,5924,NULL,8,NULL),(2662,5926,NULL,8,NULL),(2663,5929,NULL,8,NULL),(2664,5931,NULL,8,NULL),(2665,5932,NULL,8,NULL),(2666,5937,NULL,8,NULL),(2667,5938,NULL,8,NULL),(2668,5939,NULL,8,NULL),(2669,5940,NULL,8,NULL),(2670,5941,NULL,8,NULL),(2671,5942,NULL,8,NULL),(2672,5943,NULL,8,NULL),(2673,5944,NULL,8,NULL),(2674,5945,NULL,8,NULL),(2675,5946,NULL,8,NULL),(2676,5947,NULL,8,NULL),(2677,5948,NULL,8,NULL),(2678,5949,NULL,8,NULL),(2679,5950,NULL,8,NULL),(2680,5951,NULL,8,NULL),(2681,5952,NULL,8,NULL),(2682,5953,NULL,8,NULL),(2683,5954,NULL,8,NULL),(2684,5955,NULL,8,NULL),(2685,5956,NULL,8,NULL),(2686,5957,NULL,8,NULL),(2687,5958,NULL,8,NULL),(2688,5959,NULL,8,NULL),(2689,5960,NULL,8,NULL),(2690,5961,NULL,8,NULL),(2691,5962,7,121,39000),(2692,5963,7,122,129240),(2693,5964,11,2,218607),(2694,5966,11,NULL,NULL),(2695,5967,NULL,11,NULL),(2696,5969,NULL,11,NULL),(2697,5971,31,NULL,40800),(2698,5972,31,NULL,40800),(2699,5973,31,NULL,40800),(2700,5974,NULL,NULL,80000),(2701,5975,111,NULL,98000),(2702,5976,111,NULL,98000),(2703,5977,111,NULL,58800),(2704,5978,111,NULL,58800),(2705,5979,111,NULL,98000),(2706,5980,111,NULL,98000),(2707,5982,111,NULL,39200),(2708,5983,111,NULL,39200),(2709,5984,111,NULL,66000),(2710,5985,111,NULL,14000),(2711,5986,111,NULL,14000),(2712,5987,111,NULL,66000),(2713,5988,30,68,NULL),(2714,5989,30,68,NULL),(2715,5991,30,68,NULL),(2716,5992,30,68,NULL),(2717,5993,11,8,NULL),(2718,5994,30,30,NULL),(2719,5995,30,30,NULL),(2720,5996,30,30,NULL),(2721,5997,30,30,NULL),(2722,5998,31,30,NULL),(2723,5999,31,30,NULL),(2724,6000,31,30,NULL),(2725,6001,31,30,NULL),(2726,6002,31,30,NULL),(2727,6003,31,30,NULL),(2728,6004,31,30,NULL),(2729,6005,31,30,NULL),(2730,6006,31,30,NULL),(2731,6007,31,30,NULL),(2732,6008,31,30,NULL),(2733,6009,31,30,NULL),(2734,6010,30,30,NULL),(2735,6011,30,30,NULL),(2736,6012,30,30,NULL),(2737,6013,30,30,NULL),(2738,6014,31,30,NULL),(2739,6015,31,30,NULL),(2740,6016,30,30,NULL),(2741,6017,30,30,NULL),(2742,6018,30,30,NULL),(2743,6019,30,30,NULL),(2744,6020,30,30,NULL),(2745,6021,30,30,NULL),(2746,6022,30,30,NULL),(2747,6023,30,30,NULL),(2748,6024,NULL,30,NULL),(2749,6025,NULL,30,NULL),(2750,6026,NULL,30,NULL),(2751,6027,NULL,30,NULL),(2752,6028,NULL,30,NULL),(2753,6029,NULL,30,NULL),(2754,6030,NULL,30,NULL),(2755,6031,NULL,30,NULL),(2756,6032,NULL,30,NULL),(2757,6033,NULL,30,NULL),(2758,6034,NULL,30,NULL),(2759,6035,NULL,30,NULL),(2760,6036,NULL,11,NULL),(2761,6038,31,NULL,463760),(2762,6039,31,NULL,972520),(2763,6040,31,NULL,368900),(2764,6041,31,33,1054000),(2765,6042,31,NULL,63240),(2766,6043,35,NULL,89590),(2767,6044,35,NULL,89590),(2768,6045,35,NULL,432000),(2769,6046,35,NULL,432000),(2770,6047,NULL,35,NULL),(2771,6048,NULL,35,NULL),(2772,6049,NULL,35,NULL),(2773,6050,NULL,35,NULL),(2774,6051,35,35,NULL),(2775,6052,35,35,NULL),(2776,6053,35,35,NULL),(2777,6054,35,35,NULL),(2778,6056,35,2,12700),(2779,6057,35,2,12700),(2780,6058,35,2,12700),(2781,6059,35,2,12700),(2782,6060,35,2,12700),(2783,6061,35,2,12700),(2784,6062,NULL,35,NULL),(2785,6063,NULL,35,NULL),(2786,6064,NULL,35,NULL),(2787,6065,NULL,8,NULL),(2788,6066,NULL,8,NULL),(2789,6067,NULL,8,NULL),(2790,6068,NULL,8,NULL),(2791,6069,NULL,8,NULL),(2792,6070,NULL,8,NULL),(2793,6071,NULL,8,NULL),(2794,6072,NULL,8,NULL),(2795,6073,NULL,8,NULL),(2796,6074,NULL,8,NULL),(2797,6075,NULL,8,NULL),(2798,6076,NULL,8,NULL),(2799,6077,NULL,8,NULL),(2800,6078,NULL,8,NULL),(2801,6079,NULL,8,NULL),(2802,6080,NULL,8,NULL),(2803,6081,35,35,NULL),(2804,6082,35,35,NULL),(2805,6083,35,35,NULL),(2806,6084,35,35,NULL),(2807,6085,NULL,8,NULL),(2808,6086,NULL,8,NULL),(2809,6087,NULL,8,NULL),(2810,6088,NULL,8,NULL),(2811,6089,NULL,8,NULL),(2812,6090,NULL,8,NULL),(2813,6091,NULL,8,NULL),(2814,6092,NULL,8,NULL),(2815,6093,NULL,8,NULL),(2816,6094,NULL,8,NULL),(2817,6095,NULL,8,NULL),(2818,6096,NULL,8,NULL),(2819,6097,NULL,8,NULL),(2820,6098,NULL,8,NULL),(2821,6099,NULL,8,NULL),(2822,6100,NULL,8,NULL),(2823,6101,NULL,8,NULL),(2824,6102,NULL,8,NULL),(2825,6103,NULL,8,NULL),(2826,6104,NULL,8,NULL),(2827,6105,NULL,8,NULL),(2828,6106,NULL,8,NULL),(2829,6107,NULL,8,NULL),(2830,6108,NULL,8,NULL),(2831,6109,NULL,8,NULL),(2832,6110,NULL,8,NULL),(2833,6111,NULL,8,NULL),(2834,6112,NULL,8,NULL),(2835,6113,NULL,8,NULL),(2836,6114,NULL,8,NULL),(2837,6115,NULL,8,NULL),(2838,6116,NULL,8,NULL),(2839,6117,NULL,8,NULL),(2840,6118,NULL,8,NULL),(2841,6119,NULL,8,NULL),(2842,6120,NULL,8,NULL),(2843,6121,NULL,8,NULL),(2844,6122,NULL,8,NULL),(2845,6123,NULL,8,NULL),(2846,6124,NULL,8,NULL),(2847,6125,NULL,8,NULL),(2848,6126,NULL,8,NULL),(2849,6127,NULL,8,NULL),(2850,6128,NULL,8,NULL),(2851,6129,NULL,8,NULL),(2852,6130,NULL,8,NULL),(2853,6131,NULL,8,NULL),(2854,6132,NULL,8,NULL),(2855,6133,NULL,8,NULL),(2856,6134,NULL,8,NULL),(2857,6135,NULL,8,NULL),(2858,6136,NULL,8,NULL),(2859,6137,NULL,8,NULL),(2860,6138,NULL,8,NULL),(2861,6140,NULL,8,NULL),(2862,6141,NULL,8,NULL),(2863,6142,NULL,8,NULL),(2864,6143,NULL,8,NULL),(2865,6144,NULL,8,NULL),(2866,6145,NULL,8,NULL),(2867,6146,NULL,8,NULL),(2868,6147,NULL,8,NULL),(2869,6148,NULL,8,NULL),(2870,6149,NULL,8,NULL),(2871,6150,NULL,8,NULL),(2872,6151,NULL,8,NULL),(2873,6156,NULL,8,NULL),(2874,6157,NULL,8,NULL),(2875,6158,NULL,8,NULL),(2876,6159,NULL,8,NULL),(2877,6160,NULL,8,NULL),(2878,6161,NULL,8,NULL),(2879,6162,NULL,8,NULL),(2880,6163,NULL,8,NULL),(2881,6168,NULL,8,NULL),(2882,6169,NULL,8,NULL),(2883,6170,NULL,8,NULL),(2884,6171,NULL,8,NULL),(2885,6177,42,37,NULL),(2886,6181,42,NULL,NULL),(2887,6187,42,37,NULL),(2888,6188,42,37,NULL),(4096,6056,9,136,13000),(4097,6213,NULL,NULL,0),(4098,6214,NULL,NULL,0);
/*!40000 ALTER TABLE `tblproductvolume` ENABLE KEYS */;
UNLOCK TABLES;

--
-- Table structure for table `tblproductxr`
--

DROP TABLE IF EXISTS `tblproductxr`;
/*!40101 SET @saved_cs_client     = @@character_set_client */;
/*!40101 SET character_set_client = utf8 */;
CREATE TABLE `tblproductxr` (
  `intProgramXRID` int(10) unsigned NOT NULL AUTO_INCREMENT,
  `intParentProgramID` int(10) unsigned DEFAULT NULL,
  `intChildProgramID` int(10) unsigned DEFAULT NULL,
  `dblQuantity` decimal(12,4) DEFAULT NULL,
  `intUOMID` smallint(5) unsigned DEFAULT NULL,
  `intVolume` int(10) unsigned DEFAULT NULL,
  `intProductionFacilityID` int(10) unsigned DEFAULT NULL,
  `intShipToFacilityID` int(10) unsigned DEFAULT NULL,
  `intDisplayOrder` smallint(5) unsigned DEFAULT NULL,
  `intChangeStatusID` tinyint(3) unsigned DEFAULT '1',
  PRIMARY KEY (`intProgramXRID`),
  KEY `fkcProgramXR1` (`intUOMID`),
  KEY `fkcProgramXR3` (`intChildProgramID`),
  KEY `fkcProgramXR2` (`intParentProgramID`),
  KEY `fkcProductXR4` (`intShipToFacilityID`),
  KEY `fkcProductXR5` (`intProductionFacilityID`),
  KEY `fkcProductXR6` (`intChangeStatusID`),
  CONSTRAINT `fkcProductXR4` FOREIGN KEY (`intShipToFacilityID`) REFERENCES `tblfacility` (`intFacilityID`) ON UPDATE CASCADE,
  CONSTRAINT `fkcProductXR5` FOREIGN KEY (`intProductionFacilityID`) REFERENCES `tblfacility` (`intFacilityID`) ON UPDATE CASCADE,
  CONSTRAINT `fkcProductXR6` FOREIGN KEY (`intChangeStatusID`) REFERENCES `dbengineeringchange`.`tblchangestatus` (`intChangeStatusID`) ON UPDATE CASCADE,
  CONSTRAINT `fkcProgramXR1` FOREIGN KEY (`intUOMID`) REFERENCES `tbluom` (`intUOMID`) ON UPDATE CASCADE,
  CONSTRAINT `fkcProgramXR2` FOREIGN KEY (`intParentProgramID`) REFERENCES `tblproduct` (`intProgramID`) ON DELETE CASCADE ON UPDATE CASCADE,
  CONSTRAINT `fkcProgramXR3` FOREIGN KEY (`intChildProgramID`) REFERENCES `tblproduct` (`intProgramID`) ON DELETE CASCADE ON UPDATE CASCADE
) ENGINE=InnoDB AUTO_INCREMENT=6232 DEFAULT CHARSET=latin1;
/*!40101 SET character_set_client = @saved_cs_client */;

--
-- Dumping data for table `tblproductxr`
--

LOCK TABLES `tblproductxr` WRITE;
/*!40000 ALTER TABLE `tblproductxr` DISABLE KEYS */;
INSERT INTO `tblproductxr` VALUES (1,115,132,NULL,NULL,NULL,NULL,2,1,1),(2,115,133,NULL,NULL,NULL,NULL,2,2,1),(12,141,143,1.0000,NULL,152665,11,2,12,1),(13,141,144,1.0000,NULL,152665,11,2,13,1),(14,141,145,1.0000,NULL,152665,11,2,14,1),(19,143,286,0.2500,NULL,NULL,NULL,68,19,1),(20,143,155,1.0000,NULL,NULL,NULL,NULL,20,1),(21,144,286,2.0000,NULL,NULL,NULL,68,21,1),(23,145,286,1.5000,NULL,NULL,NULL,68,23,1),(61,116,196,1.0000,1,237150,23,47,61,1),(62,196,197,1.0000,NULL,NULL,23,47,62,1),(63,196,198,1.0000,NULL,NULL,23,47,63,1),(64,116,199,1.0000,1,226610,13,47,64,1),(65,116,200,1.0000,1,63240,23,47,65,1),(71,199,201,1.0000,NULL,NULL,13,47,71,1),(74,199,202,1.0000,NULL,NULL,13,47,74,1),(78,200,203,1.0000,NULL,NULL,23,47,78,1),(81,200,204,1.0000,NULL,NULL,23,47,81,1),(83,199,205,4.0000,NULL,NULL,23,47,83,1),(84,200,205,6.0000,NULL,NULL,23,47,84,1),(85,209,210,1.0000,1,54000,36,51,85,1),(86,210,211,1.0000,1,54000,36,NULL,86,1),(87,210,232,10.0000,1,54000,NULL,NULL,87,1),(88,210,233,1.0000,1,54000,NULL,NULL,88,1),(89,209,214,1.0000,1,71675,36,51,89,1),(90,214,215,1.0000,1,71675,36,NULL,90,1),(91,214,234,1.0000,1,71675,NULL,NULL,91,1),(92,214,235,1.0000,1,71675,NULL,NULL,92,1),(93,214,242,13.0000,1,71675,NULL,NULL,93,1),(94,214,237,2.0000,1,71675,NULL,NULL,94,1),(96,214,221,1.0000,1,71675,36,NULL,96,1),(97,214,238,1.0000,1,71675,NULL,NULL,97,1),(98,214,239,1.0000,1,71675,NULL,NULL,98,1),(100,225,226,1.0000,NULL,NULL,40,56,100,1),(101,209,230,1.0000,1,168025,36,51,101,1),(102,230,231,1.0000,1,168025,36,NULL,102,1),(103,230,234,1.0000,1,168025,NULL,NULL,103,1),(104,230,237,2.0000,1,168025,NULL,NULL,104,1),(105,230,242,14.0000,1,168025,NULL,NULL,105,1),(106,209,244,1.0000,1,239700,36,51,106,1),(107,209,245,1.0000,1,165675,36,51,107,1),(108,209,246,1.0000,1,74025,36,51,108,1),(109,209,247,1.0000,1,77550,36,51,109,1),(110,209,248,NULL,NULL,NULL,36,51,110,1),(111,209,249,NULL,NULL,NULL,36,51,111,1),(112,209,250,NULL,NULL,NULL,36,51,112,1),(113,209,251,NULL,NULL,NULL,36,51,113,1),(114,209,252,NULL,NULL,NULL,36,51,114,1),(115,209,253,NULL,NULL,NULL,36,51,115,1),(116,209,254,NULL,NULL,NULL,36,51,116,1),(117,209,255,NULL,NULL,NULL,36,51,117,1),(118,209,256,NULL,NULL,NULL,36,51,118,1),(119,209,257,NULL,NULL,NULL,36,51,119,1),(120,209,258,NULL,NULL,NULL,36,51,120,1),(121,209,259,NULL,NULL,NULL,36,51,121,1),(122,209,260,NULL,NULL,NULL,36,51,122,1),(123,209,261,NULL,NULL,NULL,36,51,123,1),(124,209,262,NULL,NULL,NULL,36,51,124,1),(125,209,263,NULL,NULL,NULL,36,51,125,1),(126,244,264,1.0000,1,239700,36,NULL,126,1),(127,244,242,9.0000,1,239700,NULL,NULL,127,1),(128,245,265,1.0000,1,165675,36,NULL,128,1),(129,245,242,8.0000,1,165675,NULL,NULL,129,1),(130,245,266,1.0000,1,165675,NULL,NULL,130,1),(131,245,267,1.0000,1,165675,NULL,NULL,131,1),(132,246,268,1.0000,1,74025,36,NULL,132,1),(133,246,242,6.0000,1,74025,NULL,NULL,133,1),(134,247,269,1.0000,NULL,NULL,NULL,NULL,134,1),(135,247,270,1.0000,NULL,NULL,NULL,NULL,135,1),(136,247,271,1.0000,NULL,NULL,NULL,NULL,136,1),(137,247,291,1.0000,NULL,NULL,NULL,NULL,137,1),(138,247,306,1.0000,NULL,NULL,NULL,NULL,138,1),(139,247,274,2.0000,NULL,NULL,NULL,NULL,139,1),(140,247,242,1.0000,NULL,NULL,NULL,NULL,140,1),(141,247,275,1.0000,NULL,NULL,NULL,NULL,141,1),(142,247,276,1.0000,NULL,NULL,NULL,NULL,142,1),(143,247,277,1.0000,NULL,NULL,NULL,NULL,143,1),(144,247,219,1.0000,NULL,NULL,NULL,NULL,144,1),(145,248,278,1.0000,NULL,NULL,NULL,NULL,145,1),(146,248,279,1.0000,NULL,NULL,NULL,NULL,146,1),(147,248,271,1.0000,NULL,NULL,NULL,NULL,147,1),(148,248,291,1.0000,NULL,NULL,NULL,NULL,148,1),(149,248,306,1.0000,NULL,NULL,NULL,NULL,149,1),(150,248,274,2.0000,NULL,NULL,NULL,NULL,150,1),(151,248,242,1.0000,NULL,NULL,NULL,NULL,151,1),(152,248,275,1.0000,NULL,NULL,NULL,NULL,152,1),(153,248,276,1.0000,NULL,NULL,NULL,NULL,153,1),(154,248,277,1.0000,NULL,NULL,NULL,NULL,154,1),(155,248,219,1.0000,NULL,NULL,NULL,NULL,155,1),(156,248,281,1.0000,NULL,NULL,NULL,NULL,156,1),(157,248,282,1.0000,NULL,NULL,NULL,NULL,157,1),(162,249,269,1.0000,NULL,NULL,NULL,NULL,162,1),(163,249,270,1.0000,NULL,NULL,NULL,NULL,163,1),(164,249,271,1.0000,NULL,NULL,NULL,NULL,164,1),(165,249,291,1.0000,NULL,NULL,NULL,NULL,165,1),(166,249,306,1.0000,NULL,NULL,NULL,NULL,166,1),(167,249,274,2.0000,NULL,NULL,NULL,NULL,167,1),(168,249,242,1.0000,NULL,NULL,NULL,NULL,168,1),(169,249,275,1.0000,NULL,NULL,NULL,NULL,169,1),(170,249,276,1.0000,NULL,NULL,NULL,NULL,170,1),(171,249,277,1.0000,NULL,NULL,NULL,NULL,171,1),(172,249,219,1.0000,NULL,NULL,NULL,NULL,172,1),(173,250,269,1.0000,NULL,NULL,NULL,NULL,173,1),(174,250,270,1.0000,NULL,NULL,NULL,NULL,174,1),(175,250,271,1.0000,NULL,NULL,NULL,NULL,175,1),(176,250,291,1.0000,NULL,NULL,NULL,NULL,176,1),(177,250,306,1.0000,NULL,NULL,NULL,NULL,177,1),(178,250,274,2.0000,NULL,NULL,NULL,NULL,178,1),(179,250,242,1.0000,NULL,NULL,NULL,NULL,179,1),(180,250,275,1.0000,NULL,NULL,NULL,NULL,180,1),(181,250,276,1.0000,NULL,NULL,NULL,NULL,181,1),(182,250,277,1.0000,NULL,NULL,NULL,NULL,182,1),(183,250,219,1.0000,NULL,NULL,NULL,NULL,183,1),(184,250,281,1.0000,NULL,NULL,NULL,NULL,184,1),(185,250,282,1.0000,NULL,NULL,NULL,NULL,185,1),(186,251,295,1.0000,NULL,NULL,NULL,NULL,186,1),(187,251,296,1.0000,NULL,NULL,NULL,NULL,187,1),(188,251,297,1.0000,NULL,NULL,NULL,NULL,188,1),(189,251,298,1.0000,NULL,NULL,NULL,NULL,189,1),(190,251,299,1.0000,NULL,NULL,NULL,NULL,190,1),(191,251,306,1.0000,NULL,NULL,NULL,NULL,191,1),(192,251,274,2.0000,NULL,NULL,NULL,NULL,192,1),(193,251,242,13.0000,NULL,NULL,NULL,NULL,193,1),(194,251,275,1.0000,NULL,NULL,NULL,NULL,194,1),(195,251,276,1.0000,NULL,NULL,NULL,NULL,195,1),(196,251,277,1.0000,NULL,NULL,NULL,NULL,196,1),(197,252,295,1.0000,NULL,NULL,NULL,NULL,197,1),(198,252,296,1.0000,NULL,NULL,NULL,NULL,198,1),(199,252,297,1.0000,NULL,NULL,NULL,NULL,199,1),(200,252,298,1.0000,NULL,NULL,NULL,NULL,200,1),(201,252,299,1.0000,NULL,NULL,NULL,NULL,201,1),(202,252,306,1.0000,NULL,NULL,NULL,NULL,202,1),(203,252,274,2.0000,NULL,NULL,NULL,NULL,203,1),(204,252,242,13.0000,NULL,NULL,NULL,NULL,204,1),(205,252,275,1.0000,NULL,NULL,NULL,NULL,205,1),(206,252,276,1.0000,NULL,NULL,NULL,NULL,206,1),(207,252,277,1.0000,NULL,NULL,NULL,NULL,207,1),(208,252,281,1.0000,NULL,NULL,NULL,NULL,208,1),(209,252,282,1.0000,NULL,NULL,NULL,NULL,209,1),(210,253,295,1.0000,NULL,NULL,NULL,NULL,210,1),(211,253,296,1.0000,NULL,NULL,NULL,NULL,211,1),(212,253,297,1.0000,NULL,NULL,NULL,NULL,212,1),(213,253,298,1.0000,NULL,NULL,NULL,NULL,213,1),(214,253,299,1.0000,NULL,NULL,NULL,NULL,214,1),(215,253,306,1.0000,NULL,NULL,NULL,NULL,215,1),(216,253,274,2.0000,NULL,NULL,NULL,NULL,216,1),(217,253,242,13.0000,NULL,NULL,NULL,NULL,217,1),(218,253,275,1.0000,NULL,NULL,NULL,NULL,218,1),(219,253,276,1.0000,NULL,NULL,NULL,NULL,219,1),(220,253,277,1.0000,NULL,NULL,NULL,NULL,220,1),(221,254,295,1.0000,NULL,NULL,NULL,NULL,221,1),(222,254,296,1.0000,NULL,NULL,NULL,NULL,222,1),(223,254,297,1.0000,NULL,NULL,NULL,NULL,223,1),(224,254,298,1.0000,NULL,NULL,NULL,NULL,224,1),(225,254,299,1.0000,NULL,NULL,NULL,NULL,225,1),(226,254,306,1.0000,NULL,NULL,NULL,NULL,226,1),(227,254,274,2.0000,NULL,NULL,NULL,NULL,227,1),(228,254,242,13.0000,NULL,NULL,NULL,NULL,228,1),(229,254,275,1.0000,NULL,NULL,NULL,NULL,229,1),(230,254,276,1.0000,NULL,NULL,NULL,NULL,230,1),(231,254,277,1.0000,NULL,NULL,NULL,NULL,231,1),(232,254,281,1.0000,NULL,NULL,NULL,NULL,232,1),(233,254,282,1.0000,NULL,NULL,NULL,NULL,233,1),(234,255,307,NULL,NULL,NULL,NULL,NULL,234,1),(235,255,308,1.0000,NULL,NULL,NULL,NULL,235,1),(236,255,309,1.0000,NULL,NULL,NULL,NULL,236,1),(237,255,310,1.0000,NULL,NULL,NULL,NULL,237,1),(238,255,242,1.0000,NULL,NULL,NULL,NULL,238,1),(239,255,275,1.0000,NULL,NULL,NULL,NULL,239,1),(240,255,276,1.0000,NULL,NULL,NULL,NULL,240,1),(241,255,311,1.0000,NULL,NULL,NULL,NULL,241,1),(242,255,219,1.0000,NULL,NULL,NULL,NULL,242,1),(243,256,307,NULL,NULL,NULL,NULL,NULL,243,1),(244,256,308,1.0000,NULL,NULL,NULL,NULL,244,1),(245,256,309,1.0000,NULL,NULL,NULL,NULL,245,1),(246,256,310,1.0000,NULL,NULL,NULL,NULL,246,1),(247,256,242,1.0000,NULL,NULL,NULL,NULL,247,1),(248,256,275,1.0000,NULL,NULL,NULL,NULL,248,1),(249,256,276,1.0000,NULL,NULL,NULL,NULL,249,1),(250,256,311,1.0000,NULL,NULL,NULL,NULL,250,1),(251,256,219,1.0000,NULL,NULL,NULL,NULL,251,1),(252,256,281,1.0000,NULL,NULL,NULL,NULL,252,1),(253,256,282,1.0000,NULL,NULL,NULL,NULL,253,1),(254,256,313,2.0000,NULL,NULL,NULL,NULL,254,1),(255,256,314,1.0000,NULL,NULL,NULL,NULL,255,1),(256,257,307,NULL,NULL,NULL,NULL,NULL,256,1),(257,257,308,1.0000,NULL,NULL,NULL,NULL,257,1),(259,257,310,1.0000,NULL,NULL,NULL,NULL,259,1),(260,257,242,10.0000,NULL,NULL,NULL,NULL,260,1),(261,257,275,1.0000,NULL,NULL,NULL,NULL,261,1),(262,257,276,1.0000,NULL,NULL,NULL,NULL,262,1),(263,257,311,1.0000,NULL,NULL,NULL,NULL,263,1),(264,257,219,1.0000,NULL,NULL,NULL,NULL,264,1),(265,257,313,1.0000,NULL,NULL,NULL,NULL,265,1),(266,257,316,1.0000,NULL,NULL,NULL,NULL,266,1),(267,258,307,1.0000,NULL,NULL,NULL,NULL,267,1),(268,258,308,1.0000,NULL,NULL,NULL,NULL,268,1),(269,258,309,1.0000,NULL,NULL,NULL,NULL,269,1),(270,258,310,1.0000,NULL,NULL,NULL,NULL,270,1),(271,258,242,1.0000,NULL,NULL,NULL,NULL,271,1),(272,258,275,1.0000,NULL,NULL,NULL,NULL,272,1),(273,258,276,1.0000,NULL,NULL,NULL,NULL,273,1),(274,258,311,1.0000,NULL,NULL,NULL,NULL,274,1),(275,258,219,1.0000,NULL,NULL,NULL,NULL,275,1),(276,259,307,1.0000,NULL,NULL,NULL,NULL,276,1),(277,259,308,1.0000,NULL,NULL,NULL,NULL,277,1),(278,259,309,1.0000,NULL,NULL,NULL,NULL,278,1),(279,259,310,1.0000,NULL,NULL,NULL,NULL,279,1),(280,259,242,1.0000,NULL,NULL,NULL,NULL,280,1),(281,259,275,1.0000,NULL,NULL,NULL,NULL,281,1),(282,259,276,1.0000,NULL,NULL,NULL,NULL,282,1),(283,259,311,1.0000,NULL,NULL,NULL,NULL,283,1),(284,259,219,1.0000,NULL,NULL,NULL,NULL,284,1),(285,259,281,1.0000,NULL,NULL,NULL,NULL,285,1),(286,259,282,1.0000,NULL,NULL,NULL,NULL,286,1),(287,259,313,2.0000,NULL,NULL,NULL,NULL,287,1),(288,259,314,1.0000,NULL,NULL,NULL,NULL,288,1),(289,260,307,NULL,NULL,NULL,NULL,NULL,289,1),(290,260,308,1.0000,NULL,NULL,NULL,NULL,290,1),(292,260,310,1.0000,NULL,NULL,NULL,NULL,292,1),(293,260,242,10.0000,NULL,NULL,NULL,NULL,293,1),(294,260,275,1.0000,NULL,NULL,NULL,NULL,294,1),(295,260,276,1.0000,NULL,NULL,NULL,NULL,295,1),(296,260,311,1.0000,NULL,NULL,NULL,NULL,296,1),(297,260,219,1.0000,NULL,NULL,NULL,NULL,297,1),(298,260,313,1.0000,NULL,NULL,NULL,NULL,298,1),(299,260,316,1.0000,NULL,NULL,NULL,NULL,299,1),(300,261,320,1.0000,NULL,NULL,NULL,NULL,300,1),(301,261,308,1.0000,NULL,NULL,NULL,NULL,301,1),(302,261,321,1.0000,NULL,NULL,NULL,NULL,302,1),(303,261,323,1.0000,NULL,NULL,NULL,NULL,303,1),(304,261,242,12.0000,NULL,NULL,NULL,NULL,304,1),(305,261,275,1.0000,NULL,NULL,NULL,NULL,305,1),(306,261,276,1.0000,NULL,NULL,NULL,NULL,306,1),(307,261,311,1.0000,NULL,NULL,NULL,NULL,307,1),(308,262,320,1.0000,NULL,NULL,NULL,NULL,308,1),(309,262,308,1.0000,NULL,NULL,NULL,NULL,309,1),(310,262,321,1.0000,NULL,NULL,NULL,NULL,310,1),(311,262,323,1.0000,NULL,NULL,NULL,NULL,311,1),(312,262,242,12.0000,NULL,NULL,NULL,NULL,312,1),(313,262,275,1.0000,NULL,NULL,NULL,NULL,313,1),(314,262,276,1.0000,NULL,NULL,NULL,NULL,314,1),(315,262,311,1.0000,NULL,NULL,NULL,NULL,315,1),(316,262,282,1.0000,NULL,NULL,NULL,NULL,316,1),(317,262,313,2.0000,NULL,NULL,NULL,NULL,317,1),(318,262,314,1.0000,NULL,NULL,NULL,NULL,318,1),(319,262,281,1.0000,NULL,NULL,NULL,NULL,319,1),(320,263,320,1.0000,NULL,NULL,NULL,NULL,320,1),(321,263,308,1.0000,NULL,NULL,NULL,NULL,321,1),(322,263,321,1.0000,NULL,NULL,NULL,NULL,322,1),(323,263,323,1.0000,NULL,NULL,NULL,NULL,323,1),(324,263,242,12.0000,NULL,NULL,NULL,NULL,324,1),(325,263,275,1.0000,NULL,NULL,NULL,NULL,325,1),(326,263,276,1.0000,NULL,NULL,NULL,NULL,326,1),(327,263,311,1.0000,NULL,NULL,NULL,NULL,327,1),(328,263,313,1.0000,NULL,NULL,NULL,NULL,328,1),(329,263,316,1.0000,NULL,NULL,NULL,NULL,329,1),(330,257,309,1.0000,NULL,NULL,NULL,NULL,330,1),(331,260,309,1.0000,NULL,NULL,NULL,NULL,331,1),(340,326,327,1.0000,NULL,76050,49,50,340,1),(345,329,336,1.0000,NULL,NULL,49,50,345,1),(348,329,339,1.0000,NULL,NULL,NULL,NULL,348,1),(349,329,340,2.0000,NULL,NULL,NULL,NULL,349,1),(350,327,341,1.0000,NULL,NULL,49,50,350,1),(351,329,342,4.0000,NULL,NULL,NULL,NULL,351,1),(352,329,343,4.0000,NULL,NULL,NULL,NULL,352,1),(353,329,344,2.0000,NULL,NULL,NULL,NULL,353,1),(354,228,345,NULL,NULL,NULL,38,51,1,1),(355,228,346,NULL,NULL,NULL,38,51,2,1),(356,228,347,NULL,NULL,NULL,38,51,5,1),(357,228,348,NULL,NULL,NULL,38,51,6,1),(358,345,349,1.0000,NULL,NULL,36,NULL,358,1),(359,346,349,1.0000,NULL,NULL,36,NULL,359,1),(360,347,349,1.0000,NULL,NULL,36,NULL,360,1),(361,348,349,1.0000,NULL,NULL,36,NULL,361,1),(366,350,351,1.0000,NULL,NULL,36,NULL,366,1),(367,350,352,1.0000,NULL,NULL,NULL,NULL,367,1),(368,345,353,1.0000,NULL,NULL,NULL,NULL,368,1),(369,346,353,1.0000,NULL,NULL,NULL,NULL,369,1),(370,347,353,1.0000,NULL,NULL,NULL,NULL,370,1),(371,348,353,1.0000,NULL,NULL,NULL,NULL,371,1),(372,345,354,1.0000,NULL,NULL,NULL,NULL,372,1),(373,346,354,1.0000,NULL,NULL,NULL,NULL,373,1),(374,347,354,1.0000,NULL,NULL,NULL,NULL,374,1),(375,348,354,1.0000,NULL,NULL,NULL,NULL,375,1),(376,345,355,1.0000,NULL,NULL,NULL,NULL,376,1),(377,346,355,1.0000,NULL,NULL,NULL,NULL,377,1),(378,347,355,1.0000,NULL,NULL,NULL,NULL,378,1),(379,348,355,1.0000,NULL,NULL,NULL,NULL,379,1),(380,345,356,1.0000,NULL,NULL,NULL,NULL,380,1),(381,346,356,1.0000,NULL,NULL,NULL,NULL,381,1),(382,347,356,1.0000,NULL,NULL,NULL,NULL,382,1),(383,348,356,1.0000,NULL,NULL,NULL,NULL,383,1),(384,345,357,1.0000,NULL,NULL,NULL,NULL,384,1),(385,346,357,1.0000,NULL,NULL,NULL,NULL,385,1),(391,348,358,1.0000,NULL,NULL,NULL,NULL,391,1),(400,363,364,1.0000,NULL,247690,23,47,400,1),(401,363,365,1.0000,NULL,247690,23,47,401,1),(402,363,138,1.0000,NULL,279310,35,47,402,1),(403,363,366,1.0000,NULL,279310,35,47,403,1),(404,363,367,1.0000,1,31620,23,47,404,1),(405,363,368,1.0000,1,31620,23,47,405,1),(406,363,369,1.0000,1,263500,35,47,406,1),(407,363,370,1.0000,1,263500,35,47,407,1),(408,363,371,1.0000,1,126480,23,47,408,1),(409,363,372,1.0000,1,126480,23,47,409,1),(410,363,373,1.0000,1,15810,35,47,410,1),(411,363,374,1.0000,1,15810,35,47,411,1),(412,363,375,1.0000,1,89590,35,47,412,1),(413,363,376,1.0000,1,89590,35,47,413,1),(414,364,377,1.0000,NULL,NULL,23,47,414,1),(428,377,378,NULL,NULL,NULL,NULL,NULL,428,1),(430,365,379,1.0000,NULL,NULL,23,47,430,1),(443,379,378,NULL,NULL,NULL,NULL,NULL,443,1),(446,138,381,1.0000,NULL,NULL,35,47,446,1),(458,381,378,NULL,NULL,NULL,NULL,NULL,458,1),(459,381,386,NULL,NULL,NULL,NULL,NULL,459,1),(463,366,384,1.0000,NULL,NULL,35,47,463,1),(474,384,378,NULL,NULL,NULL,NULL,NULL,474,1),(475,384,386,NULL,NULL,NULL,NULL,NULL,475,1),(476,364,243,1.0000,NULL,NULL,NULL,NULL,476,1),(477,365,243,1.0000,NULL,NULL,NULL,NULL,477,1),(478,138,243,1.0000,NULL,NULL,NULL,NULL,478,1),(479,366,243,1.0000,NULL,NULL,NULL,NULL,479,1),(494,367,388,1.0000,NULL,NULL,23,47,494,1),(504,388,378,NULL,NULL,NULL,NULL,NULL,504,1),(510,368,390,1.0000,NULL,NULL,23,47,510,1),(519,390,378,NULL,NULL,NULL,NULL,NULL,519,1),(526,369,392,1.0000,NULL,NULL,35,47,526,1),(534,392,378,NULL,NULL,NULL,NULL,NULL,534,1),(535,392,386,NULL,NULL,NULL,NULL,NULL,535,1),(543,370,395,1.0000,NULL,NULL,35,47,543,1),(550,395,378,NULL,NULL,NULL,NULL,NULL,550,1),(551,395,386,NULL,NULL,NULL,NULL,NULL,551,1),(570,367,399,1.0000,NULL,NULL,NULL,68,570,1),(571,368,399,1.0000,NULL,NULL,NULL,68,571,1),(572,369,399,1.0000,NULL,NULL,NULL,68,572,1),(573,370,399,1.0000,NULL,NULL,NULL,68,573,1),(588,371,400,1.0000,NULL,NULL,23,47,588,1),(594,400,378,NULL,NULL,NULL,NULL,NULL,594,1),(604,372,402,1.0000,NULL,NULL,23,47,604,1),(609,402,378,NULL,NULL,NULL,NULL,NULL,609,1),(620,373,404,1.0000,NULL,NULL,35,47,620,1),(624,404,378,NULL,NULL,NULL,NULL,NULL,624,1),(625,404,386,NULL,NULL,NULL,NULL,NULL,625,1),(637,374,407,1.0000,NULL,NULL,35,47,637,1),(640,407,378,NULL,NULL,NULL,NULL,NULL,640,1),(641,407,386,NULL,NULL,NULL,NULL,NULL,641,1),(664,371,411,4.0000,NULL,NULL,NULL,70,664,1),(665,372,411,4.0000,NULL,NULL,NULL,70,665,1),(666,373,411,4.0000,NULL,NULL,NULL,70,666,1),(667,374,411,4.0000,NULL,NULL,NULL,70,667,1),(682,375,412,1.0000,NULL,NULL,35,47,682,1),(684,412,413,NULL,NULL,NULL,NULL,NULL,684,1),(697,375,414,1.0000,NULL,NULL,35,47,697,1),(699,414,415,NULL,NULL,NULL,NULL,NULL,699,1),(700,414,416,NULL,NULL,NULL,NULL,NULL,700,1),(713,375,417,1.0000,NULL,NULL,NULL,NULL,713,1),(727,375,418,1.0000,NULL,NULL,NULL,NULL,727,1),(742,376,419,1.0000,NULL,NULL,35,47,742,1),(743,419,420,NULL,NULL,NULL,NULL,NULL,743,1),(757,376,421,1.0000,NULL,NULL,35,47,757,1),(758,421,422,NULL,NULL,NULL,NULL,NULL,758,1),(759,421,423,NULL,NULL,NULL,NULL,NULL,759,1),(773,376,424,1.0000,NULL,NULL,NULL,NULL,773,1),(787,376,425,1.0000,NULL,NULL,NULL,NULL,787,1),(800,375,426,4.0000,NULL,NULL,NULL,68,800,1),(801,376,426,4.0000,NULL,NULL,NULL,68,801,1),(807,229,433,1.0000,1,8548,38,51,807,1),(808,229,434,1.0000,1,19946,38,51,808,1),(809,229,435,1.0000,1,1851,38,51,809,1),(810,229,436,1.0000,1,2245,38,51,810,1),(811,362,437,1.0000,NULL,NULL,39,58,811,1),(813,437,439,3.0000,NULL,NULL,NULL,NULL,813,1),(814,437,440,1.0000,NULL,NULL,NULL,NULL,814,1),(816,433,442,1.0000,1,NULL,38,51,816,1),(817,435,442,1.0000,1,NULL,38,51,817,1),(822,228,444,NULL,NULL,NULL,38,51,4,1),(823,228,445,NULL,NULL,NULL,38,51,3,1),(824,442,446,1.0000,NULL,NULL,36,38,824,1),(825,446,449,NULL,NULL,NULL,NULL,36,825,1),(826,444,349,1.0000,NULL,NULL,36,NULL,826,1),(827,445,349,1.0000,NULL,NULL,36,NULL,827,1),(828,444,353,1.0000,NULL,NULL,NULL,NULL,828,1),(829,445,353,1.0000,NULL,NULL,NULL,NULL,829,1),(830,444,354,1.0000,NULL,NULL,NULL,NULL,830,1),(831,445,354,1.0000,NULL,NULL,NULL,NULL,831,1),(832,444,355,1.0000,NULL,NULL,NULL,NULL,832,1),(833,445,355,1.0000,NULL,NULL,NULL,NULL,833,1),(834,444,356,1.0000,NULL,NULL,NULL,NULL,834,1),(835,445,356,1.0000,NULL,NULL,NULL,NULL,835,1),(836,347,357,1.0000,NULL,NULL,NULL,NULL,836,1),(837,445,357,1.0000,NULL,NULL,NULL,NULL,837,1),(838,444,358,1.0000,NULL,NULL,NULL,NULL,838,1),(839,345,350,1.0000,NULL,NULL,36,NULL,839,1),(840,346,350,1.0000,NULL,NULL,36,NULL,840,1),(841,347,350,1.0000,NULL,NULL,36,NULL,841,1),(842,348,350,1.0000,NULL,NULL,36,NULL,842,1),(843,444,350,1.0000,NULL,NULL,36,NULL,843,1),(844,445,350,1.0000,NULL,NULL,36,NULL,844,1),(845,345,451,2.0000,NULL,NULL,NULL,NULL,845,1),(846,346,451,2.0000,NULL,NULL,NULL,NULL,846,1),(847,347,451,2.0000,NULL,NULL,NULL,NULL,847,1),(848,348,451,2.0000,NULL,NULL,NULL,NULL,848,1),(849,444,451,2.0000,NULL,NULL,NULL,NULL,849,1),(850,445,451,2.0000,NULL,NULL,NULL,NULL,850,1),(851,345,452,1.0000,NULL,NULL,NULL,NULL,851,1),(852,346,452,1.0000,NULL,NULL,NULL,NULL,852,1),(853,347,452,1.0000,NULL,NULL,NULL,NULL,853,1),(854,348,452,1.0000,NULL,NULL,NULL,NULL,854,1),(855,444,452,1.0000,NULL,NULL,NULL,NULL,855,1),(856,445,452,1.0000,NULL,NULL,NULL,NULL,856,1),(857,345,453,1.0000,NULL,NULL,NULL,NULL,857,1),(858,346,453,1.0000,NULL,NULL,NULL,NULL,858,1),(859,347,453,1.0000,NULL,NULL,NULL,NULL,859,1),(860,348,453,1.0000,NULL,NULL,NULL,NULL,860,1),(861,444,453,1.0000,NULL,NULL,NULL,NULL,861,1),(862,445,453,1.0000,NULL,NULL,NULL,NULL,862,1),(863,345,454,1.0000,NULL,NULL,NULL,NULL,863,1),(864,347,454,1.0000,NULL,NULL,NULL,NULL,864,1),(865,345,455,1.0000,NULL,NULL,NULL,NULL,865,1),(866,347,455,1.0000,NULL,NULL,NULL,NULL,866,1),(867,345,456,1.0000,NULL,NULL,NULL,NULL,867,1),(868,346,456,1.0000,NULL,NULL,NULL,NULL,868,1),(869,347,456,1.0000,NULL,NULL,NULL,NULL,869,1),(870,348,456,1.0000,NULL,NULL,NULL,NULL,870,1),(871,444,456,1.0000,NULL,NULL,NULL,NULL,871,1),(872,445,456,1.0000,NULL,NULL,NULL,NULL,872,1),(873,346,457,1.0000,NULL,NULL,NULL,NULL,873,1),(874,348,457,1.0000,NULL,NULL,NULL,NULL,874,1),(875,444,457,1.0000,NULL,NULL,NULL,NULL,875,1),(876,445,457,1.0000,NULL,NULL,NULL,NULL,876,1),(877,346,458,1.0000,NULL,NULL,NULL,NULL,877,1),(878,348,458,1.0000,NULL,NULL,NULL,NULL,878,1),(879,444,458,1.0000,NULL,NULL,NULL,NULL,879,1),(880,445,458,1.0000,NULL,NULL,NULL,NULL,880,1),(881,345,459,1.0000,NULL,NULL,NULL,NULL,881,1),(882,346,459,1.0000,NULL,NULL,NULL,NULL,882,1),(883,347,459,1.0000,NULL,NULL,NULL,NULL,883,1),(884,348,459,1.0000,NULL,NULL,NULL,NULL,884,1),(885,444,459,1.0000,NULL,NULL,NULL,NULL,885,1),(886,445,459,1.0000,NULL,NULL,NULL,NULL,886,1),(887,345,460,1.0000,NULL,NULL,NULL,NULL,887,1),(888,347,460,1.0000,NULL,NULL,NULL,NULL,888,1),(889,348,460,1.0000,NULL,NULL,NULL,NULL,889,1),(890,444,460,1.0000,NULL,NULL,NULL,NULL,890,1),(891,445,460,1.0000,NULL,NULL,NULL,NULL,891,1),(892,346,461,1.0000,NULL,NULL,NULL,NULL,892,1),(893,345,462,1.0000,NULL,NULL,NULL,NULL,893,1),(894,347,462,1.0000,NULL,NULL,NULL,NULL,894,1),(895,345,463,1.0000,NULL,NULL,NULL,NULL,895,1),(896,347,463,1.0000,NULL,NULL,NULL,NULL,896,1),(897,346,464,1.0000,NULL,NULL,NULL,NULL,897,1),(898,348,464,1.0000,NULL,NULL,NULL,NULL,898,1),(899,444,464,1.0000,NULL,NULL,NULL,NULL,899,1),(900,445,464,1.0000,NULL,NULL,NULL,NULL,900,1),(901,346,465,1.0000,NULL,NULL,NULL,NULL,901,1),(902,348,465,1.0000,NULL,NULL,NULL,NULL,902,1),(903,444,465,1.0000,NULL,NULL,NULL,NULL,903,1),(904,445,465,1.0000,NULL,NULL,NULL,NULL,904,1),(905,442,466,4.0000,1,NULL,36,38,905,1),(906,466,467,NULL,NULL,NULL,NULL,NULL,906,1),(907,346,468,1.0000,NULL,NULL,NULL,NULL,907,1),(908,348,468,1.0000,NULL,NULL,NULL,NULL,908,1),(909,444,468,1.0000,NULL,NULL,NULL,NULL,909,1),(910,445,468,1.0000,NULL,NULL,NULL,NULL,910,1),(911,346,469,1.0000,NULL,NULL,NULL,NULL,911,1),(912,348,469,1.0000,NULL,NULL,NULL,NULL,912,1),(913,444,469,1.0000,NULL,NULL,NULL,NULL,913,1),(914,445,469,1.0000,NULL,NULL,NULL,NULL,914,1),(915,434,470,1.0000,1,NULL,NULL,51,915,1),(916,436,470,1.0000,1,NULL,NULL,51,916,1),(917,470,471,1.0000,NULL,NULL,36,38,917,1),(918,471,472,NULL,NULL,NULL,NULL,NULL,918,1),(921,470,475,1.0000,NULL,NULL,36,38,921,1),(922,475,476,NULL,NULL,NULL,NULL,NULL,922,1),(923,470,477,1.0000,NULL,NULL,36,38,923,1),(924,477,478,NULL,NULL,NULL,NULL,NULL,924,1),(929,446,480,NULL,NULL,NULL,NULL,NULL,929,1),(930,466,481,NULL,NULL,NULL,NULL,NULL,930,1),(953,432,492,1.0000,NULL,5734,42,60,953,1),(954,432,493,1.0000,NULL,3055,42,60,954,1),(955,432,494,1.0000,NULL,10575,42,60,955,1),(956,432,495,1.0000,NULL,1034,42,60,956,1),(957,433,496,1.0000,1,NULL,NULL,38,957,1),(959,435,496,1.0000,1,NULL,NULL,38,959,1),(961,433,497,1.0000,1,NULL,NULL,38,961,1),(963,434,498,1.0000,1,NULL,NULL,38,963,1),(964,436,498,1.0000,1,NULL,NULL,38,964,1),(965,432,499,1.0000,NULL,2350,42,60,965,1),(966,433,500,1.0000,1,NULL,NULL,38,966,1),(967,434,500,1.0000,1,NULL,NULL,38,967,1),(968,435,500,1.0000,1,NULL,NULL,38,968,1),(969,436,500,1.0000,1,NULL,NULL,38,969,1),(970,433,501,1.0000,1,NULL,NULL,38,970,1),(971,434,501,1.0000,1,NULL,NULL,38,971,1),(972,435,501,1.0000,1,NULL,NULL,38,972,1),(973,436,501,1.0000,1,NULL,NULL,38,973,1),(974,432,502,1.0000,NULL,2350,42,60,974,1),(976,433,503,1.0000,NULL,NULL,NULL,38,976,1),(977,435,503,1.0000,NULL,NULL,NULL,38,977,1),(978,433,504,1.0000,NULL,NULL,NULL,38,978,1),(979,435,504,1.0000,NULL,NULL,NULL,38,979,1),(980,434,505,1.0000,NULL,NULL,NULL,38,980,1),(981,436,505,1.0000,NULL,NULL,NULL,38,981,1),(982,434,506,1.0000,NULL,NULL,NULL,38,982,1),(983,436,506,1.0000,NULL,NULL,NULL,38,983,1),(984,433,507,4.0000,1,NULL,NULL,51,984,1),(985,434,507,4.0000,1,NULL,NULL,51,985,1),(986,435,507,4.0000,1,NULL,NULL,51,986,1),(987,436,507,4.0000,1,NULL,NULL,51,987,1),(988,433,508,4.0000,1,NULL,NULL,38,988,1),(989,434,508,4.0000,1,NULL,NULL,38,989,1),(990,435,508,4.0000,1,NULL,NULL,38,990,1),(991,436,508,4.0000,1,NULL,NULL,38,991,1),(992,433,509,1.0000,NULL,NULL,NULL,38,992,1),(993,435,509,1.0000,NULL,NULL,NULL,38,993,1),(994,434,510,1.0000,NULL,NULL,NULL,38,994,1),(995,436,510,1.0000,NULL,NULL,NULL,38,995,1),(996,434,511,2.0000,NULL,NULL,NULL,38,996,1),(997,436,511,2.0000,NULL,NULL,NULL,38,997,1),(1001,432,491,1.0000,NULL,3290,42,60,1001,1),(1013,432,526,NULL,NULL,NULL,4,61,1013,1),(1014,432,527,NULL,NULL,NULL,4,61,1014,1),(1015,432,441,1.0000,NULL,19975,62,63,1015,1),(1016,432,515,1.0000,NULL,2350,62,63,1016,1),(1017,432,514,1.0000,NULL,2350,62,63,1017,1),(1018,432,512,1.0000,NULL,2350,62,63,1018,1),(1019,432,513,1.0000,NULL,4935,62,63,1019,1),(1020,432,528,1.0000,NULL,3525,62,63,1020,1),(1021,432,529,1.0000,NULL,6345,42,60,1021,1),(1022,432,530,1.0000,NULL,2350,42,60,1022,1),(1023,432,531,1.0000,NULL,3525,42,60,1023,1),(1024,432,532,1.0000,NULL,2350,42,60,1024,1),(1025,432,533,1.0000,NULL,2350,42,60,1025,1),(1026,362,534,1.0000,NULL,NULL,39,58,1026,1),(1028,534,439,NULL,NULL,NULL,NULL,NULL,1028,1),(1029,534,535,NULL,NULL,NULL,NULL,NULL,1029,1),(1030,437,438,1.0000,NULL,NULL,NULL,NULL,1030,1),(1031,534,438,NULL,NULL,NULL,NULL,NULL,1031,1),(1032,362,536,1.0000,NULL,NULL,39,58,1032,1),(1033,536,438,NULL,NULL,NULL,NULL,NULL,1033,1),(1034,362,537,1.0000,NULL,NULL,39,58,1034,1),(1035,537,438,NULL,NULL,NULL,NULL,NULL,1035,1),(1036,362,538,1.0000,NULL,NULL,39,58,1036,1),(1037,538,438,NULL,NULL,NULL,NULL,NULL,1037,1),(1038,362,539,1.0000,NULL,NULL,39,58,1038,1),(1039,539,438,NULL,NULL,NULL,NULL,NULL,1039,1),(1040,539,540,NULL,NULL,NULL,NULL,NULL,1040,1),(1041,362,541,1.0000,NULL,NULL,39,58,1041,1),(1042,541,438,NULL,NULL,NULL,NULL,NULL,1042,1),(1043,541,540,NULL,NULL,NULL,NULL,NULL,1043,1),(1044,362,542,1.0000,NULL,NULL,23,58,1044,1),(1045,542,438,NULL,NULL,NULL,NULL,NULL,1045,1),(1046,542,543,9.0000,NULL,NULL,NULL,NULL,1046,1),(1047,362,544,1.0000,NULL,NULL,39,58,1047,1),(1048,544,545,NULL,NULL,NULL,NULL,NULL,1048,1),(1049,362,546,1.0000,NULL,NULL,39,58,1049,1),(1050,546,438,NULL,NULL,NULL,NULL,NULL,1050,1),(1051,546,439,3.0000,NULL,NULL,NULL,NULL,1051,1),(1052,362,547,1.0000,NULL,NULL,39,58,1052,1),(1053,547,438,NULL,NULL,NULL,NULL,NULL,1053,1),(1054,547,439,3.0000,NULL,NULL,NULL,NULL,1054,1),(1055,362,548,1.0000,NULL,NULL,39,58,1055,1),(1056,548,549,NULL,NULL,NULL,NULL,NULL,1056,1),(1057,548,439,1.0000,NULL,NULL,NULL,NULL,1057,1),(1058,548,550,1.0000,NULL,NULL,NULL,NULL,1058,1),(1059,548,551,1.0000,NULL,NULL,NULL,NULL,1059,1),(1060,548,552,14.0000,NULL,NULL,NULL,68,1060,1),(1061,548,553,9.0000,NULL,NULL,NULL,68,1061,1),(1062,362,554,1.0000,NULL,NULL,39,58,1062,1),(1063,554,549,NULL,NULL,NULL,NULL,NULL,1063,1),(1064,554,439,1.0000,NULL,NULL,NULL,NULL,1064,1),(1065,554,555,1.0000,NULL,NULL,NULL,NULL,1065,1),(1066,554,556,1.0000,NULL,NULL,NULL,NULL,1066,1),(1067,554,552,14.0000,NULL,NULL,NULL,68,1067,1),(1068,554,553,9.0000,NULL,NULL,NULL,68,1068,1),(1069,362,557,1.0000,NULL,NULL,39,58,1069,1),(1070,557,438,NULL,NULL,NULL,NULL,NULL,1070,1),(1071,557,439,6.0000,NULL,NULL,NULL,NULL,1071,1),(1090,561,562,1.0000,NULL,53750,40,59,1090,1),(1091,561,577,1.0000,NULL,46665,33,66,1091,1),(1092,561,565,1.0000,NULL,23333,33,66,1092,1),(1093,561,578,1.0000,NULL,26875,40,59,1093,1),(1094,561,566,NULL,NULL,NULL,33,66,1094,1),(1095,561,567,NULL,NULL,NULL,33,66,1095,1),(1096,561,571,NULL,NULL,NULL,33,66,1096,1),(1097,561,572,NULL,NULL,NULL,33,66,1097,1),(1098,561,573,NULL,NULL,NULL,33,66,1098,1),(1099,561,574,NULL,NULL,NULL,33,66,1099,1),(1102,561,579,1.0000,NULL,26875,40,59,1102,1),(1103,561,580,1.0000,NULL,13438,40,59,1103,1),(1104,561,581,1.0000,NULL,37625,40,59,1104,1),(1105,561,582,1.0000,NULL,32250,40,59,1105,1),(1106,561,583,1.0000,NULL,32250,40,59,1106,1),(1107,561,584,1.0000,NULL,13438,40,59,1107,1),(1109,561,576,NULL,NULL,NULL,40,59,1109,1),(1111,561,585,1.0000,NULL,4300,40,59,1111,1),(1114,587,588,2.0000,NULL,NULL,23,68,1114,1),(1122,427,593,1.0000,NULL,NULL,23,68,1,1),(1124,595,596,1.0000,NULL,NULL,13,47,1124,1),(1125,596,549,0.1800,NULL,NULL,NULL,NULL,1125,1),(1126,595,597,1.0000,NULL,NULL,13,47,1126,1),(1127,597,549,0.1800,NULL,NULL,NULL,NULL,1127,1),(1128,427,598,1.0000,1,NULL,23,68,3,1),(1130,427,600,1.0000,NULL,NULL,23,68,5,1),(1132,427,602,1.0000,NULL,NULL,23,68,10,1),(1134,427,604,1.0000,NULL,NULL,23,68,8,1),(1136,606,607,1.0000,NULL,NULL,13,47,1136,1),(1137,606,608,1.0000,NULL,NULL,13,47,1137,1),(1142,608,549,0.2500,NULL,NULL,NULL,NULL,1142,1),(1148,614,615,1.0000,NULL,NULL,39,58,1148,1),(1149,615,438,1.0000,NULL,NULL,NULL,NULL,1149,1),(1150,615,439,3.0000,NULL,NULL,NULL,NULL,1150,1),(1151,615,440,1.0000,NULL,NULL,NULL,NULL,1151,1),(1152,614,616,1.0000,NULL,NULL,39,58,1152,1),(1153,616,438,1.0000,NULL,NULL,NULL,NULL,1153,1),(1154,616,439,3.0000,NULL,NULL,NULL,NULL,1154,1),(1155,616,535,1.0000,NULL,NULL,NULL,NULL,1155,1),(1156,614,617,1.0000,NULL,NULL,39,58,1156,1),(1157,617,545,1.0000,NULL,NULL,NULL,NULL,1157,1),(1158,614,618,1.0000,NULL,NULL,39,58,1158,1),(1159,618,438,1.0000,NULL,NULL,NULL,NULL,1159,1),(1160,618,439,6.0000,NULL,NULL,NULL,NULL,1160,1),(1162,614,619,1.0000,NULL,NULL,23,58,1162,1),(1163,619,438,1.0000,NULL,NULL,NULL,NULL,1163,1),(1164,619,543,9.0000,NULL,NULL,NULL,NULL,1164,1),(1165,614,620,1.0000,NULL,NULL,39,58,1165,1),(1166,620,438,NULL,NULL,NULL,NULL,NULL,1166,1),(1167,620,540,NULL,NULL,NULL,NULL,NULL,1167,1),(1168,614,621,1.0000,NULL,NULL,39,58,1168,1),(1169,621,438,NULL,NULL,NULL,NULL,NULL,1169,1),(1170,621,540,NULL,NULL,NULL,NULL,NULL,1170,1),(1171,614,622,1.0000,NULL,NULL,39,58,1171,1),(1172,622,438,1.0000,NULL,NULL,NULL,NULL,1172,1),(1173,622,439,3.0000,NULL,NULL,NULL,NULL,1173,1),(1174,614,623,1.0000,NULL,NULL,39,58,1174,1),(1175,623,438,NULL,NULL,NULL,NULL,NULL,1175,1),(1176,623,439,3.0000,NULL,NULL,NULL,NULL,1176,1),(1180,141,625,1.0000,NULL,152665,11,2,1180,1),(1181,625,286,0.2500,NULL,NULL,NULL,68,1181,1),(1182,625,155,1.0000,NULL,NULL,NULL,NULL,1182,1),(1183,141,626,1.0000,NULL,152665,11,2,1183,1),(1184,626,286,2.0000,NULL,NULL,NULL,68,1184,1),(1186,141,627,1.0000,NULL,152665,11,2,1186,1),(1187,627,286,1.5000,NULL,NULL,NULL,68,1187,1),(1206,118,646,1.0000,1,18838,8,2,1,1),(1207,118,647,1.0000,1,62290,8,2,2,1),(1208,118,648,1.0000,1,32216,8,2,3,1),(1209,118,649,1.0000,1,6888,8,2,4,1),(1210,118,650,1.0000,1,5793,8,2,5,1),(1211,118,651,1.0000,1,2317,8,2,6,1),(1212,118,652,1.0000,1,1381,8,2,7,1),(1213,118,653,1.0000,1,4602,8,2,8,1),(1214,118,654,1.0000,1,2365,8,2,9,1),(1215,118,655,1.0000,1,508,8,2,10,1),(1216,118,656,1.0000,1,428,8,2,11,1),(1217,118,657,1.0000,1,254,8,2,12,1),(1218,658,659,1.0000,NULL,47399,11,2,1218,1),(1221,659,286,2.0000,NULL,NULL,NULL,68,1221,1),(1222,659,411,14.0000,NULL,NULL,NULL,70,1222,1),(1223,658,662,1.0000,NULL,47399,11,2,1223,1),(1224,662,286,2.0000,NULL,NULL,NULL,68,1224,1),(1225,662,411,14.0000,NULL,NULL,NULL,70,1225,1),(1226,658,663,1.0000,NULL,5267,11,2,1226,1),(1227,663,286,2.0000,NULL,NULL,NULL,68,1227,1),(1228,663,411,14.0000,NULL,NULL,NULL,70,1228,1),(1229,663,288,NULL,NULL,NULL,NULL,2,1229,1),(1230,658,664,1.0000,NULL,5267,11,2,1230,1),(1231,664,286,2.0000,NULL,NULL,NULL,68,1231,1),(1232,664,411,14.0000,NULL,NULL,NULL,70,1232,1),(1233,664,288,NULL,NULL,NULL,NULL,2,1233,1),(1239,658,666,1.0000,NULL,47399,11,2,1239,1),(1240,666,286,1.5000,NULL,NULL,NULL,68,1240,1),(1241,666,411,12.0000,NULL,NULL,NULL,70,1241,1),(1249,658,665,1.0000,NULL,47399,11,2,1249,1),(1250,665,286,1.5000,NULL,NULL,NULL,68,1250,1),(1251,665,411,12.0000,NULL,NULL,NULL,70,1251,1),(1252,658,667,1.0000,NULL,5267,11,2,1252,1),(1253,667,286,1.5000,NULL,NULL,NULL,68,1253,1),(1254,667,411,12.0000,NULL,NULL,NULL,70,1254,1),(1255,667,288,NULL,NULL,NULL,NULL,2,1255,1),(1256,658,668,1.0000,NULL,5267,11,2,1256,1),(1257,668,286,1.5000,NULL,NULL,NULL,68,1257,1),(1258,668,411,12.0000,NULL,NULL,NULL,70,1258,1),(1259,668,288,NULL,NULL,NULL,NULL,2,1259,1),(1263,658,669,1.0000,NULL,52666,11,2,1263,1),(1264,669,286,2.0000,NULL,NULL,NULL,68,1264,1),(1265,669,411,12.0000,NULL,NULL,NULL,70,1265,1),(1266,658,670,1.0000,NULL,52666,11,2,1266,1),(1267,670,286,2.0000,NULL,NULL,NULL,68,1267,1),(1268,670,411,12.0000,NULL,NULL,NULL,70,1268,1),(1270,658,672,1.0000,NULL,52666,11,2,1270,1),(1271,672,286,1.5000,NULL,NULL,NULL,68,1271,1),(1272,672,411,8.0000,NULL,NULL,NULL,70,1272,1),(1275,658,673,1.0000,NULL,52666,11,2,1275,1),(1276,673,286,1.5000,NULL,NULL,NULL,68,1276,1),(1277,673,411,8.0000,NULL,NULL,NULL,70,1277,1),(1282,674,676,1.0000,NULL,NULL,39,69,1282,1),(1283,661,677,1.0000,1,165941,13,2,1283,1),(1284,677,439,3.0000,NULL,NULL,NULL,NULL,1284,1),(1285,677,712,1.0000,NULL,NULL,NULL,NULL,1285,1),(1286,677,438,NULL,NULL,NULL,NULL,NULL,1286,1),(1287,676,438,0.1300,NULL,NULL,NULL,NULL,1287,1),(1288,661,679,1.0000,1,165941,13,2,1288,1),(1289,679,439,3.0000,NULL,NULL,NULL,NULL,1289,1),(1290,679,678,1.0000,NULL,NULL,NULL,NULL,1290,1),(1291,679,438,NULL,NULL,NULL,NULL,NULL,1291,1),(1292,674,680,1.0000,NULL,NULL,39,69,1292,1),(1293,680,438,0.1300,NULL,NULL,NULL,NULL,1293,1),(1294,674,681,1.0000,NULL,NULL,39,69,1294,1),(1295,681,438,0.2300,NULL,NULL,NULL,NULL,1295,1),(1296,674,682,1.0000,NULL,NULL,39,69,1296,1),(1297,682,438,0.2300,NULL,NULL,NULL,NULL,1297,1),(1298,661,683,1.0000,1,165941,13,2,1298,1),(1299,683,543,9.0000,NULL,NULL,NULL,NULL,1299,1),(1300,683,438,NULL,NULL,NULL,NULL,NULL,1300,1),(1301,661,684,1.0000,1,165941,11,2,1301,1),(1302,684,545,NULL,NULL,NULL,NULL,NULL,1302,1),(1303,674,685,1.0000,NULL,NULL,39,69,1303,1),(1305,661,686,1.0000,1,13275,11,2,1305,1),(1306,686,439,3.0000,NULL,NULL,NULL,NULL,1306,1),(1307,685,687,0.2800,NULL,NULL,NULL,NULL,1307,1),(1308,686,438,NULL,NULL,NULL,NULL,NULL,1308,1),(1309,674,688,1.0000,NULL,NULL,39,69,1309,1),(1310,688,687,0.2800,NULL,NULL,NULL,NULL,1310,1),(1311,661,689,1.0000,1,13275,11,2,1311,1),(1312,689,439,3.0000,NULL,NULL,NULL,NULL,1312,1),(1313,689,438,NULL,NULL,NULL,NULL,NULL,1313,1),(1314,674,690,1.0000,NULL,NULL,39,69,1314,1),(1315,690,687,0.3800,NULL,NULL,NULL,NULL,1315,1),(1316,674,691,1.0000,NULL,NULL,39,69,1316,1),(1317,691,687,0.3500,NULL,NULL,NULL,NULL,1317,1),(1320,661,671,1.0000,1,13275,11,2,1320,1),(1321,671,439,6.0000,NULL,NULL,NULL,NULL,1321,1),(1322,671,692,1.0000,NULL,NULL,NULL,NULL,1322,1),(1323,671,438,NULL,NULL,NULL,NULL,NULL,1323,1),(1324,674,693,1.0000,NULL,NULL,39,69,1324,1),(1325,693,438,1.4400,NULL,NULL,NULL,NULL,1325,1),(1326,674,694,1.0000,NULL,NULL,39,69,1326,1),(1327,661,695,1.0000,1,165941,11,2,1327,1),(1328,695,438,NULL,NULL,NULL,NULL,NULL,1328,1),(1329,695,540,NULL,NULL,NULL,NULL,NULL,1329,1),(1330,661,675,1.0000,1,165941,11,2,1330,1),(1331,675,438,NULL,NULL,NULL,NULL,NULL,1331,1),(1332,675,540,NULL,NULL,NULL,NULL,NULL,1332,1),(1333,694,696,1.0000,NULL,NULL,39,NULL,1333,1),(1334,661,697,1.0000,1,44875,13,2,1334,1),(1335,697,438,NULL,NULL,NULL,NULL,NULL,1335,1),(1336,661,698,1.0000,1,19422,13,2,1336,1),(1337,698,438,NULL,NULL,NULL,NULL,NULL,1337,1),(1338,661,699,1.0000,1,24623,13,2,1338,1),(1339,699,438,NULL,NULL,NULL,NULL,NULL,1339,1),(1340,694,700,1.0000,NULL,NULL,39,NULL,1340,1),(1341,700,438,1.8300,NULL,NULL,NULL,NULL,1341,1),(1342,694,701,10.0000,NULL,NULL,NULL,NULL,1342,1),(1343,694,543,4.0000,NULL,NULL,NULL,NULL,1343,1),(1344,674,702,1.0000,NULL,NULL,39,69,1344,1),(1345,702,696,1.0000,NULL,NULL,39,NULL,1345,1),(1347,702,701,10.0000,NULL,NULL,NULL,NULL,1347,1),(1348,702,543,4.0000,NULL,NULL,NULL,NULL,1348,1),(1349,674,136,1.0000,NULL,NULL,39,69,1349,1),(1351,136,705,1.0000,NULL,NULL,39,NULL,1351,1),(1352,705,703,1.2000,NULL,NULL,NULL,NULL,1352,1),(1353,136,706,2.0000,NULL,NULL,NULL,NULL,1353,1),(1354,136,707,3.0000,NULL,NULL,NULL,NULL,1354,1),(1357,704,709,1.0000,1,52666,11,2,1357,1),(1358,709,438,NULL,NULL,NULL,NULL,NULL,1358,1),(1359,709,540,NULL,7,NULL,NULL,NULL,1359,1),(1360,704,710,1.0000,1,52666,11,2,1360,1),(1361,710,438,NULL,NULL,NULL,NULL,NULL,1361,1),(1362,710,540,NULL,NULL,NULL,NULL,NULL,1362,1),(1363,704,711,1.0000,1,52666,13,2,1363,1),(1364,711,439,3.0000,NULL,NULL,NULL,NULL,1364,1),(1366,711,438,NULL,NULL,NULL,NULL,NULL,1366,1),(1367,711,713,1.0000,NULL,NULL,NULL,NULL,1367,1),(1368,704,714,1.0000,1,52666,13,2,1368,1),(1369,714,439,3.0000,NULL,NULL,NULL,NULL,1369,1),(1370,714,438,NULL,NULL,NULL,NULL,NULL,1370,1),(1371,714,715,1.0000,NULL,NULL,NULL,NULL,1371,1),(1372,704,716,1.0000,1,52666,13,2,1372,1),(1373,716,543,9.0000,NULL,NULL,NULL,NULL,1373,1),(1374,716,438,NULL,NULL,NULL,NULL,NULL,1374,1),(1375,702,717,1.0000,NULL,NULL,39,NULL,1375,1),(1376,717,438,1.9600,NULL,NULL,NULL,NULL,1376,1),(1377,704,718,1.0000,1,31600,11,2,1377,1),(1378,718,439,2.0000,1,NULL,NULL,NULL,1378,1),(1379,718,438,NULL,NULL,NULL,NULL,NULL,1379,1),(1380,704,719,1.0000,1,31600,11,2,1380,1),(1381,719,439,2.0000,1,NULL,NULL,NULL,1381,1),(1382,719,438,NULL,NULL,NULL,NULL,NULL,1382,1),(1383,704,720,1.0000,1,31600,11,2,1383,1),(1384,720,438,NULL,NULL,NULL,NULL,NULL,1384,1),(1385,720,439,6.0000,NULL,NULL,NULL,NULL,1385,1),(1386,720,721,1.0000,NULL,NULL,NULL,NULL,1386,1),(1387,704,722,1.0000,1,52666,11,2,1387,1),(1388,722,545,NULL,NULL,NULL,NULL,NULL,1388,1),(1389,618,558,1.0000,NULL,NULL,NULL,NULL,1389,1),(1390,557,558,1.0000,NULL,NULL,NULL,NULL,1390,1),(1391,646,723,1.0000,1,NULL,12,8,1391,1),(1392,647,723,1.0000,1,NULL,12,8,1392,1),(1393,648,723,1.0000,1,NULL,12,8,1393,1),(1394,649,723,1.0000,1,NULL,12,8,1394,1),(1395,650,723,1.0000,1,NULL,12,8,1395,1),(1396,651,723,1.0000,1,NULL,12,8,1396,1),(1397,652,723,1.0000,1,NULL,12,8,1397,1),(1398,653,723,1.0000,1,NULL,12,8,1398,1),(1399,654,723,1.0000,1,NULL,12,8,1399,1),(1400,655,723,1.0000,1,NULL,12,8,1400,1),(1401,656,723,1.0000,1,NULL,12,8,1401,1),(1402,657,723,1.0000,1,NULL,12,8,1402,1),(1403,646,724,1.0000,1,NULL,11,8,1403,1),(1404,647,724,1.0000,1,NULL,11,8,1404,1),(1405,648,724,1.0000,1,NULL,11,8,1405,1),(1406,649,724,1.0000,1,NULL,11,8,1406,1),(1407,652,725,1.0000,1,NULL,13,8,1407,1),(1408,653,725,1.0000,1,NULL,13,8,1408,1),(1409,654,725,1.0000,1,NULL,13,8,1409,1),(1410,655,725,1.0000,1,NULL,13,8,1410,1),(1411,650,726,1.0000,1,NULL,12,8,1411,1),(1412,651,726,1.0000,1,NULL,12,8,1412,1),(1413,656,727,1.0000,1,NULL,12,8,1413,1),(1414,657,727,1.0000,1,NULL,12,8,1414,1),(1415,646,728,1.0000,1,NULL,11,8,1415,1),(1416,647,728,1.0000,1,NULL,11,8,1416,1),(1417,648,728,1.0000,1,NULL,11,8,1417,1),(1418,649,728,1.0000,1,NULL,11,8,1418,1),(1419,650,728,1.0000,1,NULL,11,8,1419,1),(1420,651,728,1.0000,1,NULL,11,8,1420,1),(1421,652,728,1.0000,1,NULL,11,8,1421,1),(1422,653,728,1.0000,1,NULL,11,8,1422,1),(1423,654,728,1.0000,1,NULL,11,8,1423,1),(1424,655,728,1.0000,1,NULL,11,8,1424,1),(1425,656,728,1.0000,1,NULL,11,8,1425,1),(1426,646,729,1.0000,1,NULL,11,8,1426,1),(1427,647,729,1.0000,1,NULL,11,8,1427,1),(1428,648,729,1.0000,1,NULL,11,8,1428,1),(1432,652,729,1.0000,1,NULL,11,8,1432,1),(1433,653,729,1.0000,1,NULL,11,8,1433,1),(1434,654,729,1.0000,1,NULL,11,8,1434,1),(1438,180,730,1.0000,NULL,NULL,49,50,1438,1),(1439,730,438,2.0700,NULL,NULL,NULL,NULL,1439,1),(1440,730,731,3.0000,NULL,NULL,NULL,50,1440,1),(1441,180,732,1.0000,NULL,NULL,49,50,1441,1),(1442,732,438,2.0700,NULL,NULL,NULL,NULL,1442,1),(1443,732,731,3.0000,NULL,NULL,NULL,50,1443,1),(1444,674,733,1.0000,NULL,NULL,39,69,1444,1),(1445,733,438,1.4400,NULL,NULL,NULL,NULL,1445,1),(1447,696,687,1.3500,NULL,NULL,NULL,NULL,1447,1),(1448,607,549,NULL,NULL,NULL,NULL,NULL,1448,1),(1449,326,328,1.0000,NULL,67600,49,50,1449,1),(1450,327,734,1.0000,NULL,NULL,49,50,1450,1),(1454,327,336,1.0000,NULL,NULL,49,50,1454,1),(1457,327,339,1.0000,NULL,NULL,NULL,NULL,1457,1),(1458,327,340,2.0000,NULL,NULL,NULL,NULL,1458,1),(1459,327,342,4.0000,NULL,NULL,NULL,NULL,1459,1),(1460,327,343,4.0000,NULL,NULL,NULL,NULL,1460,1),(1461,327,344,2.0000,NULL,NULL,NULL,NULL,1461,1),(1467,328,336,1.0000,NULL,NULL,49,50,1467,1),(1470,328,339,1.0000,NULL,NULL,NULL,NULL,1470,1),(1471,328,340,2.0000,NULL,NULL,NULL,NULL,1471,1),(1472,328,342,4.0000,NULL,NULL,NULL,NULL,1472,1),(1473,328,343,4.0000,NULL,NULL,NULL,NULL,1473,1),(1474,328,344,2.0000,NULL,NULL,NULL,NULL,1474,1),(1475,326,329,1.0000,NULL,25350,49,50,1475,1),(1477,328,341,1.0000,NULL,NULL,49,50,1477,1),(1478,329,341,1.0000,NULL,NULL,49,50,1478,1),(1479,328,734,1.0000,NULL,NULL,49,50,1479,1),(1480,329,734,1.0000,NULL,NULL,49,50,1480,1),(1481,328,735,1.0000,NULL,NULL,49,50,1481,1),(1483,328,736,1.0000,NULL,NULL,49,50,1483,1),(1485,327,334,1.0000,1,NULL,49,50,1485,1),(1486,327,335,1.0000,1,NULL,49,50,1486,1),(1490,328,744,1.0000,NULL,NULL,NULL,NULL,1490,1),(1491,744,739,1.0000,NULL,NULL,NULL,NULL,1491,1),(1492,744,740,1.0000,NULL,NULL,NULL,NULL,1492,1),(1493,744,741,1.0000,NULL,NULL,NULL,NULL,1493,1),(1494,744,742,1.0000,NULL,NULL,NULL,NULL,1494,1),(1495,744,743,1.0000,NULL,NULL,NULL,NULL,1495,1),(1496,327,333,1.0000,1,NULL,49,50,1496,1),(1499,328,337,1.0000,1,NULL,49,50,1499,1),(1500,329,337,1.0000,1,NULL,49,50,1500,1),(1501,327,338,1.0000,1,NULL,49,50,1501,1),(1502,328,338,1.0000,1,NULL,49,50,1502,1),(1503,329,338,1.0000,1,NULL,49,50,1503,1),(1504,329,744,1.0000,NULL,NULL,NULL,NULL,1504,1),(1505,341,745,1.0000,7,NULL,NULL,NULL,1505,1),(1506,734,746,1.0000,NULL,NULL,NULL,NULL,1506,1),(1507,336,747,1.0000,NULL,NULL,NULL,NULL,1507,1),(1508,334,748,1.0000,NULL,NULL,NULL,NULL,1508,1),(1509,335,749,NULL,NULL,NULL,NULL,NULL,1509,1),(1512,338,749,1.0000,NULL,NULL,NULL,NULL,1512,1),(1513,735,748,NULL,NULL,NULL,NULL,NULL,1513,1),(1514,736,749,NULL,NULL,NULL,NULL,NULL,1514,1),(1515,329,751,1.0000,NULL,NULL,NULL,NULL,1515,1),(1516,751,752,1.0000,NULL,NULL,NULL,NULL,1516,1),(1517,329,753,1.0000,NULL,NULL,NULL,NULL,1517,1),(1518,753,752,1.0000,NULL,NULL,NULL,NULL,1518,1),(1520,337,749,1.0000,NULL,NULL,NULL,NULL,1520,1),(1521,751,750,NULL,NULL,NULL,NULL,NULL,1521,1),(1522,327,337,1.0000,1,NULL,49,50,1522,1),(1526,428,755,1.0000,NULL,NULL,49,50,1526,1),(1527,428,756,1.0000,NULL,NULL,49,50,1527,1),(1528,428,757,1.0000,NULL,NULL,49,50,1528,1),(1530,755,758,1.0000,NULL,NULL,NULL,NULL,1530,1),(1531,756,759,1.0000,NULL,NULL,NULL,NULL,1531,1),(1532,757,760,1.0000,NULL,NULL,NULL,NULL,1532,1),(1533,178,761,1.0000,NULL,NULL,49,50,1533,1),(1534,761,745,1.0000,NULL,NULL,NULL,NULL,1534,1),(1537,178,763,1.0000,NULL,NULL,49,50,1537,1),(1538,763,758,1.0000,NULL,NULL,NULL,NULL,1538,1),(1539,178,764,1.0000,NULL,NULL,49,50,1539,1),(1540,764,765,1.0000,NULL,NULL,NULL,NULL,1540,1),(1541,178,766,1.0000,NULL,NULL,49,50,1541,1),(1542,766,767,1.0000,NULL,NULL,NULL,NULL,1542,1),(1558,179,783,1.0000,NULL,NULL,NULL,NULL,1558,1),(1559,179,784,1.0000,NULL,NULL,NULL,NULL,1559,1),(1560,179,785,1.0000,NULL,NULL,NULL,NULL,1560,1),(1562,786,787,1.0000,NULL,34735,33,70,1562,1),(1563,786,788,1.0000,NULL,34735,33,70,1563,1),(1564,786,789,1.0000,NULL,34735,33,70,1564,1),(1565,787,790,1.0000,NULL,NULL,NULL,NULL,1565,1),(1566,788,790,1.0000,NULL,NULL,NULL,NULL,1566,1),(1567,789,790,1.0000,NULL,NULL,NULL,NULL,1567,1),(1568,787,791,1.0000,NULL,NULL,NULL,NULL,1568,1),(1569,787,792,1.0000,NULL,NULL,NULL,NULL,1569,1),(1570,787,793,1.0000,NULL,NULL,NULL,NULL,1570,1),(1571,787,794,1.0000,NULL,NULL,NULL,NULL,1571,1),(1572,787,795,1.0000,NULL,NULL,NULL,NULL,1572,1),(1573,787,796,1.0000,NULL,NULL,NULL,NULL,1573,1),(1574,787,797,1.0000,1,104200,33,33,1574,1),(1575,787,798,1.0000,NULL,NULL,NULL,NULL,1575,1),(1576,788,798,1.0000,NULL,NULL,NULL,NULL,1576,1),(1577,789,798,1.0000,NULL,NULL,NULL,NULL,1577,1),(1578,787,799,1.0000,NULL,NULL,NULL,NULL,1578,1),(1579,788,799,1.0000,NULL,NULL,NULL,NULL,1579,1),(1580,789,799,1.0000,NULL,NULL,NULL,NULL,1580,1),(1581,788,800,1.0000,NULL,NULL,NULL,NULL,1581,1),(1582,789,801,1.0000,NULL,NULL,NULL,NULL,1582,1),(1583,788,802,1.0000,NULL,NULL,NULL,NULL,1583,1),(1584,789,802,1.0000,NULL,NULL,NULL,NULL,1584,1),(1585,788,803,1.0000,NULL,NULL,NULL,NULL,1585,1),(1586,789,803,1.0000,NULL,NULL,NULL,NULL,1586,1),(1587,788,804,1.0000,NULL,NULL,NULL,NULL,1587,1),(1588,789,805,1.0000,NULL,NULL,NULL,NULL,1588,1),(1589,788,806,1.0000,NULL,NULL,NULL,NULL,1589,1),(1590,789,806,1.0000,NULL,NULL,NULL,NULL,1590,1),(1591,788,807,1.0000,NULL,NULL,NULL,NULL,1591,1),(1592,789,807,1.0000,NULL,NULL,NULL,NULL,1592,1),(1593,788,808,1.0000,NULL,NULL,NULL,NULL,1593,1),(1594,789,808,1.0000,NULL,NULL,NULL,NULL,1594,1),(1595,788,809,1.0000,NULL,NULL,NULL,NULL,1595,1),(1596,789,810,1.0000,NULL,NULL,NULL,NULL,1596,1),(1597,788,811,1.0000,NULL,NULL,NULL,NULL,1597,1),(1598,789,811,1.0000,NULL,NULL,NULL,NULL,1598,1),(1599,788,812,1.0000,NULL,NULL,NULL,NULL,1599,1),(1600,789,812,1.0000,NULL,NULL,NULL,NULL,1600,1),(1601,787,813,2.0000,NULL,NULL,NULL,NULL,1601,1),(1602,788,814,2.0000,NULL,NULL,NULL,NULL,1602,1),(1603,789,814,2.0000,NULL,NULL,NULL,NULL,1603,1),(1604,787,815,4.0000,NULL,NULL,NULL,NULL,1604,1),(1605,788,815,4.0000,NULL,NULL,NULL,NULL,1605,1),(1606,789,815,4.0000,NULL,NULL,NULL,NULL,1606,1),(1607,787,816,12.0000,NULL,NULL,NULL,NULL,1607,1),(1608,788,816,12.0000,NULL,NULL,NULL,NULL,1608,1),(1609,789,816,12.0000,NULL,NULL,NULL,NULL,1609,1),(1610,787,817,12.0000,NULL,NULL,NULL,NULL,1610,1),(1611,788,817,12.0000,NULL,NULL,NULL,NULL,1611,1),(1612,789,817,12.0000,NULL,NULL,NULL,NULL,1612,1),(1613,787,818,6.0000,NULL,NULL,NULL,NULL,1613,1),(1614,788,818,6.0000,NULL,NULL,NULL,NULL,1614,1),(1615,789,818,6.0000,NULL,NULL,NULL,NULL,1615,1),(1616,787,819,6.0000,NULL,NULL,NULL,NULL,1616,1),(1617,788,819,6.0000,NULL,NULL,NULL,NULL,1617,1),(1618,789,819,6.0000,NULL,NULL,NULL,NULL,1618,1),(1619,787,820,1.0000,NULL,NULL,NULL,NULL,1619,1),(1620,788,820,1.0000,NULL,NULL,NULL,NULL,1620,1),(1621,789,820,1.0000,NULL,NULL,NULL,NULL,1621,1),(1622,787,821,1.0000,NULL,NULL,NULL,NULL,1622,1),(1623,788,821,1.0000,NULL,NULL,NULL,NULL,1623,1),(1624,789,821,1.0000,NULL,NULL,NULL,NULL,1624,1),(1631,788,824,2.0000,NULL,NULL,NULL,NULL,1631,1),(1632,789,824,2.0000,NULL,NULL,NULL,NULL,1632,1),(1633,361,825,NULL,1,NULL,53,57,1633,1),(1634,361,826,NULL,NULL,NULL,53,57,1634,1),(1635,361,827,NULL,NULL,NULL,53,57,1635,1),(1636,361,828,NULL,NULL,NULL,53,57,1636,1),(1637,361,829,NULL,NULL,NULL,53,57,1637,1),(1638,361,830,NULL,NULL,NULL,53,57,1638,1),(1639,361,831,NULL,NULL,NULL,53,57,1639,1),(1640,825,832,2.0000,1,NULL,12,66,1640,1),(1641,826,832,1.0000,1,NULL,12,66,1641,1),(1642,828,832,1.0000,1,NULL,12,66,1642,1),(1643,827,832,1.0000,1,NULL,12,66,1643,1),(1644,829,832,1.0000,1,NULL,12,66,1644,1),(1645,830,832,1.0000,1,NULL,12,66,1645,1),(1646,831,832,1.0000,1,NULL,12,66,1646,1),(1647,825,833,1.0000,NULL,NULL,12,57,1647,1),(1648,826,833,1.0000,NULL,NULL,12,57,1648,1),(1649,827,833,1.0000,NULL,NULL,12,57,1649,1),(1650,828,834,1.0000,NULL,NULL,12,57,1650,1),(1651,829,834,1.0000,NULL,NULL,12,57,1651,1),(1652,830,834,1.0000,NULL,NULL,12,57,1652,1),(1653,831,835,1.0000,NULL,NULL,12,57,1653,1),(1654,787,836,1.0000,1,63000,33,33,1654,1),(1655,825,837,1.0000,NULL,NULL,12,57,1655,1),(1656,826,837,1.0000,NULL,NULL,12,57,1656,1),(1657,828,837,1.0000,NULL,NULL,12,57,1657,1),(1658,829,837,1.0000,NULL,NULL,12,57,1658,1),(1659,825,838,1.0000,NULL,NULL,12,57,1659,1),(1660,826,838,1.0000,NULL,NULL,12,57,1660,1),(1661,828,838,1.0000,NULL,NULL,12,57,1661,1),(1662,829,838,1.0000,NULL,NULL,12,57,1662,1),(1663,825,839,6.0000,1,NULL,NULL,57,1663,1),(1664,826,839,6.0000,1,NULL,NULL,57,1664,1),(1665,828,839,6.0000,1,NULL,NULL,57,1665,1),(1666,829,839,6.0000,1,NULL,NULL,57,1666,1),(1667,825,840,1.0000,NULL,NULL,11,57,1667,1),(1668,826,840,1.0000,NULL,NULL,11,57,1668,1),(1669,827,840,1.0000,NULL,NULL,11,57,1669,1),(1670,828,840,1.0000,NULL,NULL,11,57,1670,1),(1671,829,840,1.0000,NULL,NULL,11,57,1671,1),(1672,830,840,1.0000,NULL,NULL,11,57,1672,1),(1673,831,840,1.0000,NULL,NULL,11,57,1673,1),(1674,841,842,1.0000,NULL,250000,9,72,1674,1),(1675,841,843,1.0000,1,250000,9,72,1675,1),(1676,842,844,1.0000,1,NULL,NULL,NULL,1676,1),(1677,842,845,1.0000,NULL,NULL,9,NULL,1677,1),(1678,842,846,1.0000,NULL,NULL,NULL,NULL,1678,1),(1679,842,847,1.0000,NULL,NULL,9,NULL,1679,2),(1680,843,847,1.0000,NULL,NULL,9,NULL,1680,2),(1681,842,848,2.0000,NULL,NULL,NULL,NULL,1681,1),(1682,843,848,2.0000,NULL,NULL,NULL,NULL,1682,1),(1683,842,849,1.0000,NULL,NULL,NULL,NULL,1683,1),(1684,843,849,1.0000,NULL,NULL,NULL,NULL,1684,1),(1685,843,850,1.0000,NULL,NULL,9,NULL,1685,1),(1686,843,851,1.0000,NULL,NULL,9,NULL,1686,1),(1687,843,852,1.0000,NULL,NULL,NULL,NULL,1687,1),(1688,148,853,1.0000,1,47000,9,NULL,1688,1),(1689,853,854,1.0000,NULL,NULL,9,NULL,1689,1),(1690,853,855,17.0000,NULL,NULL,NULL,NULL,1690,1),(1695,648,857,1.0000,1,NULL,12,8,1695,1),(1696,649,857,1.0000,1,NULL,12,8,1696,1),(1697,654,858,1.0000,1,NULL,12,8,1697,1),(1698,655,858,1.0000,1,NULL,12,8,1698,1),(1703,652,860,1.0000,1,NULL,12,8,1703,1),(1704,653,860,1.0000,1,NULL,12,8,1704,1),(1705,654,860,1.0000,1,NULL,12,8,1705,1),(1706,655,860,1.0000,1,NULL,12,8,1706,1),(1707,656,860,1.0000,1,NULL,12,8,1707,1),(1708,657,860,1.0000,1,NULL,12,8,1708,1),(1709,652,861,1.0000,1,NULL,11,8,1709,1),(1710,653,861,1.0000,1,NULL,11,8,1710,1),(1711,654,861,1.0000,1,NULL,11,8,1711,1),(1712,655,861,1.0000,1,NULL,11,8,1712,1),(1713,656,861,1.0000,1,NULL,11,8,1713,1),(1714,657,861,1.0000,1,NULL,11,8,1714,1),(1715,646,862,1.0000,1,NULL,13,8,1715,1),(1716,647,862,1.0000,1,NULL,13,8,1716,1),(1717,648,862,1.0000,1,NULL,13,8,1717,1),(1718,649,862,1.0000,1,NULL,13,8,1718,1),(1719,650,862,1.0000,1,NULL,13,8,1719,1),(1720,651,862,1.0000,1,NULL,13,8,1720,1),(1721,652,862,1.0000,1,NULL,13,8,1721,1),(1722,653,862,1.0000,1,NULL,13,8,1722,1),(1723,654,862,1.0000,1,NULL,13,8,1723,1),(1724,655,862,1.0000,1,NULL,13,8,1724,1),(1725,656,862,1.0000,1,NULL,13,8,1725,1),(1726,657,862,1.0000,1,NULL,13,8,1726,1),(1727,646,863,1.0000,1,NULL,13,8,1727,1),(1728,647,863,1.0000,1,NULL,13,8,1728,1),(1729,648,863,1.0000,1,NULL,13,8,1729,1),(1730,649,863,1.0000,1,NULL,13,8,1730,1),(1731,650,863,1.0000,1,NULL,13,8,1731,1),(1732,651,863,1.0000,1,NULL,13,8,1732,1),(1733,652,863,1.0000,1,NULL,13,8,1733,1),(1734,653,863,1.0000,1,NULL,13,8,1734,1),(1735,654,863,1.0000,1,NULL,13,8,1735,1),(1736,655,863,1.0000,1,NULL,13,8,1736,1),(1737,656,863,1.0000,1,NULL,13,8,1737,1),(1738,657,863,1.0000,1,NULL,13,8,1738,1),(1741,651,155,1.0000,1,NULL,NULL,8,1741,1),(1742,657,155,1.0000,1,NULL,NULL,8,1742,1),(1743,651,866,1.0000,1,NULL,NULL,8,1743,1),(1744,657,866,1.0000,1,NULL,NULL,8,1744,1),(1745,651,867,1.0000,1,NULL,NULL,8,1745,1),(1746,657,867,1.0000,1,NULL,NULL,8,1746,1),(1747,651,868,1.0000,1,NULL,NULL,8,1747,1),(1748,657,868,1.0000,1,NULL,NULL,8,1748,1),(1749,651,869,1.0000,1,NULL,NULL,8,1749,1),(1750,657,869,1.0000,1,NULL,NULL,8,1750,1),(1751,651,870,1.0000,1,NULL,NULL,8,1751,1),(1752,657,870,1.0000,1,NULL,NULL,8,1752,1),(1753,786,871,1.0000,NULL,34735,33,70,1753,1),(1754,786,872,1.0000,NULL,34735,33,70,1754,1),(1755,786,873,1.0000,NULL,34735,33,70,1755,1),(1756,786,874,1.0000,NULL,34735,33,70,1756,1),(1757,786,875,1.0000,NULL,34735,33,70,1757,1),(1758,786,876,1.0000,NULL,34735,33,70,1758,1),(1759,786,877,1.0000,NULL,34735,33,70,1759,1),(1760,786,878,1.0000,NULL,34735,33,70,1760,1),(1761,786,879,1.0000,NULL,34735,33,70,1761,1),(1762,786,880,1.0000,NULL,34735,33,70,1762,1),(1763,786,881,1.0000,NULL,34735,33,70,1763,1),(1764,786,882,1.0000,NULL,34735,33,70,1764,1),(1765,871,791,1.0000,NULL,NULL,NULL,NULL,1765,1),(1766,871,792,1.0000,NULL,NULL,NULL,NULL,1766,1),(1767,871,793,1.0000,NULL,NULL,NULL,NULL,1767,1),(1768,871,794,1.0000,NULL,NULL,NULL,NULL,1768,1),(1769,871,795,1.0000,NULL,NULL,NULL,NULL,1769,1),(1770,871,796,1.0000,NULL,NULL,NULL,NULL,1770,1),(1771,871,797,1.0000,NULL,NULL,NULL,NULL,1771,1),(1772,871,798,1.0000,NULL,NULL,NULL,NULL,1772,1),(1773,871,799,1.0000,NULL,NULL,NULL,NULL,1773,1),(1774,871,813,2.0000,NULL,NULL,NULL,NULL,1774,1),(1775,871,815,4.0000,NULL,NULL,NULL,NULL,1775,1),(1776,871,816,12.0000,NULL,NULL,NULL,NULL,1776,1),(1777,871,817,12.0000,NULL,NULL,NULL,NULL,1777,1),(1778,871,818,6.0000,NULL,NULL,NULL,NULL,1778,1),(1779,871,819,6.0000,NULL,NULL,NULL,NULL,1779,1),(1780,871,820,1.0000,NULL,NULL,NULL,NULL,1780,1),(1781,871,821,1.0000,NULL,NULL,NULL,NULL,1781,1),(1782,871,822,1.0000,NULL,NULL,NULL,NULL,1782,1),(1783,871,823,1.0000,NULL,NULL,NULL,NULL,1783,1),(1784,871,836,1.0000,NULL,NULL,NULL,NULL,1784,1),(1785,871,883,1.0000,NULL,NULL,NULL,NULL,1785,1),(1786,872,798,1.0000,NULL,NULL,NULL,NULL,1786,1),(1787,872,799,1.0000,NULL,NULL,NULL,NULL,1787,1),(1788,872,815,4.0000,NULL,NULL,NULL,NULL,1788,1),(1789,872,816,12.0000,NULL,NULL,NULL,NULL,1789,1),(1790,872,817,12.0000,NULL,NULL,NULL,NULL,1790,1),(1791,872,818,6.0000,NULL,NULL,NULL,NULL,1791,1),(1792,872,819,6.0000,NULL,NULL,NULL,NULL,1792,1),(1793,872,820,1.0000,NULL,NULL,NULL,NULL,1793,1),(1794,872,821,1.0000,NULL,NULL,NULL,NULL,1794,1),(1795,872,822,1.0000,NULL,NULL,NULL,NULL,1795,1),(1796,872,823,1.0000,NULL,NULL,NULL,NULL,1796,1),(1797,872,800,1.0000,NULL,NULL,NULL,NULL,1797,1),(1798,872,802,1.0000,NULL,NULL,NULL,NULL,1798,1),(1799,872,803,1.0000,NULL,NULL,NULL,NULL,1799,1),(1800,872,804,1.0000,NULL,NULL,NULL,NULL,1800,1),(1801,872,806,1.0000,NULL,NULL,NULL,NULL,1801,1),(1802,872,807,1.0000,NULL,NULL,NULL,NULL,1802,1),(1803,872,808,1.0000,NULL,NULL,NULL,NULL,1803,1),(1804,872,809,1.0000,NULL,NULL,NULL,NULL,1804,1),(1805,872,811,1.0000,NULL,NULL,NULL,NULL,1805,1),(1806,872,812,1.0000,NULL,NULL,NULL,NULL,1806,1),(1807,872,814,2.0000,NULL,NULL,NULL,NULL,1807,1),(1808,872,824,2.0000,NULL,NULL,NULL,NULL,1808,1),(1809,872,883,1.0000,NULL,NULL,NULL,NULL,1809,1),(1810,873,884,4.0000,NULL,NULL,NULL,NULL,1810,1),(1811,873,885,1.0000,NULL,NULL,NULL,NULL,1811,1),(1812,873,886,1.0000,NULL,NULL,NULL,NULL,1812,1),(1813,873,887,1.0000,NULL,NULL,NULL,NULL,1813,1),(1814,873,888,1.0000,NULL,NULL,NULL,NULL,1814,1),(1815,873,798,1.0000,NULL,NULL,NULL,NULL,1815,1),(1816,873,799,1.0000,NULL,NULL,NULL,NULL,1816,1),(1817,873,815,4.0000,NULL,NULL,NULL,NULL,1817,1),(1818,873,816,12.0000,NULL,NULL,NULL,NULL,1818,1),(1819,873,817,12.0000,NULL,NULL,NULL,NULL,1819,1),(1820,873,818,6.0000,NULL,NULL,NULL,NULL,1820,1),(1821,873,819,6.0000,NULL,NULL,NULL,NULL,1821,1),(1822,873,820,1.0000,NULL,NULL,NULL,NULL,1822,1),(1823,873,821,1.0000,NULL,NULL,NULL,NULL,1823,1),(1824,873,822,1.0000,NULL,NULL,NULL,NULL,1824,1),(1825,873,823,1.0000,NULL,NULL,NULL,NULL,1825,1),(1826,873,800,1.0000,NULL,NULL,NULL,NULL,1826,1),(1827,873,802,1.0000,NULL,NULL,NULL,NULL,1827,1),(1828,873,803,1.0000,NULL,NULL,NULL,NULL,1828,1),(1829,873,804,1.0000,NULL,NULL,NULL,NULL,1829,1),(1830,873,806,1.0000,NULL,NULL,NULL,NULL,1830,1),(1831,873,807,1.0000,NULL,NULL,NULL,NULL,1831,1),(1832,873,808,1.0000,NULL,NULL,NULL,NULL,1832,1),(1833,873,809,1.0000,NULL,NULL,NULL,NULL,1833,1),(1834,873,811,1.0000,NULL,NULL,NULL,NULL,1834,1),(1835,873,812,1.0000,NULL,NULL,NULL,NULL,1835,1),(1836,873,814,2.0000,NULL,NULL,NULL,NULL,1836,1),(1837,873,824,2.0000,NULL,NULL,NULL,NULL,1837,1),(1838,873,889,1.0000,NULL,NULL,NULL,NULL,1838,1),(1839,874,798,1.0000,NULL,NULL,NULL,NULL,1839,1),(1840,874,799,1.0000,NULL,NULL,NULL,NULL,1840,1),(1841,874,815,4.0000,NULL,NULL,NULL,NULL,1841,1),(1842,874,816,12.0000,NULL,NULL,NULL,NULL,1842,1),(1843,874,817,12.0000,NULL,NULL,NULL,NULL,1843,1),(1844,874,818,6.0000,NULL,NULL,NULL,NULL,1844,1),(1845,874,819,6.0000,NULL,NULL,NULL,NULL,1845,1),(1846,874,820,1.0000,NULL,NULL,NULL,NULL,1846,1),(1847,874,821,1.0000,NULL,NULL,NULL,NULL,1847,1),(1848,874,822,1.0000,NULL,NULL,NULL,NULL,1848,1),(1849,874,823,1.0000,NULL,NULL,NULL,NULL,1849,1),(1850,874,802,1.0000,NULL,NULL,NULL,NULL,1850,1),(1851,874,803,1.0000,NULL,NULL,NULL,NULL,1851,1),(1852,874,806,1.0000,NULL,NULL,NULL,NULL,1852,1),(1853,874,807,1.0000,NULL,NULL,NULL,NULL,1853,1),(1854,874,808,1.0000,NULL,NULL,NULL,NULL,1854,1),(1855,874,811,1.0000,NULL,NULL,NULL,NULL,1855,1),(1856,874,812,1.0000,NULL,NULL,NULL,NULL,1856,1),(1857,874,814,2.0000,NULL,NULL,NULL,NULL,1857,1),(1858,874,824,2.0000,NULL,NULL,NULL,NULL,1858,1),(1859,874,801,1.0000,NULL,NULL,NULL,NULL,1859,1),(1860,874,805,1.0000,NULL,NULL,NULL,NULL,1860,1),(1861,874,810,1.0000,NULL,NULL,NULL,NULL,1861,1),(1862,874,883,1.0000,NULL,NULL,NULL,NULL,1862,1),(1863,875,798,1.0000,NULL,NULL,NULL,NULL,1863,1),(1864,875,799,1.0000,NULL,NULL,NULL,NULL,1864,1),(1865,875,815,4.0000,NULL,NULL,NULL,NULL,1865,1),(1866,875,816,12.0000,NULL,NULL,NULL,NULL,1866,1),(1867,875,817,12.0000,NULL,NULL,NULL,NULL,1867,1),(1868,875,818,6.0000,NULL,NULL,NULL,NULL,1868,1),(1869,875,819,6.0000,NULL,NULL,NULL,NULL,1869,1),(1870,875,820,1.0000,NULL,NULL,NULL,NULL,1870,1),(1871,875,821,1.0000,NULL,NULL,NULL,NULL,1871,1),(1872,875,822,1.0000,NULL,NULL,NULL,NULL,1872,1),(1873,875,823,1.0000,NULL,NULL,NULL,NULL,1873,1),(1874,875,802,1.0000,NULL,NULL,NULL,NULL,1874,1),(1875,875,803,1.0000,NULL,NULL,NULL,NULL,1875,1),(1876,875,806,1.0000,NULL,NULL,NULL,NULL,1876,1),(1877,875,807,1.0000,NULL,NULL,NULL,NULL,1877,1),(1878,875,808,1.0000,NULL,NULL,NULL,NULL,1878,1),(1879,875,811,1.0000,NULL,NULL,NULL,NULL,1879,1),(1880,875,812,1.0000,NULL,NULL,NULL,NULL,1880,1),(1881,875,814,2.0000,NULL,NULL,NULL,NULL,1881,1),(1882,875,824,2.0000,NULL,NULL,NULL,NULL,1882,1),(1883,875,801,1.0000,NULL,NULL,NULL,NULL,1883,1),(1884,875,805,1.0000,NULL,NULL,NULL,NULL,1884,1),(1885,875,810,1.0000,NULL,NULL,NULL,NULL,1885,1),(1886,875,884,4.0000,NULL,NULL,NULL,NULL,1886,1),(1887,875,885,1.0000,NULL,NULL,NULL,NULL,1887,1),(1888,875,886,1.0000,NULL,NULL,NULL,NULL,1888,1),(1889,875,887,1.0000,NULL,NULL,NULL,NULL,1889,1),(1890,875,888,1.0000,NULL,NULL,NULL,NULL,1890,1),(1891,875,889,1.0000,NULL,NULL,NULL,NULL,1891,1),(1892,367,243,1.0000,NULL,NULL,NULL,NULL,1892,1),(1893,368,243,1.0000,NULL,NULL,NULL,NULL,1893,1),(1894,369,243,1.0000,NULL,NULL,NULL,NULL,1894,1),(1895,370,243,1.0000,NULL,NULL,NULL,NULL,1895,1),(1900,876,798,1.0000,NULL,NULL,NULL,NULL,1900,1),(1901,876,799,1.0000,NULL,NULL,NULL,NULL,1901,1),(1902,876,815,4.0000,NULL,NULL,NULL,NULL,1902,1),(1903,876,816,12.0000,NULL,NULL,NULL,NULL,1903,1),(1904,876,817,12.0000,NULL,NULL,NULL,NULL,1904,1),(1905,876,818,6.0000,NULL,NULL,NULL,NULL,1905,1),(1906,876,819,6.0000,NULL,NULL,NULL,NULL,1906,1),(1907,876,820,1.0000,NULL,NULL,NULL,NULL,1907,1),(1908,876,821,1.0000,NULL,NULL,NULL,NULL,1908,1),(1909,876,800,1.0000,NULL,NULL,NULL,NULL,1909,1),(1910,876,802,1.0000,NULL,NULL,NULL,NULL,1910,1),(1911,876,803,1.0000,NULL,NULL,NULL,NULL,1911,1),(1912,876,804,1.0000,NULL,NULL,NULL,NULL,1912,1),(1913,876,806,1.0000,NULL,NULL,NULL,NULL,1913,1),(1914,876,807,1.0000,NULL,NULL,NULL,NULL,1914,1),(1915,876,808,1.0000,NULL,NULL,NULL,NULL,1915,1),(1916,876,809,1.0000,NULL,NULL,NULL,NULL,1916,1),(1917,876,811,1.0000,NULL,NULL,NULL,NULL,1917,1),(1918,876,812,1.0000,NULL,NULL,NULL,NULL,1918,1),(1919,876,814,2.0000,NULL,NULL,NULL,NULL,1919,1),(1920,876,824,2.0000,NULL,NULL,NULL,NULL,1920,1),(1921,876,884,4.0000,NULL,NULL,NULL,NULL,1921,1),(1922,876,885,1.0000,NULL,NULL,NULL,NULL,1922,1),(1923,876,886,1.0000,NULL,NULL,NULL,NULL,1923,1),(1924,876,887,1.0000,NULL,NULL,NULL,NULL,1924,1),(1925,876,888,1.0000,NULL,NULL,NULL,NULL,1925,1),(1926,876,890,1.0000,NULL,NULL,NULL,NULL,1926,1),(1927,877,798,1.0000,NULL,NULL,NULL,NULL,1927,1),(1928,877,799,1.0000,NULL,NULL,NULL,NULL,1928,1),(1929,877,815,4.0000,NULL,NULL,NULL,NULL,1929,1),(1930,877,816,12.0000,NULL,NULL,NULL,NULL,1930,1),(1931,877,817,12.0000,NULL,NULL,NULL,NULL,1931,1),(1932,877,818,6.0000,NULL,NULL,NULL,NULL,1932,1),(1933,877,819,6.0000,NULL,NULL,NULL,NULL,1933,1),(1934,877,820,1.0000,NULL,NULL,NULL,NULL,1934,1),(1935,877,821,1.0000,NULL,NULL,NULL,NULL,1935,1),(1936,877,802,1.0000,NULL,NULL,NULL,NULL,1936,1),(1937,877,803,1.0000,NULL,NULL,NULL,NULL,1937,1),(1938,877,806,1.0000,NULL,NULL,NULL,NULL,1938,1),(1939,877,807,1.0000,NULL,NULL,NULL,NULL,1939,1),(1940,877,808,1.0000,NULL,NULL,NULL,NULL,1940,1),(1941,877,811,1.0000,NULL,NULL,NULL,NULL,1941,1),(1942,877,812,1.0000,NULL,NULL,NULL,NULL,1942,1),(1943,877,814,2.0000,NULL,NULL,NULL,NULL,1943,1),(1944,877,824,2.0000,NULL,NULL,NULL,NULL,1944,1),(1945,877,801,1.0000,NULL,NULL,NULL,NULL,1945,1),(1946,877,805,1.0000,NULL,NULL,NULL,NULL,1946,1),(1947,877,810,1.0000,NULL,NULL,NULL,NULL,1947,1),(1948,877,884,4.0000,NULL,NULL,NULL,NULL,1948,1),(1949,877,885,1.0000,NULL,NULL,NULL,NULL,1949,1),(1950,877,886,1.0000,NULL,NULL,NULL,NULL,1950,1),(1951,877,887,1.0000,NULL,NULL,NULL,NULL,1951,1),(1952,877,888,1.0000,NULL,NULL,NULL,NULL,1952,1),(1953,877,890,1.0000,NULL,NULL,NULL,NULL,1953,1),(1954,878,791,1.0000,NULL,NULL,NULL,NULL,1954,1),(1955,878,792,1.0000,NULL,NULL,NULL,NULL,1955,1),(1956,878,793,1.0000,NULL,NULL,NULL,NULL,1956,1),(1957,878,794,1.0000,NULL,NULL,NULL,NULL,1957,1),(1958,878,795,1.0000,NULL,NULL,NULL,NULL,1958,1),(1959,878,796,1.0000,NULL,NULL,NULL,NULL,1959,1),(1960,878,797,1.0000,NULL,NULL,NULL,NULL,1960,1),(1961,878,798,1.0000,NULL,NULL,NULL,NULL,1961,1),(1962,878,799,1.0000,NULL,NULL,NULL,NULL,1962,1),(1963,878,813,2.0000,NULL,NULL,NULL,NULL,1963,1),(1964,878,815,4.0000,NULL,NULL,NULL,NULL,1964,1),(1965,878,816,12.0000,NULL,NULL,NULL,NULL,1965,1),(1966,878,817,12.0000,NULL,NULL,NULL,NULL,1966,1),(1967,878,818,6.0000,NULL,NULL,NULL,NULL,1967,1),(1968,878,819,6.0000,NULL,NULL,NULL,NULL,1968,1),(1969,878,820,1.0000,NULL,NULL,NULL,NULL,1969,1),(1970,878,821,1.0000,NULL,NULL,NULL,NULL,1970,1),(1971,878,836,1.0000,NULL,NULL,NULL,NULL,1971,1),(1972,879,798,1.0000,NULL,NULL,NULL,NULL,1972,1),(1973,879,799,1.0000,NULL,NULL,NULL,NULL,1973,1),(1974,879,815,4.0000,NULL,NULL,NULL,NULL,1974,1),(1975,879,816,12.0000,NULL,NULL,NULL,NULL,1975,1),(1976,879,817,12.0000,NULL,NULL,NULL,NULL,1976,1),(1977,879,818,6.0000,NULL,NULL,NULL,NULL,1977,1),(1978,879,819,6.0000,NULL,NULL,NULL,NULL,1978,1),(1979,879,820,1.0000,NULL,NULL,NULL,NULL,1979,1),(1980,879,821,1.0000,NULL,NULL,NULL,NULL,1980,1),(1981,879,800,1.0000,NULL,NULL,NULL,NULL,1981,1),(1982,879,802,1.0000,NULL,NULL,NULL,NULL,1982,1),(1983,879,803,1.0000,1,416800,33,33,1983,1),(1984,879,804,1.0000,NULL,NULL,NULL,NULL,1984,1),(1985,879,806,1.0000,NULL,NULL,NULL,NULL,1985,1),(1986,879,807,1.0000,NULL,NULL,NULL,NULL,1986,1),(1987,879,808,1.0000,NULL,NULL,NULL,NULL,1987,1),(1988,879,809,1.0000,NULL,NULL,NULL,NULL,1988,1),(1989,879,811,1.0000,NULL,NULL,NULL,NULL,1989,1),(1990,879,812,1.0000,NULL,NULL,NULL,NULL,1990,1),(1991,879,814,2.0000,NULL,NULL,NULL,NULL,1991,1),(1992,879,824,2.0000,NULL,NULL,NULL,NULL,1992,1),(1993,879,822,1.0000,NULL,NULL,NULL,NULL,1993,1),(1994,879,823,1.0000,NULL,NULL,NULL,NULL,1994,1),(1995,878,891,1.0000,NULL,NULL,NULL,NULL,1995,1),(1997,880,798,1.0000,NULL,NULL,NULL,NULL,1997,1),(1998,880,799,1.0000,NULL,NULL,NULL,NULL,1998,1),(1999,880,815,4.0000,NULL,NULL,NULL,NULL,1999,1),(2000,880,816,12.0000,NULL,NULL,NULL,NULL,2000,1),(2001,880,817,12.0000,NULL,NULL,NULL,NULL,2001,1),(2002,880,818,6.0000,NULL,NULL,NULL,NULL,2002,1),(2003,880,819,6.0000,NULL,NULL,NULL,NULL,2003,1),(2004,880,820,1.0000,NULL,NULL,NULL,NULL,2004,1),(2005,880,821,1.0000,NULL,NULL,NULL,NULL,2005,1),(2006,880,800,1.0000,NULL,NULL,NULL,NULL,2006,1),(2007,880,802,1.0000,NULL,NULL,NULL,NULL,2007,1),(2008,880,803,1.0000,NULL,NULL,NULL,NULL,2008,1),(2009,880,804,1.0000,NULL,NULL,NULL,NULL,2009,1),(2010,880,806,1.0000,NULL,NULL,NULL,NULL,2010,1),(2011,880,807,1.0000,NULL,NULL,NULL,NULL,2011,1),(2012,880,808,1.0000,NULL,NULL,NULL,NULL,2012,1),(2013,880,809,1.0000,NULL,NULL,NULL,NULL,2013,1),(2014,880,811,1.0000,NULL,NULL,NULL,NULL,2014,1),(2015,880,812,1.0000,NULL,NULL,NULL,NULL,2015,1),(2016,880,814,2.0000,NULL,NULL,NULL,NULL,2016,1),(2017,880,824,2.0000,NULL,NULL,NULL,NULL,2017,1),(2018,880,822,1.0000,NULL,NULL,NULL,NULL,2018,1),(2019,880,823,1.0000,NULL,NULL,NULL,NULL,2019,1),(2020,880,884,4.0000,NULL,NULL,NULL,NULL,2020,1),(2021,880,885,1.0000,NULL,NULL,NULL,NULL,2021,1),(2022,880,886,1.0000,NULL,NULL,NULL,NULL,2022,1),(2023,880,887,1.0000,NULL,NULL,NULL,NULL,2023,1),(2024,880,888,1.0000,NULL,NULL,NULL,NULL,2024,1),(2025,879,891,1.0000,NULL,NULL,NULL,NULL,2025,1),(2026,880,892,1.0000,NULL,NULL,NULL,NULL,2026,1),(2027,881,798,1.0000,NULL,NULL,NULL,NULL,2027,1),(2028,882,798,1.0000,NULL,NULL,NULL,NULL,2028,1),(2029,881,799,1.0000,NULL,NULL,NULL,NULL,2029,1),(2030,882,799,1.0000,NULL,NULL,NULL,NULL,2030,1),(2031,881,815,4.0000,NULL,NULL,NULL,NULL,2031,1),(2032,882,815,4.0000,NULL,NULL,NULL,NULL,2032,1),(2033,881,816,12.0000,NULL,NULL,NULL,NULL,2033,1),(2034,882,816,12.0000,NULL,NULL,NULL,NULL,2034,1),(2035,881,817,12.0000,NULL,NULL,NULL,NULL,2035,1),(2036,882,817,12.0000,NULL,NULL,NULL,NULL,2036,1),(2037,881,818,6.0000,NULL,NULL,NULL,NULL,2037,1),(2038,882,818,6.0000,NULL,NULL,NULL,NULL,2038,1),(2039,881,819,6.0000,NULL,NULL,NULL,NULL,2039,1),(2040,882,819,6.0000,NULL,NULL,NULL,NULL,2040,1),(2041,881,820,1.0000,NULL,NULL,NULL,NULL,2041,1),(2042,882,820,1.0000,NULL,NULL,NULL,NULL,2042,1),(2043,881,821,1.0000,NULL,NULL,NULL,NULL,2043,1),(2044,882,821,1.0000,NULL,NULL,NULL,NULL,2044,1),(2045,881,802,1.0000,NULL,NULL,NULL,NULL,2045,1),(2046,882,802,1.0000,NULL,NULL,NULL,NULL,2046,1),(2047,881,803,1.0000,NULL,NULL,NULL,NULL,2047,1),(2048,882,803,1.0000,NULL,NULL,NULL,NULL,2048,1),(2049,881,806,1.0000,NULL,NULL,NULL,NULL,2049,1),(2050,882,806,1.0000,NULL,NULL,NULL,NULL,2050,1),(2051,881,807,1.0000,NULL,NULL,NULL,NULL,2051,1),(2052,882,807,1.0000,NULL,NULL,NULL,NULL,2052,1),(2053,881,808,1.0000,NULL,NULL,NULL,NULL,2053,1),(2054,882,808,1.0000,NULL,NULL,NULL,NULL,2054,1),(2055,881,811,1.0000,NULL,NULL,NULL,NULL,2055,1),(2056,882,811,1.0000,NULL,NULL,NULL,NULL,2056,1),(2057,881,812,1.0000,NULL,NULL,NULL,NULL,2057,1),(2058,882,812,1.0000,NULL,NULL,NULL,NULL,2058,1),(2059,881,814,2.0000,NULL,NULL,NULL,NULL,2059,1),(2060,882,814,2.0000,NULL,NULL,NULL,NULL,2060,1),(2061,881,824,2.0000,NULL,NULL,NULL,NULL,2061,1),(2062,882,824,2.0000,NULL,NULL,NULL,NULL,2062,1),(2063,881,801,1.0000,NULL,NULL,NULL,NULL,2063,1),(2064,882,801,1.0000,NULL,NULL,NULL,NULL,2064,1),(2065,881,805,1.0000,NULL,NULL,NULL,NULL,2065,1),(2066,882,805,1.0000,NULL,NULL,NULL,NULL,2066,1),(2067,881,810,1.0000,NULL,NULL,NULL,NULL,2067,1),(2068,882,810,1.0000,NULL,NULL,NULL,NULL,2068,1),(2069,881,822,1.0000,NULL,NULL,NULL,NULL,2069,1),(2070,882,822,1.0000,NULL,NULL,NULL,NULL,2070,1),(2071,881,823,1.0000,NULL,NULL,NULL,NULL,2071,1),(2072,882,823,1.0000,NULL,NULL,NULL,NULL,2072,1),(2073,882,884,4.0000,NULL,NULL,NULL,NULL,2073,1),(2074,882,885,1.0000,NULL,NULL,NULL,NULL,2074,1),(2075,882,886,1.0000,NULL,NULL,NULL,NULL,2075,1),(2076,882,887,1.0000,NULL,NULL,NULL,NULL,2076,1),(2077,882,888,1.0000,NULL,NULL,NULL,NULL,2077,1),(2078,881,891,1.0000,NULL,NULL,NULL,NULL,2078,1),(2079,882,892,1.0000,NULL,NULL,NULL,NULL,2079,1),(2080,873,893,1.0000,NULL,NULL,NULL,NULL,2080,1),(2081,875,893,1.0000,NULL,NULL,NULL,NULL,2081,1),(2082,876,893,1.0000,NULL,NULL,NULL,NULL,2082,1),(2083,877,893,1.0000,NULL,NULL,NULL,NULL,2083,1),(2084,880,893,1.0000,NULL,NULL,NULL,NULL,2084,1),(2085,882,893,1.0000,NULL,NULL,NULL,NULL,2085,1),(2086,116,894,1.0000,1,158100,23,47,2086,1),(2087,894,895,NULL,NULL,NULL,NULL,NULL,2087,1),(2088,116,896,1.0000,1,368900,23,47,2088,1),(2089,896,895,NULL,NULL,NULL,NULL,NULL,2089,1),(2090,116,897,1.0000,1,158100,23,47,2090,1),(2091,897,895,NULL,NULL,NULL,NULL,NULL,2091,1),(2094,899,900,1.0000,1,550000,23,47,2094,1),(2095,900,901,3.2000,NULL,NULL,NULL,NULL,2095,1),(2096,900,902,1.0000,NULL,NULL,NULL,NULL,2096,1),(2097,900,903,1.0000,NULL,NULL,NULL,NULL,2097,1),(2098,900,904,1.0000,NULL,NULL,NULL,NULL,2098,1),(2099,899,905,1.0000,1,527000,13,47,2099,1),(2100,905,906,1.5000,NULL,NULL,NULL,NULL,2100,1),(2102,899,908,1.0000,1,295120,23,47,2102,1),(2103,908,438,3.5000,NULL,NULL,NULL,NULL,2103,1),(2104,908,909,4.0000,NULL,NULL,NULL,NULL,2104,1),(2105,899,910,1.0000,1,295120,23,47,2105,1),(2106,910,438,3.5000,NULL,NULL,NULL,NULL,2106,1),(2107,910,909,4.0000,NULL,NULL,NULL,NULL,2107,1),(2113,912,914,1.0000,NULL,454255,27,67,2113,1),(2114,912,913,1.0000,NULL,454255,27,67,2114,1),(2115,912,915,1.0000,NULL,513005,42,59,2115,1),(2116,912,916,1.0000,NULL,513005,42,59,2116,1),(2117,912,917,1.0000,NULL,513005,42,59,2117,1),(2118,179,918,NULL,NULL,NULL,NULL,NULL,2118,1),(2119,918,919,NULL,NULL,NULL,NULL,NULL,2119,1),(2120,179,920,NULL,NULL,NULL,NULL,NULL,2120,1),(2121,825,921,1.0000,NULL,NULL,NULL,NULL,2121,1),(2122,826,921,1.0000,NULL,NULL,NULL,NULL,2122,1),(2123,827,921,1.0000,NULL,NULL,NULL,NULL,2123,1),(2124,828,921,1.0000,NULL,NULL,NULL,NULL,2124,1),(2125,829,921,1.0000,NULL,NULL,NULL,NULL,2125,1),(2126,830,921,1.0000,NULL,NULL,NULL,NULL,2126,1),(2127,831,921,1.0000,NULL,NULL,NULL,NULL,2127,1),(2128,825,922,1.0000,NULL,NULL,11,57,2128,1),(2129,826,922,1.0000,NULL,NULL,11,57,2129,1),(2130,827,922,1.0000,NULL,NULL,11,57,2130,1),(2131,828,922,1.0000,NULL,NULL,11,57,2131,1),(2132,829,922,1.0000,NULL,NULL,11,57,2132,1),(2133,830,922,1.0000,NULL,NULL,11,57,2133,1),(2134,831,922,1.0000,NULL,NULL,11,57,2134,1),(2135,825,923,1.0000,1,NULL,11,57,2135,1),(2136,826,923,1.0000,1,NULL,11,57,2136,1),(2137,827,923,1.0000,1,NULL,11,57,2137,1),(2138,828,923,1.0000,1,NULL,11,57,2138,1),(2139,829,923,1.0000,1,NULL,11,57,2139,1),(2140,830,923,1.0000,1,NULL,11,57,2140,1),(2141,827,924,1.0000,NULL,NULL,11,57,2141,1),(2142,830,924,1.0000,NULL,NULL,11,57,2142,1),(2143,831,924,1.0000,NULL,NULL,11,57,2143,1),(2144,827,925,1.0000,NULL,NULL,11,57,2144,1),(2145,830,925,1.0000,NULL,NULL,11,57,2145,1),(2146,831,925,1.0000,NULL,NULL,11,57,2146,1),(2147,826,926,1.0000,NULL,NULL,11,57,2147,1),(2148,827,926,1.0000,NULL,NULL,11,57,2148,1),(2149,829,926,1.0000,NULL,NULL,11,57,2149,1),(2150,830,926,1.0000,NULL,NULL,11,57,2150,1),(2151,831,926,1.0000,NULL,NULL,11,57,2151,1),(2152,825,927,1.0000,NULL,NULL,11,57,2152,1),(2153,828,927,1.0000,NULL,NULL,11,57,2153,1),(2154,825,928,1.0000,NULL,NULL,NULL,NULL,2154,1),(2155,826,928,1.0000,NULL,NULL,NULL,NULL,2155,1),(2156,828,928,1.0000,NULL,NULL,NULL,NULL,2156,1),(2157,829,928,1.0000,NULL,NULL,NULL,NULL,2157,1),(2158,831,928,1.0000,NULL,NULL,NULL,NULL,2158,1),(2159,825,929,1.0000,NULL,NULL,NULL,NULL,2159,1),(2160,826,929,1.0000,NULL,NULL,NULL,NULL,2160,1),(2161,828,929,1.0000,NULL,NULL,NULL,NULL,2161,1),(2162,829,929,1.0000,NULL,NULL,NULL,NULL,2162,1),(2163,831,929,1.0000,NULL,NULL,NULL,NULL,2163,1),(2170,931,932,1.0000,1,NULL,35,70,2170,1),(2171,931,933,1.0000,1,NULL,35,70,2171,1),(2172,931,934,1.0000,1,NULL,35,70,2172,1),(2173,931,935,1.0000,1,NULL,35,70,2173,1),(2174,931,939,1.0000,1,NULL,35,70,2174,1),(2175,931,940,1.0000,1,NULL,35,70,2175,1),(2176,932,411,6.0000,1,NULL,NULL,70,2176,1),(2177,933,411,6.0000,1,NULL,NULL,70,2177,1),(2178,934,411,6.0000,1,NULL,NULL,70,2178,1),(2179,935,411,6.0000,1,NULL,NULL,70,2179,1),(2180,939,411,6.0000,1,NULL,NULL,70,2180,1),(2181,940,411,6.0000,1,NULL,NULL,70,2181,1),(2182,931,936,1.0000,1,NULL,35,70,2182,1),(2183,931,937,1.0000,1,NULL,35,70,2183,1),(2184,941,942,1.0000,NULL,56535,7,75,2184,1),(2185,941,943,1.0000,NULL,56535,7,75,2185,1),(2186,325,945,NULL,NULL,NULL,33,70,2186,1),(2187,325,946,NULL,NULL,NULL,33,70,2187,1),(2188,325,947,NULL,NULL,NULL,33,70,2188,1),(2189,325,948,NULL,NULL,NULL,33,70,2189,1),(2190,325,949,NULL,NULL,NULL,33,70,2190,1),(2191,325,950,NULL,NULL,NULL,33,70,2191,1),(2192,325,951,NULL,NULL,NULL,33,70,2192,1),(2193,325,952,NULL,NULL,NULL,33,70,2193,1),(2194,325,953,NULL,NULL,NULL,33,70,2194,1),(2195,325,954,NULL,NULL,NULL,33,70,2195,1),(2196,325,955,NULL,NULL,NULL,33,70,2196,1),(2197,325,956,NULL,NULL,NULL,33,70,2197,1),(2198,325,957,NULL,NULL,NULL,33,70,2198,1),(2200,949,959,1.0000,NULL,NULL,NULL,NULL,2200,1),(2201,950,959,1.0000,NULL,NULL,NULL,NULL,2201,1),(2202,951,959,1.0000,NULL,NULL,NULL,NULL,2202,1),(2203,952,959,1.0000,NULL,NULL,NULL,NULL,2203,1),(2205,953,960,1.0000,NULL,NULL,NULL,NULL,2205,1),(2206,953,961,1.0000,NULL,NULL,NULL,NULL,2206,1),(2207,954,961,1.0000,NULL,NULL,NULL,NULL,2207,1),(2208,955,961,1.0000,NULL,NULL,NULL,NULL,2208,1),(2209,956,961,1.0000,NULL,NULL,NULL,NULL,2209,1),(2210,945,962,1.0000,NULL,NULL,NULL,NULL,2210,1),(2211,946,962,1.0000,NULL,NULL,NULL,NULL,2211,1),(2212,947,963,1.0000,NULL,NULL,NULL,NULL,2212,1),(2213,948,963,1.0000,NULL,NULL,NULL,NULL,2213,1),(2214,945,964,1.0000,NULL,NULL,NULL,NULL,2214,1),(2215,946,964,1.0000,NULL,NULL,NULL,NULL,2215,1),(2216,947,964,1.0000,NULL,NULL,NULL,NULL,2216,1),(2217,948,964,1.0000,NULL,NULL,NULL,NULL,2217,1),(2218,949,964,1.0000,NULL,NULL,NULL,NULL,2218,1),(2219,950,964,1.0000,NULL,NULL,NULL,NULL,2219,1),(2220,951,964,1.0000,NULL,NULL,NULL,NULL,2220,1),(2221,952,964,1.0000,NULL,NULL,NULL,NULL,2221,1),(2222,953,964,1.0000,NULL,NULL,NULL,NULL,2222,1),(2223,954,964,1.0000,NULL,NULL,NULL,NULL,2223,1),(2224,955,964,1.0000,NULL,NULL,NULL,NULL,2224,1),(2225,956,964,1.0000,NULL,NULL,NULL,NULL,2225,1),(2226,957,964,1.0000,NULL,NULL,NULL,NULL,2226,1),(2227,945,965,1.0000,NULL,NULL,NULL,NULL,2227,1),(2228,946,965,1.0000,NULL,NULL,NULL,NULL,2228,1),(2229,947,965,1.0000,NULL,NULL,NULL,NULL,2229,1),(2230,948,965,1.0000,NULL,NULL,NULL,NULL,2230,1),(2231,949,965,1.0000,NULL,NULL,NULL,NULL,2231,1),(2232,950,965,1.0000,NULL,NULL,NULL,NULL,2232,1),(2233,951,965,1.0000,NULL,NULL,NULL,NULL,2233,1),(2234,952,965,1.0000,NULL,NULL,NULL,NULL,2234,1),(2235,953,965,1.0000,NULL,NULL,NULL,NULL,2235,1),(2236,954,965,1.0000,NULL,NULL,NULL,NULL,2236,1),(2237,955,965,1.0000,NULL,NULL,NULL,NULL,2237,1),(2238,956,965,1.0000,NULL,NULL,NULL,NULL,2238,1),(2239,957,965,1.0000,NULL,NULL,NULL,NULL,2239,1),(2241,945,966,1.0000,NULL,NULL,NULL,NULL,2241,1),(2242,946,966,1.0000,NULL,NULL,NULL,NULL,2242,1),(2243,947,966,1.0000,NULL,NULL,NULL,NULL,2243,1),(2244,948,966,1.0000,NULL,NULL,NULL,NULL,2244,1),(2245,949,966,1.0000,NULL,NULL,NULL,NULL,2245,1),(2246,950,966,1.0000,NULL,NULL,NULL,NULL,2246,1),(2247,951,966,1.0000,NULL,NULL,NULL,NULL,2247,1),(2248,952,966,1.0000,NULL,NULL,NULL,NULL,2248,1),(2249,953,966,1.0000,NULL,NULL,NULL,NULL,2249,1),(2250,954,966,1.0000,NULL,NULL,NULL,NULL,2250,1),(2251,955,966,1.0000,NULL,NULL,NULL,NULL,2251,1),(2252,956,966,1.0000,NULL,NULL,NULL,NULL,2252,1),(2253,957,966,1.0000,NULL,NULL,NULL,NULL,2253,1),(2254,945,967,1.0000,NULL,NULL,NULL,NULL,2254,1),(2255,946,967,1.0000,NULL,NULL,NULL,NULL,2255,1),(2256,947,967,1.0000,NULL,NULL,NULL,NULL,2256,1),(2257,948,967,1.0000,NULL,NULL,NULL,NULL,2257,1),(2258,949,967,1.0000,NULL,NULL,NULL,NULL,2258,1),(2259,950,967,1.0000,NULL,NULL,NULL,NULL,2259,1),(2260,951,967,1.0000,NULL,NULL,NULL,NULL,2260,1),(2261,952,967,1.0000,NULL,NULL,NULL,NULL,2261,1),(2262,953,967,1.0000,NULL,NULL,NULL,NULL,2262,1),(2263,954,967,1.0000,NULL,NULL,NULL,NULL,2263,1),(2264,955,967,1.0000,NULL,NULL,NULL,NULL,2264,1),(2265,956,967,1.0000,NULL,NULL,NULL,NULL,2265,1),(2266,957,967,1.0000,NULL,NULL,NULL,NULL,2266,1),(2267,945,968,1.0000,NULL,NULL,NULL,NULL,2267,1),(2268,946,968,1.0000,NULL,NULL,NULL,NULL,2268,1),(2269,947,968,1.0000,NULL,NULL,NULL,NULL,2269,1),(2270,948,968,1.0000,NULL,NULL,NULL,NULL,2270,1),(2271,949,968,1.0000,NULL,NULL,NULL,NULL,2271,1),(2272,950,968,1.0000,NULL,NULL,NULL,NULL,2272,1),(2273,951,968,1.0000,NULL,NULL,NULL,NULL,2273,1),(2274,952,968,1.0000,NULL,NULL,NULL,NULL,2274,1),(2275,953,968,1.0000,NULL,NULL,NULL,NULL,2275,1),(2276,954,968,1.0000,NULL,NULL,NULL,NULL,2276,1),(2277,955,968,1.0000,NULL,NULL,NULL,NULL,2277,1),(2278,956,968,1.0000,NULL,NULL,NULL,NULL,2278,1),(2279,957,968,1.0000,NULL,NULL,NULL,NULL,2279,1),(2280,945,969,2.0000,NULL,NULL,NULL,NULL,2280,1),(2281,946,969,2.0000,NULL,NULL,NULL,NULL,2281,1),(2282,947,969,2.0000,NULL,NULL,NULL,NULL,2282,1),(2283,948,969,2.0000,NULL,NULL,NULL,NULL,2283,1),(2284,949,969,2.0000,NULL,NULL,NULL,NULL,2284,1),(2285,950,969,2.0000,NULL,NULL,NULL,NULL,2285,1),(2286,951,969,2.0000,NULL,NULL,NULL,NULL,2286,1),(2287,952,969,2.0000,NULL,NULL,NULL,NULL,2287,1),(2288,953,969,2.0000,NULL,NULL,NULL,NULL,2288,1),(2289,954,969,2.0000,NULL,NULL,NULL,NULL,2289,1),(2290,955,969,2.0000,NULL,NULL,NULL,NULL,2290,1),(2291,956,969,2.0000,NULL,NULL,NULL,NULL,2291,1),(2292,957,969,2.0000,NULL,NULL,NULL,NULL,2292,1),(2293,945,970,2.0000,NULL,NULL,NULL,NULL,2293,1),(2294,946,970,2.0000,NULL,NULL,NULL,NULL,2294,1),(2295,947,970,2.0000,NULL,NULL,NULL,NULL,2295,1),(2296,948,970,2.0000,NULL,NULL,NULL,NULL,2296,1),(2297,949,970,2.0000,NULL,NULL,NULL,NULL,2297,1),(2298,950,970,2.0000,NULL,NULL,NULL,NULL,2298,1),(2299,951,970,2.0000,NULL,NULL,NULL,NULL,2299,1),(2300,952,970,2.0000,NULL,NULL,NULL,NULL,2300,1),(2301,953,970,2.0000,NULL,NULL,NULL,NULL,2301,1),(2302,954,970,2.0000,NULL,NULL,NULL,NULL,2302,1),(2303,955,970,2.0000,NULL,NULL,NULL,NULL,2303,1),(2304,956,970,2.0000,NULL,NULL,NULL,NULL,2304,1),(2305,957,970,2.0000,NULL,NULL,NULL,NULL,2305,1),(2306,945,971,16.0000,NULL,NULL,NULL,NULL,2306,1),(2307,946,971,16.0000,NULL,NULL,NULL,NULL,2307,1),(2308,947,971,16.0000,NULL,NULL,NULL,NULL,2308,1),(2309,948,971,16.0000,NULL,NULL,NULL,NULL,2309,1),(2310,949,971,16.0000,NULL,NULL,NULL,NULL,2310,1),(2311,950,971,16.0000,NULL,NULL,NULL,NULL,2311,1),(2312,951,971,16.0000,NULL,NULL,NULL,NULL,2312,1),(2313,952,971,16.0000,NULL,NULL,NULL,NULL,2313,1),(2314,953,971,16.0000,NULL,NULL,NULL,NULL,2314,1),(2315,954,971,16.0000,NULL,NULL,NULL,NULL,2315,1),(2316,955,971,16.0000,NULL,NULL,NULL,NULL,2316,1),(2317,956,971,16.0000,NULL,NULL,NULL,NULL,2317,1),(2318,957,971,16.0000,NULL,NULL,NULL,NULL,2318,1),(2319,945,972,16.0000,NULL,NULL,NULL,NULL,2319,1),(2320,946,972,16.0000,NULL,NULL,NULL,NULL,2320,1),(2321,947,972,16.0000,NULL,NULL,NULL,NULL,2321,1),(2322,948,972,16.0000,NULL,NULL,NULL,NULL,2322,1),(2323,949,972,16.0000,NULL,NULL,NULL,NULL,2323,1),(2324,950,972,16.0000,NULL,NULL,NULL,NULL,2324,1),(2325,951,972,16.0000,NULL,NULL,NULL,NULL,2325,1),(2326,952,972,16.0000,NULL,NULL,NULL,NULL,2326,1),(2327,953,972,16.0000,NULL,NULL,NULL,NULL,2327,1),(2328,954,972,16.0000,NULL,NULL,NULL,NULL,2328,1),(2329,955,972,16.0000,NULL,NULL,NULL,NULL,2329,1),(2330,956,972,16.0000,NULL,NULL,NULL,NULL,2330,1),(2331,957,972,16.0000,NULL,NULL,NULL,NULL,2331,1),(2332,945,973,19.0000,NULL,NULL,NULL,NULL,2332,1),(2333,946,973,19.0000,NULL,NULL,NULL,NULL,2333,1),(2334,947,973,25.0000,NULL,NULL,NULL,NULL,2334,1),(2335,948,973,25.0000,NULL,NULL,NULL,NULL,2335,1),(2336,949,973,25.0000,NULL,NULL,NULL,NULL,2336,1),(2337,950,973,25.0000,NULL,NULL,NULL,NULL,2337,1),(2338,951,973,25.0000,NULL,NULL,NULL,NULL,2338,1),(2339,952,973,25.0000,NULL,NULL,NULL,NULL,2339,1),(2340,953,973,25.0000,NULL,NULL,NULL,NULL,2340,1),(2341,954,973,25.0000,NULL,NULL,NULL,NULL,2341,1),(2342,955,973,25.0000,NULL,NULL,NULL,NULL,2342,1),(2343,956,973,25.0000,NULL,NULL,NULL,NULL,2343,1),(2344,957,973,25.0000,NULL,NULL,NULL,NULL,2344,1),(2345,945,974,19.0000,NULL,NULL,NULL,NULL,2345,1),(2346,946,974,19.0000,NULL,NULL,NULL,NULL,2346,1),(2347,947,974,25.0000,NULL,NULL,NULL,NULL,2347,1),(2348,948,974,25.0000,NULL,NULL,NULL,NULL,2348,1),(2349,949,974,25.0000,NULL,NULL,NULL,NULL,2349,1),(2350,950,974,25.0000,NULL,NULL,NULL,NULL,2350,1),(2351,951,974,25.0000,NULL,NULL,NULL,NULL,2351,1),(2352,952,974,25.0000,NULL,NULL,NULL,NULL,2352,1),(2353,953,974,25.0000,NULL,NULL,NULL,NULL,2353,1),(2354,954,974,25.0000,NULL,NULL,NULL,NULL,2354,1),(2355,955,974,25.0000,NULL,NULL,NULL,NULL,2355,1),(2356,956,974,25.0000,NULL,NULL,NULL,NULL,2356,1),(2357,957,974,25.0000,NULL,NULL,NULL,NULL,2357,1),(2358,945,975,1.0000,NULL,NULL,NULL,NULL,2358,1),(2359,947,975,1.0000,NULL,NULL,NULL,NULL,2359,1),(2360,949,975,1.0000,NULL,NULL,NULL,NULL,2360,1),(2361,951,975,1.0000,NULL,NULL,NULL,NULL,2361,1),(2362,953,975,1.0000,1,234559,33,33,2362,1),(2363,955,975,1.0000,NULL,NULL,NULL,NULL,2363,1),(2364,946,976,1.0000,NULL,NULL,NULL,NULL,2364,1),(2365,948,976,1.0000,NULL,NULL,NULL,NULL,2365,1),(2366,950,976,1.0000,NULL,NULL,NULL,NULL,2366,1),(2367,952,976,1.0000,NULL,NULL,NULL,NULL,2367,1),(2368,954,976,1.0000,1,286451,33,33,2368,1),(2369,956,976,1.0000,NULL,NULL,NULL,NULL,2369,1),(2370,957,976,1.0000,1,286451,33,33,2370,1),(2372,945,978,1.0000,NULL,NULL,NULL,NULL,2372,1),(2373,946,978,1.0000,NULL,NULL,NULL,NULL,2373,1),(2374,947,978,1.0000,NULL,NULL,NULL,NULL,2374,1),(2375,948,978,1.0000,NULL,NULL,NULL,NULL,2375,1),(2376,949,978,1.0000,NULL,NULL,NULL,NULL,2376,1),(2377,950,978,1.0000,NULL,NULL,NULL,NULL,2377,1),(2378,951,978,1.0000,NULL,NULL,NULL,NULL,2378,1),(2379,952,978,1.0000,NULL,NULL,NULL,NULL,2379,1),(2380,953,978,1.0000,1,521000,33,33,2380,1),(2381,954,978,1.0000,NULL,NULL,NULL,NULL,2381,1),(2382,955,978,1.0000,NULL,NULL,NULL,NULL,2382,1),(2383,956,978,1.0000,NULL,NULL,NULL,NULL,2383,1),(2384,957,978,1.0000,1,521000,33,33,2384,1),(2385,947,979,1.0000,NULL,NULL,NULL,NULL,2385,1),(2386,948,979,1.0000,NULL,NULL,NULL,NULL,2386,1),(2387,949,979,1.0000,NULL,NULL,NULL,NULL,2387,1),(2388,950,979,1.0000,NULL,NULL,NULL,NULL,2388,1),(2389,951,979,1.0000,NULL,NULL,NULL,NULL,2389,1),(2390,952,979,1.0000,NULL,NULL,NULL,NULL,2390,1),(2391,953,979,1.0000,NULL,NULL,NULL,NULL,2391,1),(2392,954,979,1.0000,NULL,NULL,NULL,NULL,2392,1),(2393,955,979,1.0000,NULL,NULL,NULL,NULL,2393,1),(2394,956,979,1.0000,NULL,NULL,NULL,NULL,2394,1),(2395,957,979,1.0000,NULL,NULL,NULL,NULL,2395,1),(2396,947,980,1.0000,NULL,NULL,NULL,NULL,2396,1),(2397,948,980,1.0000,NULL,NULL,NULL,NULL,2397,1),(2398,949,980,1.0000,NULL,NULL,NULL,NULL,2398,1),(2399,950,980,1.0000,NULL,NULL,NULL,NULL,2399,1),(2400,951,980,1.0000,NULL,NULL,NULL,NULL,2400,1),(2401,952,980,1.0000,NULL,NULL,NULL,NULL,2401,1),(2402,953,980,1.0000,NULL,NULL,NULL,NULL,2402,1),(2403,954,980,1.0000,NULL,NULL,NULL,NULL,2403,1),(2404,955,980,1.0000,NULL,NULL,NULL,NULL,2404,1),(2405,956,980,1.0000,NULL,NULL,NULL,NULL,2405,1),(2406,957,980,1.0000,NULL,NULL,NULL,NULL,2406,1),(2407,945,981,2.0000,NULL,NULL,NULL,NULL,2407,1),(2408,946,981,2.0000,NULL,NULL,NULL,NULL,2408,1),(2409,947,981,2.0000,NULL,NULL,NULL,NULL,2409,1),(2410,948,981,2.0000,NULL,NULL,NULL,NULL,2410,1),(2411,953,981,2.0000,NULL,NULL,NULL,NULL,2411,1),(2412,954,981,2.0000,NULL,NULL,NULL,NULL,2412,1),(2413,955,981,2.0000,NULL,NULL,NULL,NULL,2413,1),(2414,956,981,2.0000,NULL,NULL,NULL,NULL,2414,1),(2415,957,981,2.0000,NULL,NULL,NULL,NULL,2415,1),(2416,957,982,1.0000,1,36470,35,33,2416,1),(2417,957,983,1.0000,1,36470,35,33,2417,1),(2418,957,984,1.0000,1,36470,35,33,2418,1),(2419,957,985,1.0000,1,36470,35,33,2419,1),(2420,957,986,6.0000,NULL,NULL,NULL,NULL,2420,1),(2421,325,987,2.0000,1,1052000,33,70,2421,1),(2422,1919,988,2.0000,NULL,NULL,NULL,NULL,2422,1),(2423,1919,989,1.0000,NULL,NULL,NULL,NULL,2423,1),(2424,945,990,1.0000,NULL,NULL,NULL,NULL,2424,1),(2425,946,990,1.0000,NULL,NULL,NULL,NULL,2425,1),(2426,947,990,1.0000,NULL,NULL,NULL,NULL,2426,1),(2427,948,990,1.0000,NULL,NULL,NULL,NULL,2427,1),(2428,949,990,1.0000,NULL,NULL,NULL,NULL,2428,1),(2429,950,990,1.0000,NULL,NULL,NULL,NULL,2429,1),(2430,951,990,1.0000,NULL,NULL,NULL,NULL,2430,1),(2431,952,990,1.0000,NULL,NULL,NULL,NULL,2431,1),(2432,953,990,1.0000,NULL,NULL,NULL,NULL,2432,1),(2433,954,990,1.0000,NULL,NULL,NULL,NULL,2433,1),(2434,955,990,1.0000,NULL,NULL,NULL,NULL,2434,1),(2435,956,990,1.0000,NULL,NULL,NULL,NULL,2435,1),(2436,957,990,1.0000,NULL,NULL,NULL,NULL,2436,1),(2437,957,991,1.0000,NULL,NULL,NULL,NULL,2437,1),(2438,957,992,1.0000,NULL,NULL,NULL,NULL,2438,1),(2439,957,993,2.0000,NULL,NULL,NULL,NULL,2439,1),(2440,957,994,1.0000,NULL,NULL,NULL,NULL,2440,1),(2441,957,995,1.0000,NULL,NULL,NULL,NULL,2441,1),(2442,325,996,NULL,1,56268,33,70,2442,1),(2443,945,997,3.0000,NULL,NULL,NULL,NULL,2443,1),(2444,946,997,3.0000,NULL,NULL,NULL,NULL,2444,1),(2445,947,997,3.0000,NULL,NULL,NULL,NULL,2445,1),(2446,948,997,3.0000,NULL,NULL,NULL,NULL,2446,1),(2447,949,997,3.0000,NULL,NULL,NULL,NULL,2447,1),(2448,950,997,3.0000,NULL,NULL,NULL,NULL,2448,1),(2449,951,997,3.0000,NULL,NULL,NULL,NULL,2449,1),(2450,952,997,3.0000,NULL,NULL,NULL,NULL,2450,1),(2451,953,997,3.0000,NULL,NULL,NULL,NULL,2451,1),(2452,954,997,3.0000,NULL,NULL,NULL,NULL,2452,1),(2453,955,997,3.0000,NULL,NULL,NULL,NULL,2453,1),(2454,956,997,3.0000,NULL,NULL,NULL,NULL,2454,1),(2455,957,997,3.0000,NULL,NULL,NULL,NULL,2455,1),(2456,593,587,1.0000,NULL,NULL,23,68,2456,1),(2457,587,552,12.0000,NULL,NULL,NULL,68,2457,1),(2458,587,553,8.0000,NULL,NULL,NULL,68,2458,1),(2459,587,399,1.0000,NULL,NULL,NULL,68,2459,1),(2460,587,286,2.9500,NULL,NULL,NULL,68,2460,1),(2466,598,1002,1.0000,1,NULL,23,68,2466,1),(2467,999,286,1.6500,NULL,NULL,NULL,68,2467,1),(2468,999,288,1.0000,NULL,NULL,NULL,2,2468,1),(2469,999,552,16.0000,NULL,NULL,NULL,68,2469,1),(2477,427,1001,1.0000,NULL,NULL,23,68,2477,1),(2478,1001,587,1.0000,NULL,NULL,23,68,2478,1),(2479,600,1003,1.0000,NULL,NULL,23,68,2479,1),(2480,600,286,1.2500,NULL,NULL,NULL,68,2480,1),(2481,600,552,12.0000,NULL,NULL,NULL,68,2481,1),(2482,600,288,1.0000,NULL,NULL,NULL,2,2482,1),(2483,427,1004,1.0000,NULL,NULL,23,68,2483,1),(2484,1004,999,1.0000,NULL,NULL,23,68,2484,1),(2485,427,1005,1.0000,NULL,NULL,23,68,2485,1),(2486,1005,1003,1.0000,NULL,NULL,23,68,2486,1),(2487,1005,286,1.2500,NULL,NULL,NULL,68,2487,1),(2488,1005,552,12.0000,NULL,NULL,NULL,68,2488,1),(2489,1005,288,1.0000,NULL,NULL,NULL,2,2489,1),(2490,604,1006,1.0000,NULL,NULL,23,68,2490,1),(2491,604,552,6.0000,NULL,NULL,NULL,68,2491,1),(2492,604,731,1.0000,NULL,NULL,NULL,68,2492,1),(2493,427,1007,1.0000,NULL,NULL,23,68,2493,1),(2494,1007,1006,1.0000,NULL,NULL,23,68,2494,1),(2495,1007,552,6.0000,NULL,NULL,NULL,68,2495,1),(2496,1007,731,1.0000,NULL,NULL,NULL,68,2496,1),(2497,602,1008,1.0000,NULL,NULL,23,68,2497,1),(2498,602,552,7.0000,NULL,NULL,NULL,68,2498,1),(2499,427,1009,1.0000,NULL,NULL,23,68,2499,1),(2500,1009,1008,1.0000,NULL,NULL,23,68,2500,1),(2501,1009,552,7.0000,NULL,NULL,NULL,68,2501,1),(2502,427,1010,1.0000,NULL,NULL,23,68,2502,1),(2503,1010,1008,1.0000,NULL,NULL,23,68,2503,1),(2504,1010,552,7.0000,NULL,NULL,NULL,68,2504,1),(2505,427,1011,1.0000,NULL,NULL,23,68,2505,1),(2506,1011,1008,1.0000,NULL,NULL,23,68,2506,1),(2507,1011,552,7.0000,NULL,NULL,NULL,68,2507,1),(2508,1028,1014,1.0000,NULL,NULL,33,NULL,2508,1),(2509,1028,1015,2.0000,NULL,NULL,33,NULL,2509,1),(2510,1028,1016,1.0000,NULL,NULL,33,NULL,2510,1),(2511,1028,1017,1.0000,NULL,NULL,33,NULL,2511,1),(2512,1028,1018,1.0000,NULL,NULL,33,NULL,2512,1),(2513,1028,1019,1.0000,NULL,NULL,33,NULL,2513,1),(2514,1028,1020,1.0000,NULL,NULL,33,NULL,2514,1),(2515,1028,1021,1.0000,NULL,NULL,33,NULL,2515,1),(2516,1028,1022,1.0000,NULL,NULL,29,NULL,2516,1),(2517,1028,1023,1.0000,NULL,NULL,29,NULL,2517,1),(2518,1028,1024,1.0000,NULL,NULL,29,NULL,2518,1),(2519,1028,1025,1.0000,NULL,NULL,29,NULL,2519,1),(2532,1013,1030,1.0000,NULL,41441,33,77,2532,1),(2533,1013,1028,NULL,NULL,NULL,33,77,2533,1),(2534,1013,1031,1.0000,NULL,3785,33,77,2534,1),(2535,1013,1032,NULL,NULL,NULL,33,77,2535,1),(2536,1013,1033,1.0000,NULL,18521,33,77,2536,1),(2537,1033,1026,1.0000,NULL,NULL,NULL,NULL,2537,1),(2538,1033,1027,1.0000,NULL,NULL,NULL,NULL,2538,1),(2543,1017,1029,NULL,NULL,NULL,NULL,NULL,2543,1),(2544,1013,1037,1.0000,NULL,6763,33,77,2544,1),(2545,1013,1038,NULL,NULL,NULL,33,77,2545,1),(2546,1013,1039,NULL,NULL,NULL,33,77,2546,1),(2547,1013,1040,NULL,NULL,NULL,33,77,2547,1),(2548,1013,1041,1.0000,NULL,8062,33,77,2548,1),(2549,1013,1042,1.0000,NULL,75578,33,77,2549,1),(2550,1013,1043,1.0000,NULL,49855,33,77,2550,1),(2551,1013,1044,1.0000,NULL,4728,33,77,2551,1),(2552,1013,1045,1.0000,NULL,1636,33,77,2552,1),(2553,1013,1046,1.0000,NULL,17490,33,77,2553,1),(2554,1013,1047,1.0000,NULL,5114,33,77,2554,1),(2555,1013,1048,1.0000,NULL,757,33,77,2555,1),(2556,1013,1049,NULL,NULL,NULL,33,77,2556,1),(2557,1033,1035,1.0000,NULL,NULL,NULL,NULL,2557,1),(2558,1037,1035,1.0000,NULL,NULL,NULL,NULL,2558,1),(2559,1038,1035,1.0000,NULL,NULL,NULL,NULL,2559,1),(2560,1039,1035,1.0000,NULL,NULL,NULL,NULL,2560,1),(2561,1040,1035,1.0000,NULL,NULL,NULL,NULL,2561,1),(2562,1041,1035,1.0000,NULL,NULL,NULL,NULL,2562,1),(2563,1043,1036,1.0000,NULL,NULL,NULL,NULL,2563,1),(2564,1044,1036,1.0000,NULL,NULL,NULL,NULL,2564,1),(2565,1048,1036,1.0000,NULL,NULL,NULL,NULL,2565,1),(2566,1042,1034,1.0000,NULL,NULL,33,NULL,2566,1),(2567,1045,1034,1.0000,NULL,NULL,33,NULL,2567,1),(2568,1046,1034,1.0000,NULL,NULL,33,NULL,2568,1),(2569,1047,1034,1.0000,NULL,NULL,33,NULL,2569,1),(2570,1049,1034,1.0000,NULL,NULL,33,NULL,2570,1),(2571,1030,1014,1.0000,NULL,NULL,33,NULL,2571,1),(2572,1031,1014,1.0000,NULL,NULL,33,NULL,2572,1),(2573,1032,1014,1.0000,NULL,NULL,33,NULL,2573,1),(2574,1030,1015,2.0000,NULL,NULL,33,NULL,2574,1),(2575,1031,1015,2.0000,NULL,NULL,33,NULL,2575,1),(2576,1032,1015,2.0000,NULL,NULL,33,NULL,2576,1),(2577,1033,1015,2.0000,NULL,NULL,33,NULL,2577,1),(2578,1037,1015,2.0000,NULL,NULL,33,NULL,2578,1),(2579,1038,1015,2.0000,NULL,NULL,33,NULL,2579,1),(2580,1039,1015,2.0000,NULL,NULL,33,NULL,2580,1),(2581,1040,1015,2.0000,NULL,NULL,33,NULL,2581,1),(2582,1041,1015,2.0000,NULL,NULL,33,NULL,2582,1),(2583,1042,1015,2.0000,NULL,NULL,33,NULL,2583,1),(2584,1043,1015,2.0000,NULL,NULL,33,NULL,2584,1),(2585,1044,1015,2.0000,NULL,NULL,33,NULL,2585,1),(2586,1045,1015,2.0000,NULL,NULL,33,NULL,2586,1),(2587,1046,1015,2.0000,NULL,NULL,33,NULL,2587,1),(2588,1047,1015,2.0000,NULL,NULL,33,NULL,2588,1),(2589,1048,1015,2.0000,NULL,NULL,33,NULL,2589,1),(2590,1030,1016,1.0000,NULL,NULL,33,NULL,2590,1),(2591,1031,1016,1.0000,NULL,NULL,33,NULL,2591,1),(2592,1032,1016,1.0000,NULL,NULL,33,NULL,2592,1),(2593,1033,1016,1.0000,NULL,NULL,33,NULL,2593,1),(2594,1037,1016,1.0000,NULL,NULL,33,NULL,2594,1),(2595,1038,1016,1.0000,NULL,NULL,33,NULL,2595,1),(2596,1039,1016,1.0000,NULL,NULL,33,NULL,2596,1),(2597,1040,1016,1.0000,NULL,NULL,33,NULL,2597,1),(2598,1041,1016,1.0000,NULL,NULL,33,NULL,2598,1),(2599,1042,1016,1.0000,NULL,NULL,33,NULL,2599,1),(2600,1043,1016,1.0000,NULL,NULL,33,NULL,2600,1),(2601,1044,1016,1.0000,NULL,NULL,33,NULL,2601,1),(2602,1045,1016,1.0000,NULL,NULL,33,NULL,2602,1),(2603,1046,1016,1.0000,NULL,NULL,33,NULL,2603,1),(2604,1047,1016,1.0000,NULL,NULL,33,NULL,2604,1),(2605,1048,1016,1.0000,NULL,NULL,33,NULL,2605,1),(2606,1030,1017,1.0000,NULL,NULL,33,NULL,2606,1),(2607,1031,1017,1.0000,NULL,NULL,33,NULL,2607,1),(2608,1032,1017,1.0000,NULL,NULL,33,NULL,2608,1),(2609,1033,1017,1.0000,NULL,NULL,33,NULL,2609,1),(2610,1037,1017,1.0000,NULL,NULL,33,NULL,2610,1),(2611,1038,1017,1.0000,NULL,NULL,33,NULL,2611,1),(2612,1039,1017,1.0000,NULL,NULL,33,NULL,2612,1),(2613,1040,1017,1.0000,NULL,NULL,33,NULL,2613,1),(2614,1041,1017,1.0000,NULL,NULL,33,NULL,2614,1),(2615,1042,1017,1.0000,NULL,NULL,33,NULL,2615,1),(2616,1043,1017,1.0000,NULL,NULL,33,NULL,2616,1),(2617,1044,1017,1.0000,NULL,NULL,33,NULL,2617,1),(2618,1045,1017,1.0000,NULL,NULL,33,NULL,2618,1),(2619,1046,1017,1.0000,NULL,NULL,33,NULL,2619,1),(2620,1047,1017,1.0000,NULL,NULL,33,NULL,2620,1),(2621,1048,1017,1.0000,NULL,NULL,33,NULL,2621,1),(2622,1030,1018,1.0000,NULL,NULL,33,NULL,2622,1),(2623,1031,1018,1.0000,NULL,NULL,33,NULL,2623,1),(2624,1032,1018,1.0000,NULL,NULL,33,NULL,2624,1),(2625,1033,1018,1.0000,NULL,NULL,33,NULL,2625,1),(2626,1037,1018,1.0000,NULL,NULL,33,NULL,2626,1),(2627,1038,1018,1.0000,NULL,NULL,33,NULL,2627,1),(2628,1039,1018,1.0000,NULL,NULL,33,NULL,2628,1),(2629,1040,1018,1.0000,NULL,NULL,33,NULL,2629,1),(2630,1041,1018,1.0000,NULL,NULL,33,NULL,2630,1),(2631,1042,1018,1.0000,NULL,NULL,33,NULL,2631,1),(2632,1043,1018,1.0000,NULL,NULL,33,NULL,2632,1),(2633,1044,1018,1.0000,NULL,NULL,33,NULL,2633,1),(2634,1045,1018,1.0000,NULL,NULL,33,NULL,2634,1),(2635,1046,1018,1.0000,NULL,NULL,33,NULL,2635,1),(2636,1047,1018,1.0000,NULL,NULL,33,NULL,2636,1),(2637,1048,1018,1.0000,NULL,NULL,33,NULL,2637,1),(2638,1030,1019,1.0000,NULL,NULL,33,NULL,2638,1),(2639,1031,1019,1.0000,NULL,NULL,33,NULL,2639,1),(2640,1032,1019,1.0000,NULL,NULL,33,NULL,2640,1),(2641,1033,1019,1.0000,NULL,NULL,33,NULL,2641,1),(2642,1037,1019,1.0000,NULL,NULL,33,NULL,2642,1),(2643,1038,1019,1.0000,NULL,NULL,33,NULL,2643,1),(2644,1039,1019,1.0000,NULL,NULL,33,NULL,2644,1),(2645,1040,1019,1.0000,NULL,NULL,33,NULL,2645,1),(2646,1041,1019,1.0000,NULL,NULL,33,NULL,2646,1),(2647,1042,1019,1.0000,NULL,NULL,33,NULL,2647,1),(2648,1043,1019,1.0000,NULL,NULL,33,NULL,2648,1),(2649,1044,1019,1.0000,NULL,NULL,33,NULL,2649,1),(2650,1045,1019,1.0000,NULL,NULL,33,NULL,2650,1),(2651,1046,1019,1.0000,NULL,NULL,33,NULL,2651,1),(2652,1047,1019,1.0000,NULL,NULL,33,NULL,2652,1),(2653,1048,1019,1.0000,NULL,NULL,33,NULL,2653,1),(2654,1030,1020,1.0000,NULL,NULL,33,NULL,2654,1),(2655,1031,1020,1.0000,NULL,NULL,33,NULL,2655,1),(2656,1032,1020,1.0000,NULL,NULL,33,NULL,2656,1),(2657,1033,1020,1.0000,NULL,NULL,33,NULL,2657,1),(2658,1037,1020,1.0000,NULL,NULL,33,NULL,2658,1),(2659,1038,1020,1.0000,NULL,NULL,33,NULL,2659,1),(2660,1039,1020,1.0000,NULL,NULL,33,NULL,2660,1),(2661,1040,1020,1.0000,NULL,NULL,33,NULL,2661,1),(2662,1041,1020,1.0000,NULL,NULL,33,NULL,2662,1),(2663,1042,1020,1.0000,NULL,NULL,33,NULL,2663,1),(2664,1043,1020,1.0000,NULL,NULL,33,NULL,2664,1),(2665,1044,1020,1.0000,NULL,NULL,33,NULL,2665,1),(2666,1045,1020,1.0000,NULL,NULL,33,NULL,2666,1),(2667,1046,1020,1.0000,NULL,NULL,33,NULL,2667,1),(2668,1047,1020,1.0000,NULL,NULL,33,NULL,2668,1),(2669,1048,1020,1.0000,NULL,NULL,33,NULL,2669,1),(2670,1030,1021,1.0000,NULL,NULL,33,NULL,2670,1),(2671,1031,1021,1.0000,NULL,NULL,33,NULL,2671,1),(2672,1032,1021,1.0000,NULL,NULL,33,NULL,2672,1),(2673,1033,1021,1.0000,NULL,NULL,33,NULL,2673,1),(2674,1037,1021,1.0000,NULL,NULL,33,NULL,2674,1),(2675,1038,1021,1.0000,NULL,NULL,33,NULL,2675,1),(2676,1039,1021,1.0000,NULL,NULL,33,NULL,2676,1),(2677,1040,1021,1.0000,NULL,NULL,33,NULL,2677,1),(2678,1041,1021,1.0000,NULL,NULL,33,NULL,2678,1),(2679,1042,1021,1.0000,NULL,NULL,33,NULL,2679,1),(2680,1043,1021,1.0000,NULL,NULL,33,NULL,2680,1),(2681,1044,1021,1.0000,NULL,NULL,33,NULL,2681,1),(2682,1045,1021,1.0000,NULL,NULL,33,NULL,2682,1),(2683,1046,1021,1.0000,NULL,NULL,33,NULL,2683,1),(2684,1047,1021,1.0000,NULL,NULL,33,NULL,2684,1),(2685,1048,1021,1.0000,NULL,NULL,33,NULL,2685,1),(2686,1030,1022,1.0000,NULL,NULL,29,NULL,2686,1),(2687,1031,1022,1.0000,NULL,NULL,29,NULL,2687,1),(2688,1032,1022,1.0000,NULL,NULL,29,NULL,2688,1),(2689,1033,1022,1.0000,NULL,NULL,29,NULL,2689,1),(2690,1037,1022,1.0000,NULL,NULL,29,NULL,2690,1),(2691,1038,1022,1.0000,NULL,NULL,29,NULL,2691,1),(2692,1039,1022,1.0000,NULL,NULL,29,NULL,2692,1),(2693,1040,1022,1.0000,NULL,NULL,29,NULL,2693,1),(2694,1041,1022,1.0000,NULL,NULL,29,NULL,2694,1),(2695,1042,1022,1.0000,NULL,NULL,29,NULL,2695,1),(2696,1043,1022,1.0000,NULL,NULL,29,NULL,2696,1),(2697,1044,1022,1.0000,NULL,NULL,29,NULL,2697,1),(2698,1045,1022,1.0000,NULL,NULL,29,NULL,2698,1),(2699,1046,1022,1.0000,NULL,NULL,29,NULL,2699,1),(2700,1047,1022,1.0000,NULL,NULL,29,NULL,2700,1),(2701,1048,1022,1.0000,NULL,NULL,29,NULL,2701,1),(2702,1030,1023,1.0000,NULL,NULL,29,NULL,2702,1),(2703,1031,1023,1.0000,NULL,NULL,29,NULL,2703,1),(2704,1032,1023,1.0000,NULL,NULL,29,NULL,2704,1),(2705,1033,1023,1.0000,NULL,NULL,29,NULL,2705,1),(2706,1037,1023,1.0000,NULL,NULL,29,NULL,2706,1),(2707,1038,1023,1.0000,NULL,NULL,29,NULL,2707,1),(2708,1039,1023,1.0000,NULL,NULL,29,NULL,2708,1),(2709,1040,1023,1.0000,NULL,NULL,29,NULL,2709,1),(2710,1041,1023,1.0000,NULL,NULL,29,NULL,2710,1),(2711,1042,1023,1.0000,NULL,NULL,29,NULL,2711,1),(2712,1043,1023,1.0000,NULL,NULL,29,NULL,2712,1),(2713,1044,1023,1.0000,NULL,NULL,29,NULL,2713,1),(2714,1045,1023,1.0000,NULL,NULL,29,NULL,2714,1),(2715,1046,1023,1.0000,NULL,NULL,29,NULL,2715,1),(2716,1047,1023,1.0000,NULL,NULL,29,NULL,2716,1),(2717,1048,1023,1.0000,NULL,NULL,29,NULL,2717,1),(2718,938,1050,1.0000,1,22000,8,2,2718,1),(2719,1049,1015,2.0000,NULL,NULL,33,NULL,2719,1),(2720,1049,1016,1.0000,NULL,NULL,33,NULL,2720,1),(2721,1049,1017,1.0000,NULL,NULL,33,NULL,2721,1),(2722,1049,1018,1.0000,NULL,NULL,33,NULL,2722,1),(2723,1049,1019,1.0000,NULL,NULL,33,NULL,2723,1),(2724,1049,1020,1.0000,NULL,NULL,33,NULL,2724,1),(2725,1049,1021,1.0000,NULL,NULL,33,NULL,2725,1),(2726,1049,1022,1.0000,NULL,NULL,29,NULL,2726,1),(2727,1049,1023,1.0000,NULL,NULL,29,NULL,2727,1),(2728,1030,1024,1.0000,NULL,NULL,29,NULL,2728,1),(2729,1039,1024,1.0000,NULL,NULL,29,NULL,2729,1),(2730,1040,1024,1.0000,NULL,NULL,29,NULL,2730,1),(2731,1041,1024,1.0000,NULL,NULL,29,NULL,2731,1),(2732,1042,1024,1.0000,NULL,NULL,29,NULL,2732,1),(2733,1043,1024,1.0000,NULL,NULL,29,NULL,2733,1),(2734,1044,1024,1.0000,NULL,NULL,29,NULL,2734,1),(2735,1047,1024,1.0000,NULL,NULL,29,NULL,2735,1),(2736,1030,1025,1.0000,NULL,NULL,29,NULL,2736,1),(2737,1039,1025,1.0000,NULL,NULL,29,NULL,2737,1),(2738,1040,1025,1.0000,NULL,NULL,29,NULL,2738,1),(2739,1041,1025,1.0000,NULL,NULL,29,NULL,2739,1),(2740,1042,1025,1.0000,NULL,NULL,29,NULL,2740,1),(2741,1043,1025,1.0000,NULL,NULL,29,NULL,2741,1),(2742,1044,1025,1.0000,NULL,NULL,29,NULL,2742,1),(2743,1047,1025,1.0000,NULL,NULL,29,NULL,2743,1),(2744,1031,1051,1.0000,NULL,NULL,NULL,NULL,2744,1),(2745,1032,1051,1.0000,NULL,NULL,NULL,NULL,2745,1),(2746,1033,1051,1.0000,NULL,NULL,NULL,NULL,2746,1),(2747,1037,1051,1.0000,NULL,NULL,NULL,NULL,2747,1),(2748,1038,1051,1.0000,NULL,NULL,NULL,NULL,2748,1),(2749,1045,1051,1.0000,NULL,NULL,NULL,NULL,2749,1),(2750,1046,1051,1.0000,NULL,NULL,NULL,NULL,2750,1),(2751,1048,1051,1.0000,NULL,NULL,NULL,NULL,2751,1),(2752,1049,1051,1.0000,NULL,NULL,NULL,NULL,2752,1),(2753,1031,1052,1.0000,NULL,NULL,NULL,NULL,2753,1),(2754,1032,1052,1.0000,NULL,NULL,NULL,NULL,2754,1),(2755,1033,1052,1.0000,NULL,NULL,NULL,NULL,2755,1),(2756,1037,1052,1.0000,NULL,NULL,NULL,NULL,2756,1),(2757,1038,1052,1.0000,NULL,NULL,NULL,NULL,2757,1),(2758,1045,1052,1.0000,NULL,NULL,NULL,NULL,2758,1),(2759,1046,1052,1.0000,NULL,NULL,NULL,NULL,2759,1),(2760,1048,1052,1.0000,NULL,NULL,NULL,NULL,2760,1),(2761,1049,1052,1.0000,NULL,NULL,NULL,NULL,2761,1),(2762,938,1053,1.0000,1,47737,8,2,2762,1),(2763,938,1054,1.0000,1,15918,8,2,2763,1),(2764,938,1055,1.0000,1,13315,8,2,2764,1),(2765,938,1056,1.0000,1,39961,8,2,2765,1),(2766,938,1057,1.0000,1,5920,8,2,2766,1),(2767,938,1058,1.0000,1,5920,8,2,2767,1),(2768,938,1059,1.0000,1,1381,8,2,2768,1),(2769,938,1060,1.0000,1,3444,8,2,2769,1),(2770,938,1061,1.0000,1,1143,8,2,2770,1),(2771,938,1062,1.0000,1,968,8,2,2771,1),(2772,938,1063,1.0000,1,2888,8,2,2772,1),(2773,938,1064,1.0000,1,428,8,2,2773,1),(2774,938,1065,1.0000,1,428,8,2,2774,1),(2779,1037,1026,1.0000,NULL,NULL,NULL,NULL,2779,1),(2780,1038,1026,1.0000,NULL,NULL,NULL,NULL,2780,1),(2781,1039,1026,1.0000,NULL,NULL,NULL,NULL,2781,1),(2782,1040,1026,1.0000,NULL,NULL,NULL,NULL,2782,1),(2783,1041,1026,1.0000,NULL,NULL,NULL,NULL,2783,1),(2784,1042,1026,1.0000,NULL,NULL,NULL,NULL,2784,1),(2785,1045,1026,1.0000,NULL,NULL,NULL,NULL,2785,1),(2786,1046,1026,1.0000,NULL,NULL,NULL,NULL,2786,1),(2787,1047,1026,1.0000,NULL,NULL,NULL,NULL,2787,1),(2788,1049,1026,1.0000,NULL,NULL,NULL,NULL,2788,1),(2789,1037,1027,1.0000,NULL,NULL,NULL,NULL,2789,1),(2790,1038,1027,1.0000,NULL,NULL,NULL,NULL,2790,1),(2791,1039,1027,1.0000,NULL,NULL,NULL,NULL,2791,1),(2792,1040,1027,1.0000,NULL,NULL,NULL,NULL,2792,1),(2793,1041,1027,1.0000,NULL,NULL,NULL,NULL,2793,1),(2794,1042,1027,1.0000,NULL,NULL,NULL,NULL,2794,1),(2795,1045,1027,1.0000,NULL,NULL,NULL,NULL,2795,1),(2796,1046,1027,1.0000,NULL,NULL,NULL,NULL,2796,1),(2797,1047,1027,1.0000,NULL,NULL,NULL,NULL,2797,1),(2798,1049,1027,1.0000,NULL,NULL,NULL,NULL,2798,1),(2799,1033,1070,1.0000,NULL,NULL,NULL,NULL,2799,1),(2800,1037,1070,1.0000,NULL,NULL,NULL,NULL,2800,1),(2801,1038,1070,1.0000,NULL,NULL,NULL,NULL,2801,1),(2802,1039,1070,1.0000,NULL,NULL,NULL,NULL,2802,1),(2803,1040,1070,1.0000,NULL,NULL,NULL,NULL,2803,1),(2804,1041,1070,1.0000,NULL,NULL,NULL,NULL,2804,1),(2805,1045,1070,1.0000,NULL,NULL,NULL,NULL,2805,1),(2806,1046,1070,1.0000,NULL,NULL,NULL,NULL,2806,1),(2807,1047,1070,1.0000,NULL,NULL,NULL,NULL,2807,1),(2808,1049,1070,1.0000,NULL,NULL,NULL,NULL,2808,1),(2809,1033,1071,1.0000,NULL,NULL,NULL,NULL,2809,1),(2810,1049,1071,1.0000,NULL,NULL,NULL,NULL,2810,1),(2811,1030,1072,1.0000,NULL,NULL,NULL,NULL,2811,1),(2812,1031,1072,1.0000,NULL,NULL,NULL,NULL,2812,1),(2813,1038,1072,1.0000,NULL,NULL,NULL,NULL,2813,1),(2814,1039,1072,1.0000,NULL,NULL,NULL,NULL,2814,1),(2815,1043,1072,1.0000,NULL,NULL,NULL,NULL,2815,1),(2816,1045,1072,1.0000,NULL,NULL,NULL,NULL,2816,1),(2817,1047,1072,1.0000,NULL,NULL,NULL,NULL,2817,1),(2818,1028,1073,1.0000,NULL,NULL,NULL,NULL,2818,1),(2819,1032,1073,1.0000,NULL,NULL,NULL,NULL,2819,1),(2820,1037,1073,1.0000,NULL,NULL,NULL,NULL,2820,1),(2821,1040,1073,1.0000,NULL,NULL,NULL,NULL,2821,1),(2822,1041,1073,1.0000,NULL,NULL,NULL,NULL,2822,1),(2823,1042,1073,1.0000,NULL,NULL,NULL,NULL,2823,1),(2824,1044,1073,1.0000,NULL,NULL,NULL,NULL,2824,1),(2825,1046,1073,1.0000,NULL,NULL,NULL,NULL,2825,1),(2826,1048,1073,1.0000,NULL,NULL,NULL,NULL,2826,1),(2827,1030,1074,20.0000,NULL,NULL,NULL,NULL,2827,1),(2828,1028,1074,20.0000,NULL,NULL,NULL,NULL,2828,1),(2829,1031,1074,20.0000,NULL,NULL,NULL,NULL,2829,1),(2830,1032,1074,20.0000,NULL,NULL,NULL,NULL,2830,1),(2831,1033,1074,20.0000,NULL,NULL,NULL,NULL,2831,1),(2832,1037,1074,20.0000,NULL,NULL,NULL,NULL,2832,1),(2833,1038,1074,20.0000,NULL,NULL,NULL,NULL,2833,1),(2834,1039,1074,20.0000,NULL,NULL,NULL,NULL,2834,1),(2835,1040,1074,20.0000,NULL,NULL,NULL,NULL,2835,1),(2836,1041,1074,20.0000,NULL,NULL,NULL,NULL,2836,1),(2837,1042,1074,20.0000,NULL,NULL,NULL,NULL,2837,1),(2838,1043,1074,20.0000,NULL,NULL,NULL,NULL,2838,1),(2839,1044,1074,20.0000,NULL,NULL,NULL,NULL,2839,1),(2840,1045,1074,20.0000,NULL,NULL,NULL,NULL,2840,1),(2841,1046,1074,20.0000,NULL,NULL,NULL,NULL,2841,1),(2842,1047,1074,20.0000,NULL,NULL,NULL,NULL,2842,1),(2843,1048,1074,20.0000,NULL,NULL,NULL,NULL,2843,1),(2844,1049,1074,20.0000,NULL,NULL,NULL,NULL,2844,1),(2845,1030,1075,20.0000,NULL,NULL,NULL,NULL,2845,1),(2846,1028,1075,20.0000,NULL,NULL,NULL,NULL,2846,1),(2847,1031,1075,20.0000,NULL,NULL,NULL,NULL,2847,1),(2848,1032,1075,20.0000,NULL,NULL,NULL,NULL,2848,1),(2849,1033,1075,20.0000,NULL,NULL,NULL,NULL,2849,1),(2850,1037,1075,20.0000,NULL,NULL,NULL,NULL,2850,1),(2851,1038,1075,20.0000,NULL,NULL,NULL,NULL,2851,1),(2852,1039,1075,20.0000,NULL,NULL,NULL,NULL,2852,1),(2853,1040,1075,20.0000,NULL,NULL,NULL,NULL,2853,1),(2854,1041,1075,20.0000,NULL,NULL,NULL,NULL,2854,1),(2855,1042,1075,20.0000,NULL,NULL,NULL,NULL,2855,1),(2856,1043,1075,20.0000,NULL,NULL,NULL,NULL,2856,1),(2857,1044,1075,20.0000,NULL,NULL,NULL,NULL,2857,1),(2858,1045,1075,20.0000,NULL,NULL,NULL,NULL,2858,1),(2859,1046,1075,20.0000,NULL,NULL,NULL,NULL,2859,1),(2860,1047,1075,20.0000,NULL,NULL,NULL,NULL,2860,1),(2861,1048,1075,20.0000,NULL,NULL,NULL,NULL,2861,1),(2862,1049,1075,20.0000,NULL,NULL,NULL,NULL,2862,1),(2863,1030,1076,16.0000,NULL,NULL,NULL,NULL,2863,1),(2864,1028,1076,16.0000,NULL,NULL,NULL,NULL,2864,1),(2865,1031,1076,16.0000,NULL,NULL,NULL,NULL,2865,1),(2866,1032,1076,16.0000,NULL,NULL,NULL,NULL,2866,1),(2867,1033,1076,16.0000,NULL,NULL,NULL,NULL,2867,1),(2868,1037,1076,16.0000,NULL,NULL,NULL,NULL,2868,1),(2869,1038,1076,16.0000,NULL,NULL,NULL,NULL,2869,1),(2870,1039,1076,16.0000,NULL,NULL,NULL,NULL,2870,1),(2871,1040,1076,16.0000,NULL,NULL,NULL,NULL,2871,1),(2872,1041,1076,16.0000,NULL,NULL,NULL,NULL,2872,1),(2873,1042,1076,16.0000,NULL,NULL,NULL,NULL,2873,1),(2874,1043,1076,16.0000,NULL,NULL,NULL,NULL,2874,1),(2875,1044,1076,16.0000,NULL,NULL,NULL,NULL,2875,1),(2876,1045,1076,16.0000,NULL,NULL,NULL,NULL,2876,1),(2877,1046,1076,16.0000,NULL,NULL,NULL,NULL,2877,1),(2878,1047,1076,16.0000,NULL,NULL,NULL,NULL,2878,1),(2879,1048,1076,16.0000,NULL,NULL,NULL,NULL,2879,1),(2880,1049,1076,16.0000,NULL,NULL,NULL,NULL,2880,1),(2881,1030,1077,16.0000,NULL,NULL,NULL,NULL,2881,1),(2882,1028,1077,16.0000,NULL,NULL,NULL,NULL,2882,1),(2883,1031,1077,16.0000,NULL,NULL,NULL,NULL,2883,1),(2884,1032,1077,16.0000,NULL,NULL,NULL,NULL,2884,1),(2885,1033,1077,16.0000,NULL,NULL,NULL,NULL,2885,1),(2886,1037,1077,16.0000,NULL,NULL,NULL,NULL,2886,1),(2887,1038,1077,16.0000,NULL,NULL,NULL,NULL,2887,1),(2888,1039,1077,16.0000,NULL,NULL,NULL,NULL,2888,1),(2889,1040,1077,16.0000,NULL,NULL,NULL,NULL,2889,1),(2890,1041,1077,16.0000,NULL,NULL,NULL,NULL,2890,1),(2891,1042,1077,16.0000,NULL,NULL,NULL,NULL,2891,1),(2892,1043,1077,16.0000,NULL,NULL,NULL,NULL,2892,1),(2893,1044,1077,16.0000,NULL,NULL,NULL,NULL,2893,1),(2894,1045,1077,16.0000,NULL,NULL,NULL,NULL,2894,1),(2895,1046,1077,16.0000,NULL,NULL,NULL,NULL,2895,1),(2896,1047,1077,16.0000,NULL,NULL,NULL,NULL,2896,1),(2897,1048,1077,16.0000,NULL,NULL,NULL,NULL,2897,1),(2898,1049,1077,16.0000,NULL,NULL,NULL,NULL,2898,1),(2899,1030,1078,13.0000,NULL,NULL,NULL,NULL,2899,1),(2900,1028,1078,13.0000,NULL,NULL,NULL,NULL,2900,1),(2901,1031,1078,13.0000,NULL,NULL,NULL,NULL,2901,1),(2902,1032,1078,13.0000,NULL,NULL,NULL,NULL,2902,1),(2903,1033,1078,13.0000,NULL,NULL,NULL,NULL,2903,1),(2904,1037,1078,13.0000,NULL,NULL,NULL,NULL,2904,1),(2905,1038,1078,13.0000,NULL,NULL,NULL,NULL,2905,1),(2906,1039,1078,13.0000,NULL,NULL,NULL,NULL,2906,1),(2907,1040,1078,13.0000,NULL,NULL,NULL,NULL,2907,1),(2908,1041,1078,13.0000,NULL,NULL,NULL,NULL,2908,1),(2909,1042,1078,13.0000,NULL,NULL,NULL,NULL,2909,1),(2910,1043,1078,13.0000,NULL,NULL,NULL,NULL,2910,1),(2911,1044,1078,13.0000,NULL,NULL,NULL,NULL,2911,1),(2912,1045,1078,13.0000,NULL,NULL,NULL,NULL,2912,1),(2913,1046,1078,13.0000,NULL,NULL,NULL,NULL,2913,1),(2914,1047,1078,13.0000,NULL,NULL,NULL,NULL,2914,1),(2915,1048,1078,13.0000,NULL,NULL,NULL,NULL,2915,1),(2916,1049,1078,13.0000,NULL,NULL,NULL,NULL,2916,1),(2917,1030,1079,6.0000,NULL,NULL,NULL,NULL,2917,1),(2918,1028,1079,6.0000,NULL,NULL,NULL,NULL,2918,1),(2919,1031,1079,6.0000,NULL,NULL,NULL,NULL,2919,1),(2920,1032,1079,6.0000,NULL,NULL,NULL,NULL,2920,1),(2921,1033,1079,6.0000,NULL,NULL,NULL,NULL,2921,1),(2922,1037,1079,6.0000,NULL,NULL,NULL,NULL,2922,1),(2923,1038,1079,6.0000,NULL,NULL,NULL,NULL,2923,1),(2924,1039,1079,6.0000,NULL,NULL,NULL,NULL,2924,1),(2925,1040,1079,6.0000,NULL,NULL,NULL,NULL,2925,1),(2926,1041,1079,6.0000,NULL,NULL,NULL,NULL,2926,1),(2927,1042,1079,6.0000,NULL,NULL,NULL,NULL,2927,1),(2928,1043,1079,6.0000,NULL,NULL,NULL,NULL,2928,1),(2929,1044,1079,6.0000,NULL,NULL,NULL,NULL,2929,1),(2930,1045,1079,6.0000,NULL,NULL,NULL,NULL,2930,1),(2931,1046,1079,6.0000,NULL,NULL,NULL,NULL,2931,1),(2932,1047,1079,6.0000,NULL,NULL,NULL,NULL,2932,1),(2933,1048,1079,6.0000,NULL,NULL,NULL,NULL,2933,1),(2934,1049,1079,6.0000,NULL,NULL,NULL,NULL,2934,1),(2935,1030,1080,6.0000,NULL,NULL,NULL,NULL,2935,1),(2936,1028,1080,6.0000,NULL,NULL,NULL,NULL,2936,1),(2937,1031,1080,6.0000,NULL,NULL,NULL,NULL,2937,1),(2938,1032,1080,6.0000,NULL,NULL,NULL,NULL,2938,1),(2939,1033,1080,6.0000,NULL,NULL,NULL,NULL,2939,1),(2940,1037,1080,6.0000,NULL,NULL,NULL,NULL,2940,1),(2941,1038,1080,6.0000,NULL,NULL,NULL,NULL,2941,1),(2942,1039,1080,6.0000,NULL,NULL,NULL,NULL,2942,1),(2943,1040,1080,6.0000,NULL,NULL,NULL,NULL,2943,1),(2944,1041,1080,6.0000,NULL,NULL,NULL,NULL,2944,1),(2945,1042,1080,6.0000,NULL,NULL,NULL,NULL,2945,1),(2946,1043,1080,6.0000,NULL,NULL,NULL,NULL,2946,1),(2947,1044,1080,6.0000,NULL,NULL,NULL,NULL,2947,1),(2948,1045,1080,6.0000,NULL,NULL,NULL,NULL,2948,1),(2949,1046,1080,6.0000,NULL,NULL,NULL,NULL,2949,1),(2950,1047,1080,6.0000,NULL,NULL,NULL,NULL,2950,1),(2951,1048,1080,6.0000,NULL,NULL,NULL,NULL,2951,1),(2952,1049,1080,6.0000,NULL,NULL,NULL,NULL,2952,1),(2953,1030,1081,2.0000,NULL,NULL,NULL,NULL,2953,1),(2954,1028,1081,2.0000,NULL,NULL,NULL,NULL,2954,1),(2955,1031,1081,2.0000,NULL,NULL,NULL,NULL,2955,1),(2956,1032,1081,2.0000,NULL,NULL,NULL,NULL,2956,1),(2957,1033,1081,2.0000,NULL,NULL,NULL,NULL,2957,1),(2958,1037,1081,2.0000,NULL,NULL,NULL,NULL,2958,1),(2959,1038,1081,2.0000,NULL,NULL,NULL,NULL,2959,1),(2960,1039,1081,2.0000,NULL,NULL,NULL,NULL,2960,1),(2961,1040,1081,2.0000,NULL,NULL,NULL,NULL,2961,1),(2962,1041,1081,2.0000,NULL,NULL,NULL,NULL,2962,1),(2963,1042,1081,2.0000,NULL,NULL,NULL,NULL,2963,1),(2964,1043,1081,2.0000,NULL,NULL,NULL,NULL,2964,1),(2965,1044,1081,2.0000,NULL,NULL,NULL,NULL,2965,1),(2966,1045,1081,2.0000,NULL,NULL,NULL,NULL,2966,1),(2967,1046,1081,2.0000,NULL,NULL,NULL,NULL,2967,1),(2968,1047,1081,2.0000,NULL,NULL,NULL,NULL,2968,1),(2969,1048,1081,2.0000,NULL,NULL,NULL,NULL,2969,1),(2970,1049,1081,2.0000,NULL,NULL,NULL,NULL,2970,1),(2971,1030,1082,1.0000,NULL,NULL,NULL,NULL,2971,1),(2972,1028,1082,1.0000,NULL,NULL,NULL,NULL,2972,1),(2973,1031,1082,1.0000,NULL,NULL,NULL,NULL,2973,1),(2974,1032,1082,1.0000,NULL,NULL,NULL,NULL,2974,1),(2975,1033,1082,1.0000,NULL,NULL,NULL,NULL,2975,1),(2976,1037,1082,1.0000,NULL,NULL,NULL,NULL,2976,1),(2977,1038,1082,1.0000,NULL,NULL,NULL,NULL,2977,1),(2978,1039,1082,1.0000,NULL,NULL,NULL,NULL,2978,1),(2979,1040,1082,1.0000,NULL,NULL,NULL,NULL,2979,1),(2980,1041,1082,1.0000,NULL,NULL,NULL,NULL,2980,1),(2981,1042,1082,1.0000,NULL,NULL,NULL,NULL,2981,1),(2982,1043,1082,1.0000,NULL,NULL,NULL,NULL,2982,1),(2983,1044,1082,1.0000,NULL,NULL,NULL,NULL,2983,1),(2984,1045,1082,1.0000,NULL,NULL,NULL,NULL,2984,1),(2985,1046,1082,1.0000,NULL,NULL,NULL,NULL,2985,1),(2986,1047,1082,1.0000,NULL,NULL,NULL,NULL,2986,1),(2987,1048,1082,1.0000,NULL,NULL,NULL,NULL,2987,1),(2988,1049,1082,1.0000,NULL,NULL,NULL,NULL,2988,1),(2989,1050,1083,1.0000,1,NULL,12,8,2989,1),(2990,1053,1083,1.0000,1,NULL,12,8,2990,1),(2991,1054,1083,1.0000,1,NULL,12,8,2991,1),(2992,1055,1083,1.0000,1,NULL,12,8,2992,1),(2993,1056,1083,1.0000,1,NULL,12,8,2993,1),(2994,1057,1083,1.0000,1,NULL,12,8,2994,1),(2995,1058,1083,1.0000,1,NULL,12,8,2995,1),(2996,1059,1083,1.0000,1,NULL,12,8,2996,1),(2997,1060,1083,1.0000,1,NULL,12,8,2997,1),(2998,1061,1083,1.0000,1,NULL,12,8,2998,1),(2999,1062,1083,1.0000,1,NULL,12,8,2999,1),(3000,1063,1083,1.0000,1,NULL,12,8,3000,1),(3001,1064,1083,1.0000,1,NULL,12,8,3001,1),(3002,1065,1083,1.0000,1,NULL,12,8,3002,1),(3007,1050,1084,1.0000,1,NULL,12,8,3007,1),(3008,1053,1084,1.0000,1,NULL,12,8,3008,1),(3009,1054,1084,1.0000,1,NULL,12,8,3009,1),(3010,1055,1084,1.0000,1,NULL,12,8,3010,1),(3011,1056,1084,1.0000,1,NULL,12,8,3011,1),(3012,1057,1084,1.0000,1,NULL,12,8,3012,1),(3013,1061,1084,1.0000,1,NULL,12,8,3013,1),(3014,1062,1084,1.0000,1,NULL,12,8,3014,1),(3015,1063,1084,1.0000,1,NULL,12,8,3015,1),(3016,1064,1084,1.0000,1,NULL,12,8,3016,1),(3017,1065,1084,1.0000,1,NULL,12,8,3017,1),(3019,1058,1085,1.0000,1,NULL,12,8,3019,1),(3020,1059,1085,1.0000,1,NULL,12,8,3020,1),(3021,1060,1085,1.0000,1,NULL,12,8,3021,1),(3027,1054,1087,1.0000,1,NULL,12,8,3027,1),(3028,1063,1087,1.0000,1,NULL,12,8,3028,1),(3029,996,1088,1.0000,1,NULL,NULL,NULL,3029,1),(3030,1106,1089,1.0000,NULL,NULL,36,51,3030,1),(3031,1106,1090,1.0000,NULL,NULL,36,51,3031,1),(3032,1106,1091,1.0000,NULL,NULL,36,51,3032,1),(3033,1106,1092,1.0000,NULL,NULL,36,51,3033,1),(3034,1106,1093,1.0000,NULL,NULL,36,51,3034,1),(3035,1106,1094,1.0000,NULL,NULL,36,51,3035,1),(3036,1106,1095,1.0000,NULL,NULL,NULL,NULL,3036,1),(3038,1106,1097,1.0000,1,NULL,36,51,3038,1),(3039,1106,1098,1.0000,NULL,NULL,36,51,3039,1),(3040,1106,1099,1.0000,NULL,NULL,36,51,3040,1),(3041,1106,1100,1.0000,NULL,NULL,36,51,3041,1),(3043,1106,569,1.0000,NULL,NULL,NULL,NULL,3043,1),(3044,1106,1103,1.0000,NULL,NULL,NULL,51,3044,1),(3048,206,1106,NULL,NULL,NULL,38,51,3048,1),(3049,206,1107,1.0000,NULL,5640,38,51,3049,1),(3050,206,1108,1.0000,NULL,36425,38,51,3050,1),(3051,206,1109,1.0000,NULL,19270,38,51,3051,1),(3052,206,1110,1.0000,NULL,10575,38,51,3052,1),(3053,1107,1089,1.0000,NULL,NULL,36,51,3053,1),(3054,1108,1089,1.0000,NULL,NULL,36,51,3054,1),(3055,1109,1089,1.0000,NULL,NULL,36,51,3055,1),(3056,1110,1089,1.0000,NULL,NULL,36,51,3056,1),(3057,1107,1090,1.0000,NULL,NULL,36,51,3057,1),(3058,1108,1090,1.0000,NULL,NULL,36,51,3058,1),(3059,1109,1090,1.0000,NULL,NULL,36,51,3059,1),(3060,1110,1090,1.0000,NULL,NULL,36,51,3060,1),(3061,1107,1091,1.0000,NULL,NULL,36,51,3061,1),(3062,1108,1091,1.0000,NULL,NULL,36,51,3062,1),(3063,1109,1091,1.0000,NULL,NULL,36,51,3063,1),(3064,1110,1091,1.0000,NULL,NULL,36,51,3064,1),(3065,1107,1092,1.0000,NULL,NULL,36,51,3065,1),(3066,1108,1092,1.0000,NULL,NULL,36,51,3066,1),(3067,1109,1092,1.0000,NULL,NULL,36,51,3067,1),(3068,1110,1092,1.0000,NULL,NULL,36,51,3068,1),(3069,1107,1093,1.0000,NULL,NULL,36,51,3069,1),(3070,1108,1093,1.0000,NULL,NULL,36,51,3070,1),(3071,1109,1093,1.0000,NULL,NULL,36,51,3071,1),(3072,1110,1093,1.0000,NULL,NULL,36,51,3072,1),(3073,1107,1094,1.0000,NULL,NULL,36,51,3073,1),(3074,1108,1094,1.0000,NULL,NULL,36,51,3074,1),(3075,1109,1094,1.0000,NULL,NULL,36,51,3075,1),(3076,1110,1094,1.0000,NULL,NULL,36,51,3076,1),(3077,1107,1095,1.0000,NULL,NULL,NULL,NULL,3077,1),(3078,1108,1095,1.0000,NULL,NULL,NULL,NULL,3078,1),(3083,1107,1097,1.0000,1,NULL,36,51,3083,1),(3084,1108,1097,1.0000,1,NULL,36,51,3084,1),(3085,1109,1097,1.0000,1,NULL,36,51,3085,1),(3086,1110,1097,1.0000,1,NULL,36,51,3086,1),(3087,1107,1098,1.0000,NULL,NULL,36,51,3087,1),(3089,1107,1099,1.0000,NULL,NULL,36,51,3089,1),(3090,1108,1099,1.0000,NULL,NULL,36,51,3090,1),(3091,1109,1099,1.0000,NULL,NULL,36,51,3091,1),(3092,1110,1099,1.0000,NULL,NULL,36,51,3092,1),(3093,1107,1100,1.0000,NULL,NULL,36,51,3093,1),(3094,1108,1100,1.0000,NULL,NULL,36,51,3094,1),(3095,1109,1100,1.0000,NULL,NULL,36,51,3095,1),(3096,1110,1100,1.0000,NULL,NULL,36,51,3096,1),(3097,1107,1101,4.0000,NULL,NULL,36,NULL,3097,1),(3098,1108,1101,4.0000,NULL,NULL,36,NULL,3098,1),(3099,1109,1101,4.0000,NULL,NULL,36,NULL,3099,1),(3100,1110,1101,4.0000,NULL,NULL,36,NULL,3100,1),(3101,1107,569,1.0000,NULL,NULL,NULL,NULL,3101,1),(3102,1108,569,1.0000,NULL,NULL,NULL,NULL,3102,1),(3103,1109,569,1.0000,NULL,NULL,NULL,NULL,3103,1),(3104,1110,569,1.0000,NULL,NULL,NULL,NULL,3104,1),(3105,1107,1103,1.0000,NULL,NULL,NULL,51,3105,1),(3106,1108,1103,1.0000,NULL,NULL,NULL,51,3106,1),(3107,1109,1103,1.0000,NULL,NULL,NULL,51,3107,1),(3108,1110,1103,1.0000,NULL,NULL,NULL,51,3108,1),(3109,1107,507,4.0000,NULL,NULL,NULL,51,3109,1),(3110,1108,507,4.0000,NULL,NULL,NULL,51,3110,1),(3111,1109,507,4.0000,NULL,NULL,NULL,51,3111,1),(3112,1110,507,4.0000,NULL,NULL,NULL,51,3112,1),(3113,1107,1104,1.0000,NULL,NULL,NULL,NULL,3113,1),(3114,1108,1104,1.0000,NULL,NULL,NULL,NULL,3114,1),(3115,1109,1104,1.0000,NULL,NULL,NULL,NULL,3115,1),(3116,1110,1104,1.0000,NULL,NULL,NULL,NULL,3116,1),(3117,1107,1105,4.0000,NULL,NULL,NULL,51,3117,1),(3118,1108,1105,4.0000,NULL,NULL,NULL,51,3118,1),(3119,1109,1105,4.0000,NULL,NULL,NULL,51,3119,1),(3120,1110,1105,4.0000,NULL,NULL,NULL,51,3120,1),(3121,1109,1111,1.0000,NULL,NULL,NULL,51,3121,1),(3122,1110,1111,1.0000,NULL,NULL,NULL,51,3122,1),(3123,1106,1112,1.0000,1,NULL,NULL,51,3123,1),(3124,1107,1112,1.0000,1,NULL,NULL,51,3124,1),(3125,1108,1112,1.0000,1,NULL,NULL,51,3125,1),(3126,1109,1112,1.0000,1,NULL,NULL,51,3126,1),(3127,1110,1112,1.0000,1,NULL,NULL,51,3127,1),(3128,1106,1113,1.0000,1,NULL,NULL,NULL,3128,1),(3129,1107,1113,1.0000,1,NULL,NULL,NULL,3129,1),(3130,1108,1113,1.0000,1,NULL,NULL,NULL,3130,1),(3131,1109,1113,1.0000,1,NULL,NULL,NULL,3131,1),(3132,1110,1113,1.0000,1,NULL,NULL,NULL,3132,1),(3133,1012,1114,1.0000,NULL,NULL,13,74,3133,1),(3134,1012,1115,1.0000,NULL,NULL,13,74,3134,1),(3136,1116,1118,2.0000,1,87,53,57,3136,1),(3137,1116,1119,NULL,NULL,NULL,53,57,3137,1),(3138,1116,1117,NULL,NULL,NULL,53,57,3138,1),(3139,1116,1120,NULL,NULL,NULL,53,57,3139,1),(3140,1116,1121,1.0000,1,76,53,57,3140,1),(3141,1116,1122,3.0000,1,65,53,57,3141,1),(3142,1117,1129,1.0000,1,NULL,12,53,3142,1),(3143,1119,1129,1.0000,1,NULL,12,53,3143,1),(3144,1120,1129,1.0000,1,NULL,12,53,3144,1),(3145,1118,1130,1.0000,1,5,12,53,3145,1),(3146,1121,1130,1.0000,1,6,12,53,3146,1),(3147,1122,1130,1.0000,1,7,12,53,3147,1),(3148,1117,1131,1.0000,1,34,11,53,3148,1),(3149,1118,1131,1.0000,1,12,11,53,3149,1),(3150,1119,1131,1.0000,1,23,11,53,3150,1),(3151,1120,1132,1.0000,1,NULL,11,53,3151,1),(3152,1121,1132,1.0000,1,NULL,11,53,3152,1),(3153,1122,1132,1.0000,1,NULL,11,53,3153,1),(3154,1117,1133,1.0000,1,19,11,53,3154,1),(3155,1119,1133,1.0000,1,NULL,11,53,3155,1),(3156,1120,1133,1.0000,1,NULL,11,53,3156,1),(3157,1118,1134,1.0000,1,12345,11,53,3157,1),(3158,1121,1134,1.0000,1,23456,11,53,3158,1),(3159,1122,1134,1.0000,1,34657,11,53,3159,1),(3160,1117,1135,1.0000,1,NULL,11,53,3160,1),(3161,1118,1135,1.0000,1,NULL,11,53,3161,1),(3162,1119,1135,1.0000,1,NULL,11,53,3162,1),(3163,1120,1135,1.0000,1,NULL,11,53,3163,1),(3164,1121,1135,1.0000,1,NULL,11,53,3164,1),(3165,1122,1135,1.0000,1,NULL,11,53,3165,1),(3166,1117,1136,1.0000,1,NULL,11,53,3166,1),(3167,1119,1136,1.0000,1,NULL,11,53,3167,1),(3168,1120,1136,1.0000,1,NULL,11,53,3168,1),(3169,1119,1137,1.0000,1,NULL,11,53,3169,1),(3170,1118,1138,1.0000,1,NULL,11,53,3170,1),(3171,1121,1138,1.0000,1,NULL,11,53,3171,1),(3172,1122,1138,1.0000,1,NULL,11,53,3172,1),(3173,1117,1139,1.0000,1,NULL,11,53,3173,1),(3174,1118,1139,1.0000,1,NULL,11,53,3174,1),(3175,1119,1139,1.0000,1,NULL,11,53,3175,1),(3176,1120,1139,1.0000,1,NULL,11,53,3176,1),(3177,1121,1139,1.0000,1,NULL,11,53,3177,1),(3178,1122,1139,1.0000,1,NULL,11,53,3178,1),(3182,1120,1141,1.0000,1,NULL,NULL,11,3182,1),(3183,1121,1141,1.0000,1,NULL,NULL,11,3183,1),(3184,1122,1141,1.0000,1,NULL,NULL,11,3184,1),(3185,1120,1142,1.0000,1,NULL,NULL,53,3185,1),(3186,1121,1142,1.0000,1,NULL,NULL,53,3186,1),(3187,1122,1142,1.0000,1,NULL,NULL,53,3187,1),(3188,1120,1143,1.0000,1,NULL,11,53,3188,1),(3189,1122,1143,1.0000,1,NULL,11,53,3189,1),(3192,1118,1145,1.0000,1,NULL,11,53,3192,1),(3194,1128,1147,1.0000,NULL,NULL,35,51,3194,1),(3195,1128,1148,1.0000,NULL,NULL,35,51,3195,1),(3196,1124,1149,1.0000,NULL,NULL,35,82,3196,1),(3197,1124,1150,1.0000,NULL,NULL,35,82,3197,1),(3198,1124,1151,1.0000,1,NULL,35,97,3198,1),(3199,1124,1152,1.0000,1,NULL,35,97,3199,1),(3200,1124,1153,1.0000,1,NULL,35,97,3200,1),(3201,1151,1154,1.0000,NULL,NULL,35,NULL,3201,1),(3202,1151,1155,1.0000,NULL,NULL,35,NULL,3202,1),(3203,1151,1156,1.0000,1,NULL,NULL,NULL,3203,1),(3204,1151,1157,10.0000,NULL,NULL,NULL,NULL,3204,1),(3205,1128,1158,1.0000,NULL,NULL,35,51,3205,1),(3206,1128,1159,1.0000,NULL,NULL,35,83,3206,1),(3207,1128,1160,1.0000,NULL,NULL,35,83,3207,1),(3211,1128,1164,1.0000,NULL,NULL,35,84,3211,1),(3212,1128,1165,1.0000,NULL,NULL,35,84,3212,1),(3213,1128,1166,1.0000,NULL,NULL,35,83,3213,1),(3214,1128,1167,1.0000,NULL,NULL,35,83,3214,1),(3215,1128,1168,1.0000,NULL,NULL,35,83,3215,1),(3216,1128,1169,1.0000,NULL,NULL,35,83,3216,1),(3217,1152,1170,1.0000,NULL,NULL,35,NULL,3217,1),(3218,1152,1171,1.0000,1,NULL,NULL,NULL,3218,1),(3219,1152,1172,1.0000,1,NULL,NULL,NULL,3219,1),(3220,1152,1157,9.0000,NULL,NULL,NULL,NULL,3220,1),(3221,1152,274,2.0000,1,NULL,NULL,NULL,3221,1),(3222,1153,1173,1.0000,NULL,NULL,35,NULL,3222,1),(3223,1153,1171,1.0000,NULL,NULL,NULL,NULL,3223,1),(3224,1153,1172,1.0000,NULL,NULL,NULL,NULL,3224,1),(3225,1153,1157,9.0000,NULL,NULL,NULL,NULL,3225,1),(3226,1153,274,2.0000,NULL,NULL,NULL,NULL,3226,1),(3227,1127,1174,1.0000,NULL,NULL,35,51,3227,1),(3228,1127,1175,1.0000,NULL,NULL,35,51,3228,1),(3229,1127,1176,1.0000,NULL,NULL,35,51,3229,1),(3230,1127,1177,1.0000,NULL,NULL,35,51,3230,1),(3231,1127,1178,1.0000,NULL,NULL,35,51,3231,1),(3232,1127,1179,1.0000,NULL,NULL,35,51,3232,1),(3233,1127,1180,1.0000,NULL,NULL,35,51,3233,1),(3234,1127,1181,1.0000,NULL,NULL,35,51,3234,1),(3235,1127,1182,1.0000,NULL,NULL,35,51,3235,1),(3236,1127,1183,1.0000,NULL,NULL,35,51,3236,1),(3237,1127,1184,1.0000,NULL,NULL,35,51,3237,1),(3238,1127,1185,1.0000,NULL,NULL,35,51,3238,1),(3239,1126,1186,1.0000,NULL,NULL,35,81,3239,1),(3240,1126,1187,1.0000,NULL,NULL,35,81,3240,1),(3241,1123,1188,1.0000,NULL,NULL,35,79,3241,1),(3242,1123,1189,1.0000,NULL,NULL,35,79,3242,1),(3243,1123,1190,1.0000,NULL,NULL,35,79,3243,1),(3244,1123,1191,1.0000,NULL,NULL,35,79,3244,1),(3245,206,1193,NULL,NULL,NULL,38,51,3245,1),(3246,206,1194,NULL,NULL,NULL,38,51,3246,1),(3247,1193,1089,1.0000,NULL,NULL,36,51,3247,1),(3248,1194,1089,1.0000,NULL,NULL,36,51,3248,1),(3249,1193,1090,1.0000,NULL,NULL,36,51,3249,1),(3250,1194,1090,1.0000,NULL,NULL,36,51,3250,1),(3251,1193,1091,1.0000,NULL,NULL,36,51,3251,1),(3252,1194,1091,1.0000,NULL,NULL,36,51,3252,1),(3253,1193,1092,1.0000,NULL,NULL,36,51,3253,1),(3254,1194,1092,1.0000,NULL,NULL,36,51,3254,1),(3255,1193,1093,1.0000,NULL,NULL,36,51,3255,1),(3256,1194,1093,1.0000,NULL,NULL,36,51,3256,1),(3257,1193,1094,1.0000,NULL,NULL,36,51,3257,1),(3258,1194,1094,1.0000,NULL,NULL,36,51,3258,1),(3259,1109,1095,1.0000,NULL,NULL,NULL,NULL,3259,1),(3262,1193,1097,1.0000,1,NULL,36,51,3262,1),(3263,1194,1097,1.0000,1,NULL,36,51,3263,1),(3264,1110,1098,1.0000,NULL,NULL,36,51,3264,1),(3265,1193,1098,1.0000,NULL,NULL,36,51,3265,1),(3266,1193,1099,1.0000,NULL,NULL,36,51,3266,1),(3267,1194,1099,1.0000,NULL,NULL,36,51,3267,1),(3268,1193,1100,1.0000,NULL,NULL,36,51,3268,1),(3269,1194,1100,1.0000,NULL,NULL,36,51,3269,1),(3270,1193,569,1.0000,NULL,NULL,NULL,NULL,3270,1),(3271,1194,569,1.0000,NULL,NULL,NULL,NULL,3271,1),(3272,1193,1103,1.0000,NULL,NULL,NULL,51,3272,1),(3273,1194,1103,1.0000,NULL,NULL,NULL,51,3273,1),(3274,1193,1112,1.0000,1,NULL,NULL,51,3274,1),(3275,1194,1112,1.0000,1,NULL,NULL,51,3275,1),(3276,1193,1113,1.0000,1,NULL,NULL,NULL,3276,1),(3277,1194,1113,1.0000,1,NULL,NULL,NULL,3277,1),(3278,1106,1101,4.0000,NULL,NULL,36,NULL,3278,1),(3279,1193,1101,4.0000,NULL,NULL,36,NULL,3279,1),(3280,1194,1101,4.0000,NULL,NULL,36,NULL,3280,1),(3281,1106,507,4.0000,NULL,NULL,NULL,51,3281,1),(3282,1193,507,4.0000,NULL,NULL,NULL,51,3282,1),(3283,1194,507,4.0000,NULL,NULL,NULL,51,3283,1),(3284,1106,1104,1.0000,NULL,NULL,NULL,NULL,3284,1),(3285,1193,1104,1.0000,NULL,NULL,NULL,NULL,3285,1),(3286,1194,1104,1.0000,NULL,NULL,NULL,NULL,3286,1),(3287,1106,1105,4.0000,NULL,NULL,NULL,51,3287,1),(3288,1193,1105,4.0000,NULL,NULL,NULL,51,3288,1),(3289,1194,1105,4.0000,NULL,NULL,NULL,51,3289,1),(3290,1108,1195,1.0000,NULL,NULL,36,NULL,3290,1),(3291,1109,1196,1.0000,NULL,NULL,36,NULL,3291,1),(3292,1194,1196,1.0000,NULL,NULL,36,NULL,3292,1),(3293,1106,1197,2.0000,NULL,NULL,36,NULL,3293,1),(3294,1107,1197,2.0000,NULL,NULL,36,NULL,3294,1),(3295,1108,1197,2.0000,NULL,NULL,36,NULL,3295,1),(3296,1109,1197,2.0000,NULL,NULL,36,NULL,3296,1),(3297,1110,1197,2.0000,NULL,NULL,36,NULL,3297,1),(3298,1193,1197,2.0000,NULL,NULL,36,NULL,3298,1),(3299,1194,1197,2.0000,NULL,NULL,36,NULL,3299,1),(3300,1198,1199,1.0000,NULL,NULL,35,87,3300,1),(3301,1198,1200,1.0000,NULL,NULL,35,87,3301,1),(3306,1201,1206,1.0000,NULL,480000,33,88,3306,1),(3307,1206,1204,1.0000,NULL,NULL,33,NULL,3307,1),(3308,1206,1207,1.0000,NULL,NULL,32,NULL,3308,1),(3309,1206,1208,1.0000,NULL,NULL,33,NULL,3309,1),(3310,1206,1209,1.0000,NULL,NULL,NULL,NULL,3310,1),(3311,1206,1210,1.0000,NULL,NULL,NULL,NULL,3311,1),(3312,1206,1211,1.0000,NULL,NULL,NULL,NULL,3312,1),(3313,1206,1212,1.0000,NULL,NULL,NULL,NULL,3313,1),(3323,1201,1214,1.0000,NULL,480000,33,88,3323,1),(3324,1214,1204,1.0000,NULL,NULL,33,NULL,3324,1),(3325,1214,1207,1.0000,NULL,NULL,32,NULL,3325,1),(3326,1214,1208,1.0000,NULL,NULL,33,NULL,3326,1),(3327,1214,1209,1.0000,NULL,NULL,NULL,NULL,3327,1),(3328,1214,1210,1.0000,NULL,NULL,NULL,NULL,3328,1),(3329,1214,1211,1.0000,NULL,NULL,NULL,NULL,3329,1),(3330,1214,1212,1.0000,NULL,NULL,NULL,NULL,3330,1),(3331,1147,1216,5.0000,NULL,NULL,NULL,89,3331,1),(3332,1148,1217,3.0000,NULL,NULL,NULL,89,3332,1),(3336,1219,1222,1.0000,NULL,NULL,11,12,3336,1),(3337,1219,1223,4.0000,NULL,NULL,NULL,12,3337,1),(3338,1219,1224,1.0000,NULL,NULL,NULL,12,3338,1),(3339,1219,1225,4.0000,NULL,NULL,NULL,12,3339,1),(3340,1219,1226,2.0000,NULL,NULL,NULL,12,3340,1),(3341,1219,1227,4.0000,NULL,NULL,NULL,12,3341,1),(3342,1219,1228,2.0000,NULL,NULL,NULL,12,3342,1),(3343,1219,1229,2.0000,NULL,NULL,NULL,12,3343,1),(3344,1219,1230,2.0000,NULL,NULL,NULL,12,3344,1),(3345,1218,1219,1.0000,NULL,90000,12,90,3345,1),(3346,1218,1220,1.0000,NULL,60000,12,90,3346,1),(3347,1220,1222,1.0000,NULL,NULL,11,12,3347,1),(3348,1220,1223,4.0000,NULL,NULL,NULL,12,3348,1),(3349,1220,1224,1.0000,NULL,NULL,NULL,12,3349,1),(3350,1220,1225,4.0000,NULL,NULL,NULL,12,3350,1),(3351,1220,1226,2.0000,NULL,NULL,NULL,12,3351,1),(3352,1220,1227,4.0000,NULL,NULL,NULL,12,3352,1),(3353,1220,1228,2.0000,NULL,NULL,NULL,12,3353,1),(3354,1220,1229,2.0000,NULL,NULL,NULL,12,3354,1),(3355,1220,1230,2.0000,NULL,NULL,NULL,12,3355,1),(3356,1219,1231,1.0000,NULL,NULL,12,NULL,3356,1),(3357,1220,1232,1.0000,NULL,NULL,12,NULL,3357,1),(3358,1192,1233,1.0000,NULL,113040,12,85,3358,1),(3359,1192,1234,1.0000,NULL,113040,12,85,3359,1),(3362,1236,415,NULL,NULL,NULL,NULL,NULL,3362,1),(3363,1236,416,NULL,NULL,NULL,NULL,NULL,3363,1),(3369,1237,1242,NULL,NULL,NULL,NULL,NULL,3369,1),(3412,831,1248,1.0000,NULL,NULL,11,57,3412,1),(3413,NULL,115,NULL,NULL,NULL,NULL,NULL,NULL,1),(3414,NULL,116,1.0000,NULL,527000,23,47,NULL,1),(3415,NULL,118,1.0000,NULL,158760,8,2,NULL,1),(3416,NULL,141,NULL,NULL,NULL,11,2,NULL,1),(3417,NULL,148,1.0000,NULL,47000,9,NULL,NULL,1),(3418,NULL,178,1.0000,NULL,167000,49,50,NULL,1),(3419,NULL,179,1.0000,NULL,167000,49,50,NULL,1),(3420,NULL,180,1.0000,NULL,169000,49,50,NULL,1),(3421,NULL,206,NULL,NULL,NULL,36,51,NULL,1),(3422,NULL,207,1.0000,NULL,15000,35,54,NULL,1),(3423,NULL,208,NULL,NULL,NULL,38,51,NULL,1),(3424,NULL,209,NULL,NULL,NULL,36,51,NULL,1),(3425,NULL,225,1.0000,NULL,115020,40,56,NULL,1),(3426,NULL,227,1.0000,NULL,5000,12,57,NULL,1),(3427,NULL,228,1.0000,NULL,130000,38,51,NULL,1),(3428,NULL,229,1.0000,NULL,32590,38,51,NULL,1),(3429,NULL,325,1.0000,NULL,521000,33,70,NULL,1),(3430,NULL,326,1.0000,NULL,169000,49,50,NULL,1),(3431,NULL,361,NULL,NULL,NULL,NULL,NULL,NULL,1),(3432,NULL,362,1.0000,NULL,347225,39,58,NULL,1),(3433,NULL,363,1.0000,NULL,527000,NULL,47,NULL,1),(3434,NULL,427,1.0000,NULL,33000,23,68,NULL,1),(3435,NULL,428,NULL,NULL,NULL,49,50,NULL,1),(3436,NULL,430,1.0000,NULL,345566,40,59,NULL,1),(3437,NULL,432,NULL,NULL,NULL,NULL,NULL,NULL,1),(3438,NULL,450,1.0000,NULL,20000,19,74,NULL,1),(3439,NULL,559,NULL,NULL,NULL,NULL,NULL,NULL,1),(3440,NULL,560,NULL,NULL,NULL,NULL,NULL,NULL,1),(3441,NULL,561,1.0000,NULL,53750,NULL,NULL,NULL,1),(3442,NULL,595,1.0000,NULL,527000,13,47,NULL,1),(3443,NULL,606,1.0000,NULL,527000,13,47,NULL,1),(3444,NULL,614,1.0000,NULL,61037,39,58,NULL,1),(3445,NULL,628,1.0000,NULL,115000,42,56,NULL,1),(3446,NULL,658,NULL,NULL,NULL,11,2,NULL,1),(3447,NULL,660,1.0000,NULL,72000,NULL,NULL,NULL,1),(3448,NULL,661,NULL,NULL,NULL,NULL,NULL,NULL,1),(3449,NULL,674,1.0000,NULL,186600,39,69,NULL,1),(3450,NULL,704,NULL,NULL,NULL,NULL,NULL,NULL,1),(3451,NULL,786,1.0000,NULL,521000,33,70,NULL,1),(3452,NULL,841,1.0000,NULL,250000,71,72,NULL,1),(3453,NULL,899,1.0000,NULL,527000,23,47,NULL,1),(3454,NULL,912,NULL,NULL,NULL,NULL,NULL,NULL,1),(3455,NULL,931,1.0000,NULL,521000,35,70,NULL,1),(3456,NULL,938,1.0000,NULL,158760,8,2,NULL,1),(3457,NULL,941,1.0000,NULL,56535,7,75,NULL,1),(3458,NULL,1000,NULL,NULL,NULL,NULL,NULL,NULL,1),(3459,NULL,1012,1.0000,NULL,80000,13,74,NULL,1),(3460,NULL,1013,1.0000,NULL,233000,33,77,NULL,1),(3461,NULL,1116,1.0000,NULL,97000,53,57,NULL,1),(3462,NULL,1123,1.0000,NULL,60000,35,79,NULL,1),(3463,NULL,1124,0.0000,NULL,NULL,35,80,NULL,1),(3464,NULL,1125,NULL,NULL,NULL,35,63,NULL,1),(3465,NULL,1126,NULL,NULL,NULL,35,81,NULL,1),(3466,NULL,1127,NULL,NULL,NULL,35,51,NULL,1),(3467,NULL,1128,NULL,NULL,NULL,35,NULL,NULL,1),(3468,NULL,1192,1.0000,NULL,113040,12,85,NULL,1),(3469,NULL,1198,1.0000,NULL,142000,35,87,NULL,1),(3470,NULL,1201,1.0000,NULL,480000,33,88,NULL,1),(3471,NULL,1218,1.0000,NULL,178263,12,90,NULL,1),(3477,1118,1140,1.0000,1,NULL,11,53,3477,1),(3478,1121,1140,1.0000,1,NULL,11,53,3478,1),(3479,1122,1140,1.0000,1,NULL,11,53,3479,1),(3482,363,1246,1.0000,1,89590,35,47,3482,1),(3492,363,1247,1.0000,1,89590,35,47,3492,1),(3493,1247,1236,1.0000,NULL,NULL,35,NULL,3493,1),(3494,1247,1237,1.0000,NULL,NULL,35,NULL,3494,1),(3495,1247,1238,1.0000,NULL,NULL,NULL,NULL,3495,1),(3496,1247,1239,7.0000,NULL,NULL,NULL,NULL,3496,1),(3497,1247,1240,1.0000,NULL,NULL,NULL,NULL,3497,1),(3498,1247,1241,2.0000,NULL,NULL,NULL,NULL,3498,1),(3499,363,1235,1.0000,1,295120,35,47,3499,1),(3506,363,1243,1.0000,1,295120,35,47,3506,1),(3513,363,1244,1.0000,1,142290,35,47,3513,1),(3520,363,1245,1.0000,1,142290,35,47,3520,1),(3527,208,1258,1.0000,NULL,1880,38,51,3527,1),(3528,208,1259,NULL,NULL,NULL,38,51,3528,1),(3529,208,1260,1.0000,NULL,20915,38,51,3529,1),(3530,208,1261,1.0000,NULL,1880,38,51,3530,1),(3531,208,1262,1.0000,NULL,940,38,51,3531,1),(3532,208,1263,1.0000,NULL,8930,38,51,3532,1),(3533,208,1264,NULL,NULL,NULL,38,51,3533,1),(3534,208,1265,NULL,NULL,NULL,38,51,3534,1),(3535,1258,1266,1.0000,1,NULL,36,NULL,3535,1),(3536,1259,1266,1.0000,1,NULL,36,NULL,3536,1),(3537,1260,1266,1.0000,1,NULL,36,NULL,3537,1),(3538,1262,1266,1.0000,1,NULL,36,NULL,3538,1),(3539,1261,1267,1.0000,1,NULL,NULL,NULL,3539,1),(3540,1263,1267,1.0000,1,NULL,NULL,NULL,3540,1),(3541,1264,1267,1.0000,1,NULL,NULL,NULL,3541,1),(3542,1265,1267,1.0000,1,NULL,NULL,NULL,3542,1),(3543,1258,1268,1.0000,1,NULL,36,NULL,3543,1),(3544,1259,1268,1.0000,1,NULL,36,NULL,3544,1),(3545,1260,1268,1.0000,1,NULL,36,NULL,3545,1),(3546,1262,1268,1.0000,1,NULL,36,NULL,3546,1),(3547,1261,1269,1.0000,1,NULL,NULL,NULL,3547,1),(3548,1263,1269,1.0000,1,NULL,NULL,NULL,3548,1),(3549,1264,1269,1.0000,1,NULL,NULL,NULL,3549,1),(3550,1265,1269,1.0000,1,NULL,NULL,NULL,3550,1),(3551,1258,1270,1.0000,1,NULL,36,NULL,3551,1),(3552,1259,1270,1.0000,1,NULL,36,NULL,3552,1),(3553,1260,1270,1.0000,1,NULL,36,NULL,3553,1),(3554,1261,1270,1.0000,1,NULL,36,NULL,3554,1),(3555,1262,1270,1.0000,1,NULL,36,NULL,3555,1),(3556,1263,1270,1.0000,1,NULL,36,NULL,3556,1),(3557,1264,1270,1.0000,1,NULL,36,NULL,3557,1),(3558,1265,1270,1.0000,1,NULL,36,NULL,3558,1),(3559,1258,1271,1.0000,1,NULL,36,NULL,3559,1),(3560,1259,1271,1.0000,1,NULL,36,NULL,3560,1),(3561,1260,1271,1.0000,1,NULL,36,NULL,3561,1),(3562,1261,1271,1.0000,1,NULL,36,NULL,3562,1),(3563,1262,1271,1.0000,1,NULL,36,NULL,3563,1),(3564,1263,1271,1.0000,1,NULL,36,NULL,3564,1),(3565,1264,1271,1.0000,1,NULL,36,NULL,3565,1),(3566,1265,1271,1.0000,1,NULL,36,NULL,3566,1),(3567,1258,1272,1.0000,1,NULL,36,NULL,3567,1),(3568,1259,1272,1.0000,1,NULL,36,NULL,3568,1),(3569,1260,1272,1.0000,1,NULL,36,NULL,3569,1),(3570,1261,1272,1.0000,1,NULL,36,NULL,3570,1),(3571,1262,1272,1.0000,1,NULL,36,NULL,3571,1),(3572,1263,1272,1.0000,1,NULL,36,NULL,3572,1),(3573,1264,1272,1.0000,1,NULL,36,NULL,3573,1),(3574,1265,1272,1.0000,1,NULL,36,NULL,3574,1),(3575,1258,1273,1.0000,1,NULL,NULL,NULL,3575,1),(3576,1259,1273,1.0000,1,NULL,NULL,NULL,3576,1),(3577,1260,1273,1.0000,1,NULL,NULL,NULL,3577,1),(3578,1261,1273,1.0000,1,NULL,NULL,NULL,3578,1),(3579,1262,1273,1.0000,1,NULL,NULL,NULL,3579,1),(3580,1263,1273,1.0000,1,NULL,NULL,NULL,3580,1),(3581,1264,1273,1.0000,1,NULL,NULL,NULL,3581,1),(3582,1265,1273,1.0000,1,NULL,NULL,NULL,3582,1),(3583,1258,1274,1.0000,1,NULL,36,NULL,3583,1),(3584,1259,1274,1.0000,1,NULL,36,NULL,3584,1),(3585,1260,1274,1.0000,1,NULL,36,NULL,3585,1),(3586,1261,1274,1.0000,1,NULL,36,NULL,3586,1),(3587,1262,1274,1.0000,1,NULL,36,NULL,3587,1),(3588,1263,1274,1.0000,1,NULL,36,NULL,3588,1),(3589,1264,1274,1.0000,1,NULL,36,NULL,3589,1),(3590,1265,1274,1.0000,1,NULL,36,NULL,3590,1),(3591,1258,1275,1.0000,NULL,NULL,36,NULL,3591,1),(3592,1259,1275,1.0000,NULL,NULL,36,NULL,3592,1),(3593,1260,1275,1.0000,NULL,NULL,36,NULL,3593,1),(3594,1262,1275,1.0000,NULL,NULL,36,NULL,3594,1),(3595,1258,1276,1.0000,NULL,NULL,36,NULL,3595,1),(3596,1259,1276,1.0000,NULL,NULL,36,NULL,3596,1),(3597,1260,1276,1.0000,NULL,NULL,36,NULL,3597,1),(3598,1262,1276,1.0000,NULL,NULL,36,NULL,3598,1),(3599,1261,1277,1.0000,NULL,NULL,36,NULL,3599,1),(3600,1263,1277,1.0000,NULL,NULL,36,NULL,3600,1),(3601,1264,1277,1.0000,NULL,NULL,36,NULL,3601,1),(3602,1265,1277,1.0000,NULL,NULL,36,NULL,3602,1),(3603,1261,1278,1.0000,NULL,NULL,36,NULL,3603,1),(3604,1263,1278,1.0000,NULL,NULL,36,NULL,3604,1),(3605,1264,1278,1.0000,NULL,NULL,36,NULL,3605,1),(3606,1265,1278,1.0000,NULL,NULL,36,NULL,3606,1),(3607,1258,1279,1.0000,NULL,NULL,NULL,NULL,3607,1),(3608,1259,1279,1.0000,NULL,NULL,NULL,NULL,3608,1),(3609,1260,1279,1.0000,NULL,NULL,NULL,NULL,3609,1),(3610,1261,1279,1.0000,NULL,NULL,NULL,NULL,3610,1),(3611,1262,1279,1.0000,NULL,NULL,NULL,NULL,3611,1),(3613,1264,1279,1.0000,NULL,NULL,NULL,NULL,3613,1),(3623,1258,1280,1.0000,NULL,NULL,NULL,NULL,3623,1),(3624,1259,1280,1.0000,NULL,NULL,NULL,NULL,3624,1),(3625,1260,1280,1.0000,NULL,NULL,NULL,NULL,3625,1),(3626,1261,1280,1.0000,NULL,NULL,NULL,NULL,3626,1),(3627,1262,1280,1.0000,NULL,NULL,NULL,NULL,3627,1),(3628,1264,1280,1.0000,NULL,NULL,NULL,NULL,3628,1),(3629,1263,1281,1.0000,NULL,NULL,NULL,NULL,3629,1),(3630,1265,1281,1.0000,NULL,NULL,NULL,NULL,3630,1),(3631,1263,1282,1.0000,NULL,NULL,NULL,NULL,3631,1),(3632,1265,1282,1.0000,NULL,NULL,NULL,NULL,3632,1),(3635,1246,1283,1.0000,NULL,NULL,35,47,3635,1),(3636,1283,1284,NULL,NULL,NULL,NULL,NULL,3636,1),(3637,1283,1285,NULL,NULL,NULL,NULL,NULL,3637,1),(3638,1246,1286,1.0000,NULL,NULL,35,NULL,3638,1),(3639,1286,1287,NULL,NULL,NULL,NULL,NULL,3639,1),(3640,1246,1288,1.0000,NULL,NULL,NULL,NULL,3640,1),(3641,1246,1289,7.0000,NULL,NULL,NULL,NULL,3641,1),(3642,1246,1290,1.0000,NULL,NULL,NULL,NULL,3642,1),(3643,1246,1291,2.0000,NULL,NULL,NULL,NULL,3643,1),(3644,1235,1292,1.0000,NULL,NULL,35,NULL,3644,1),(3645,1292,1293,NULL,NULL,NULL,NULL,NULL,3645,1),(3646,1292,1294,NULL,NULL,NULL,NULL,NULL,3646,1),(3647,1235,1295,1.0000,NULL,NULL,35,NULL,3647,1),(3648,1295,1296,NULL,NULL,NULL,NULL,NULL,3648,1),(3649,1235,1297,1.0000,NULL,NULL,NULL,NULL,3649,1),(3650,1235,1298,4.0000,NULL,NULL,NULL,NULL,3650,1),(3651,1235,1299,1.0000,NULL,NULL,NULL,NULL,3651,1),(3652,1235,1300,2.0000,NULL,NULL,NULL,NULL,3652,1),(3653,1243,1301,1.0000,NULL,NULL,35,NULL,3653,1),(3654,1301,1302,NULL,NULL,NULL,NULL,NULL,3654,1),(3655,1301,1303,NULL,NULL,NULL,NULL,NULL,3655,1),(3656,1243,1304,1.0000,NULL,NULL,35,NULL,3656,1),(3657,1304,1305,NULL,NULL,NULL,NULL,NULL,3657,1),(3658,1243,1306,1.0000,NULL,NULL,NULL,NULL,3658,1),(3659,1243,1307,4.0000,NULL,NULL,NULL,NULL,3659,1),(3660,1243,1308,1.0000,NULL,NULL,NULL,NULL,3660,1),(3661,1243,1309,2.0000,NULL,NULL,NULL,NULL,3661,1),(3662,1244,1310,1.0000,NULL,NULL,35,NULL,3662,1),(3663,1310,1311,NULL,NULL,NULL,NULL,NULL,3663,1),(3664,1310,1312,NULL,NULL,NULL,NULL,NULL,3664,1),(3665,1244,1313,1.0000,NULL,NULL,NULL,NULL,3665,1),(3666,1313,1314,NULL,NULL,NULL,NULL,NULL,3666,1),(3667,1244,1315,1.0000,NULL,NULL,NULL,NULL,3667,1),(3668,1244,1316,4.0000,NULL,NULL,NULL,NULL,3668,1),(3669,1244,1317,1.0000,NULL,NULL,NULL,NULL,3669,1),(3670,1244,1318,2.0000,NULL,NULL,NULL,NULL,3670,1),(3671,1245,1319,1.0000,NULL,NULL,NULL,NULL,3671,1),(3672,1319,1320,NULL,NULL,NULL,NULL,NULL,3672,1),(3673,1319,1321,NULL,NULL,NULL,NULL,NULL,3673,1),(3674,1245,1322,1.0000,NULL,NULL,35,NULL,3674,1),(3675,1322,1323,NULL,NULL,NULL,NULL,NULL,3675,1),(3676,1245,1324,1.0000,NULL,NULL,NULL,NULL,3676,1),(3677,1245,1325,4.0000,NULL,NULL,NULL,NULL,3677,1),(3678,1245,1326,1.0000,NULL,NULL,NULL,NULL,3678,1),(3679,1245,1327,2.0000,NULL,NULL,NULL,NULL,3679,1),(3683,1258,1328,1.0000,NULL,NULL,NULL,NULL,3683,1),(3684,1261,1328,1.0000,NULL,NULL,NULL,NULL,3684,1),(3685,1259,1329,1.0000,NULL,NULL,NULL,NULL,3685,1),(3686,1262,1329,1.0000,NULL,NULL,NULL,NULL,3686,1),(3687,1260,1330,1.0000,NULL,NULL,NULL,NULL,3687,1),(3688,1264,1330,1.0000,NULL,NULL,NULL,NULL,3688,1),(3689,1258,1331,4.0000,1,NULL,NULL,51,3689,1),(3690,1259,1331,4.0000,1,NULL,NULL,51,3690,1),(3691,1260,1331,4.0000,1,NULL,NULL,51,3691,1),(3692,1261,1331,4.0000,1,NULL,NULL,51,3692,1),(3693,1262,1331,4.0000,1,NULL,NULL,51,3693,1),(3694,1263,1331,4.0000,1,NULL,NULL,51,3694,1),(3695,1264,1331,4.0000,1,NULL,NULL,51,3695,1),(3696,1265,1331,4.0000,1,NULL,NULL,51,3696,1),(3697,1258,1332,4.0000,1,NULL,NULL,51,3697,1),(3698,1259,1332,4.0000,1,NULL,NULL,51,3698,1),(3699,1260,1332,4.0000,1,NULL,NULL,51,3699,1),(3700,1261,1332,4.0000,1,NULL,NULL,51,3700,1),(3701,1262,1332,4.0000,1,NULL,NULL,51,3701,1),(3702,1263,1332,4.0000,1,NULL,NULL,51,3702,1),(3703,1264,1332,4.0000,1,NULL,NULL,51,3703,1),(3704,1265,1332,4.0000,1,NULL,NULL,51,3704,1),(3705,1258,1333,2.0000,NULL,NULL,36,NULL,3705,1),(3706,1259,1333,2.0000,NULL,NULL,36,NULL,3706,1),(3707,1260,1333,2.0000,NULL,NULL,36,NULL,3707,1),(3708,1261,1333,2.0000,NULL,NULL,36,NULL,3708,1),(3709,1262,1333,2.0000,NULL,NULL,36,NULL,3709,1),(3710,1263,1333,2.0000,NULL,NULL,36,NULL,3710,1),(3711,1264,1333,2.0000,NULL,NULL,36,NULL,3711,1),(3712,1265,1333,2.0000,NULL,NULL,36,NULL,3712,1),(3713,1258,1334,2.0000,NULL,NULL,36,NULL,3713,1),(3714,1259,1334,2.0000,NULL,NULL,36,NULL,3714,1),(3715,1260,1334,2.0000,NULL,NULL,36,NULL,3715,1),(3716,1261,1334,2.0000,NULL,NULL,36,NULL,3716,1),(3717,1262,1334,2.0000,NULL,NULL,36,NULL,3717,1),(3718,1263,1334,2.0000,NULL,NULL,36,NULL,3718,1),(3719,1264,1334,2.0000,NULL,NULL,36,NULL,3719,1),(3720,1265,1334,2.0000,NULL,NULL,36,NULL,3720,1),(3721,1259,1335,1.0000,1,NULL,NULL,51,3721,1),(3722,1260,1335,1.0000,1,NULL,NULL,51,3722,1),(3723,1262,1335,1.0000,1,NULL,NULL,51,3723,1),(3724,1264,1335,1.0000,1,NULL,NULL,51,3724,1),(3725,1259,1336,1.0000,1,NULL,NULL,51,3725,1),(3726,1260,1336,1.0000,1,NULL,NULL,51,3726,1),(3727,1262,1336,1.0000,1,NULL,NULL,51,3727,1),(3728,1264,1336,1.0000,1,NULL,NULL,51,3728,1),(3729,1260,1337,1.0000,1,NULL,NULL,51,3729,1),(3730,1264,1337,1.0000,1,NULL,NULL,51,3730,1),(3731,1258,1338,1.0000,NULL,NULL,NULL,NULL,3731,1),(3732,1259,1338,1.0000,NULL,NULL,NULL,NULL,3732,1),(3733,1260,1338,1.0000,NULL,NULL,NULL,NULL,3733,1),(3734,1261,1338,1.0000,NULL,NULL,NULL,NULL,3734,1),(3735,1262,1338,1.0000,NULL,NULL,NULL,NULL,3735,1),(3736,1263,1338,1.0000,NULL,NULL,NULL,NULL,3736,1),(3737,1264,1338,1.0000,NULL,NULL,NULL,NULL,3737,1),(3738,1265,1338,1.0000,NULL,NULL,NULL,NULL,3738,1),(3739,1258,1339,1.0000,1,NULL,NULL,51,3739,1),(3740,1259,1339,1.0000,1,NULL,NULL,51,3740,1),(3741,1260,1339,1.0000,1,NULL,NULL,51,3741,1),(3742,1261,1339,1.0000,1,NULL,NULL,51,3742,1),(3743,1262,1339,1.0000,1,NULL,NULL,51,3743,1),(3744,1263,1339,1.0000,1,NULL,NULL,51,3744,1),(3745,1264,1339,1.0000,1,NULL,NULL,51,3745,1),(3746,1265,1339,1.0000,1,NULL,NULL,51,3746,1),(3747,1258,1340,1.0000,1,NULL,NULL,51,3747,1),(3748,1259,1340,1.0000,1,NULL,NULL,51,3748,1),(3749,1260,1340,1.0000,1,NULL,NULL,51,3749,1),(3750,1261,1340,1.0000,1,NULL,NULL,51,3750,1),(3751,1262,1340,1.0000,1,NULL,NULL,51,3751,1),(3752,1263,1340,1.0000,1,NULL,NULL,51,3752,1),(3753,1264,1340,1.0000,1,NULL,NULL,51,3753,1),(3754,1265,1340,1.0000,1,NULL,NULL,51,3754,1),(3755,1258,1341,1.0000,1,NULL,NULL,51,3755,1),(3756,1259,1341,1.0000,1,NULL,NULL,51,3756,1),(3757,1260,1341,1.0000,1,NULL,NULL,51,3757,1),(3758,1261,1341,1.0000,1,NULL,NULL,51,3758,1),(3759,1262,1341,1.0000,1,NULL,NULL,51,3759,1),(3760,1263,1341,1.0000,1,NULL,NULL,51,3760,1),(3761,1264,1341,1.0000,1,NULL,NULL,51,3761,1),(3762,1265,1341,1.0000,1,NULL,NULL,51,3762,1),(3786,NULL,1342,1.0000,NULL,10791,15,75,NULL,1),(3787,1342,1343,1.0000,NULL,NULL,15,75,3787,1),(3788,1342,1344,1.0000,NULL,NULL,15,75,3788,1),(3789,1342,1345,1.0000,NULL,NULL,15,75,3789,1),(3790,1342,1346,1.0000,NULL,NULL,15,75,3790,1),(3794,931,1347,1.0000,1,NULL,35,70,3794,1),(3795,931,1348,1.0000,1,NULL,35,70,3795,1),(3811,NULL,1349,1.0000,NULL,129596,29,NULL,NULL,1),(3813,NULL,1350,1.0000,NULL,45000,35,68,NULL,1),(3824,936,1351,1.0000,1,NULL,NULL,70,3824,1),(3825,937,907,1.0000,1,521000,NULL,70,3825,1),(3829,228,1352,NULL,NULL,NULL,38,51,3829,1),(3830,228,1353,NULL,NULL,NULL,38,51,3830,1),(3831,228,1354,NULL,NULL,NULL,38,51,3831,1),(3832,228,1355,NULL,NULL,NULL,38,51,3832,1),(3833,1352,349,1.0000,NULL,NULL,36,NULL,3833,1),(3834,1353,349,1.0000,NULL,NULL,36,NULL,3834,1),(3835,1354,349,1.0000,NULL,NULL,36,NULL,3835,1),(3836,1355,349,1.0000,NULL,NULL,36,NULL,3836,1),(3837,1352,353,1.0000,NULL,NULL,NULL,NULL,3837,1),(3838,1353,353,1.0000,NULL,NULL,NULL,NULL,3838,1),(3839,1354,353,1.0000,NULL,NULL,NULL,NULL,3839,1),(3840,1355,353,1.0000,NULL,NULL,NULL,NULL,3840,1),(3841,1352,354,1.0000,NULL,NULL,NULL,NULL,3841,1),(3842,1353,354,1.0000,NULL,NULL,NULL,NULL,3842,1),(3843,1354,354,1.0000,NULL,NULL,NULL,NULL,3843,1),(3844,1355,354,1.0000,NULL,NULL,NULL,NULL,3844,1),(3845,1352,355,1.0000,NULL,NULL,NULL,NULL,3845,1),(3846,1353,355,1.0000,NULL,NULL,NULL,NULL,3846,1),(3847,1354,355,1.0000,NULL,NULL,NULL,NULL,3847,1),(3848,1355,355,1.0000,NULL,NULL,NULL,NULL,3848,1),(3849,1352,356,1.0000,NULL,NULL,NULL,NULL,3849,1),(3850,1353,356,1.0000,NULL,NULL,NULL,NULL,3850,1),(3851,1354,356,1.0000,NULL,NULL,NULL,NULL,3851,1),(3852,1355,356,1.0000,NULL,NULL,NULL,NULL,3852,1),(3853,1352,350,1.0000,NULL,NULL,36,NULL,3853,1),(3854,1353,350,1.0000,NULL,NULL,36,NULL,3854,1),(3855,1354,350,1.0000,NULL,NULL,36,NULL,3855,1),(3856,1355,350,1.0000,NULL,NULL,36,NULL,3856,1),(3857,1352,451,2.0000,NULL,NULL,NULL,NULL,3857,1),(3858,1353,451,2.0000,NULL,NULL,NULL,NULL,3858,1),(3859,1354,451,2.0000,NULL,NULL,NULL,NULL,3859,1),(3860,1355,451,2.0000,NULL,NULL,NULL,NULL,3860,1),(3861,1352,452,1.0000,NULL,NULL,NULL,NULL,3861,1),(3862,1353,452,1.0000,NULL,NULL,NULL,NULL,3862,1),(3863,1354,452,1.0000,NULL,NULL,NULL,NULL,3863,1),(3864,1355,452,1.0000,NULL,NULL,NULL,NULL,3864,1),(3865,1352,453,1.0000,NULL,NULL,NULL,NULL,3865,1),(3866,1353,453,1.0000,NULL,NULL,NULL,NULL,3866,1),(3867,1354,453,1.0000,NULL,NULL,NULL,NULL,3867,1),(3868,1355,453,1.0000,NULL,NULL,NULL,NULL,3868,1),(3885,1349,1356,1.0000,NULL,NULL,27,91,3885,1),(3886,1349,1357,1.0000,NULL,NULL,27,91,3886,1),(3887,1349,1358,1.0000,NULL,NULL,27,91,3887,1),(3888,1349,1359,1.0000,NULL,NULL,27,91,3888,1),(3889,1349,1360,1.0000,NULL,NULL,27,91,3889,1),(3892,1349,1361,1.0000,NULL,NULL,27,91,3892,1),(3893,1349,1362,1.0000,NULL,NULL,27,91,3893,1),(3894,1349,1363,1.0000,1,NULL,27,91,3894,1),(3895,1349,1364,1.0000,1,NULL,27,91,3895,1),(3896,1349,1365,1.0000,1,NULL,27,91,3896,1),(3897,1349,1366,1.0000,1,NULL,27,91,3897,1),(3898,1349,1367,1.0000,1,NULL,27,91,3898,1),(3899,1349,1368,1.0000,1,NULL,27,91,3899,1),(3900,1349,1369,1.0000,NULL,NULL,29,91,3900,1),(3901,1349,1370,1.0000,NULL,NULL,29,91,3901,1),(3902,1349,1371,1.0000,NULL,NULL,29,91,3902,1),(3903,1349,1372,1.0000,NULL,NULL,29,91,3903,1),(3904,1371,1373,NULL,NULL,NULL,NULL,NULL,3904,1),(3905,1372,1374,NULL,NULL,NULL,NULL,NULL,3905,1),(3906,1369,1375,1.0000,NULL,NULL,NULL,NULL,3906,1),(3907,1369,1376,1.0000,NULL,NULL,NULL,NULL,3907,1),(3908,1370,1377,1.0000,NULL,NULL,NULL,NULL,3908,1),(3909,1370,1378,1.0000,NULL,NULL,NULL,NULL,3909,1),(3910,1369,1379,1.0000,NULL,NULL,NULL,NULL,3910,1),(3911,1370,1380,1.0000,NULL,NULL,NULL,NULL,3911,1),(3916,936,1381,1.0000,NULL,NULL,NULL,NULL,3916,1),(3917,937,1382,1.0000,NULL,NULL,NULL,NULL,3917,1),(3918,1347,1383,1.0000,NULL,NULL,NULL,NULL,3918,1),(3919,1348,1384,1.0000,NULL,NULL,NULL,NULL,3919,1),(3921,1352,454,1.0000,NULL,NULL,NULL,NULL,3921,1),(3922,1353,454,1.0000,NULL,NULL,NULL,NULL,3922,1),(3923,1352,455,1.0000,NULL,NULL,NULL,NULL,3923,1),(3924,1353,455,1.0000,NULL,NULL,NULL,NULL,3924,1),(3925,1352,456,1.0000,NULL,NULL,NULL,NULL,3925,1),(3926,1353,456,1.0000,NULL,NULL,NULL,NULL,3926,1),(3927,1354,456,1.0000,NULL,NULL,NULL,NULL,3927,1),(3928,1355,456,1.0000,NULL,NULL,NULL,NULL,3928,1),(3929,1352,462,1.0000,NULL,NULL,NULL,NULL,3929,1),(3930,1353,462,1.0000,NULL,NULL,NULL,NULL,3930,1),(3931,1352,463,1.0000,NULL,NULL,NULL,NULL,3931,1),(3932,1353,463,1.0000,NULL,NULL,NULL,NULL,3932,1),(3933,347,457,1.0000,NULL,NULL,NULL,NULL,3933,1),(3934,1354,457,1.0000,NULL,NULL,NULL,NULL,3934,1),(3935,1355,457,1.0000,NULL,NULL,NULL,NULL,3935,1),(3936,347,458,1.0000,NULL,NULL,NULL,NULL,3936,1),(3937,1354,458,1.0000,NULL,NULL,NULL,NULL,3937,1),(3938,1355,458,1.0000,NULL,NULL,NULL,NULL,3938,1),(3939,1354,464,1.0000,NULL,NULL,NULL,NULL,3939,1),(3940,1355,464,1.0000,NULL,NULL,NULL,NULL,3940,1),(3941,1354,465,1.0000,NULL,NULL,NULL,NULL,3941,1),(3942,1355,465,1.0000,NULL,NULL,NULL,NULL,3942,1),(3943,1354,468,1.0000,NULL,NULL,NULL,NULL,3943,1),(3944,1355,468,1.0000,NULL,NULL,NULL,NULL,3944,1),(3945,1354,469,1.0000,NULL,NULL,NULL,NULL,3945,1),(3946,1355,469,1.0000,NULL,NULL,NULL,NULL,3946,1),(3947,1354,358,1.0000,NULL,NULL,NULL,NULL,3947,1),(3948,1355,1385,1.0000,NULL,NULL,NULL,NULL,3948,1),(3955,428,1386,1.0000,NULL,NULL,49,50,3955,1),(3960,NULL,1387,1.0000,NULL,41000,30,68,NULL,1),(3969,1356,1390,NULL,NULL,NULL,NULL,NULL,3969,1),(3970,1357,1391,NULL,NULL,NULL,NULL,NULL,3970,1),(3971,1358,1391,NULL,NULL,NULL,NULL,NULL,3971,1),(3972,1359,1390,NULL,NULL,NULL,NULL,NULL,3972,1),(3973,1360,1390,NULL,NULL,NULL,NULL,NULL,3973,1),(3974,1358,1392,NULL,NULL,NULL,NULL,NULL,3974,1),(3976,1361,1393,NULL,NULL,NULL,NULL,NULL,3976,1),(3977,1361,1388,NULL,NULL,NULL,NULL,NULL,3977,1),(3978,1388,1394,NULL,NULL,NULL,NULL,NULL,3978,1),(3979,1362,1395,NULL,NULL,NULL,NULL,NULL,3979,1),(3980,1373,745,NULL,NULL,NULL,NULL,NULL,3980,1),(3981,1374,745,NULL,NULL,NULL,NULL,NULL,3981,1),(3982,1363,1390,NULL,NULL,NULL,NULL,NULL,3982,1),(3983,1364,1390,NULL,NULL,NULL,NULL,NULL,3983,1),(3984,1365,1390,NULL,NULL,NULL,NULL,NULL,3984,1),(3985,1368,1391,NULL,NULL,NULL,NULL,NULL,3985,1),(3986,1366,1390,NULL,NULL,NULL,NULL,NULL,3986,1),(3987,1366,1396,12.0000,NULL,NULL,NULL,NULL,3987,1),(3988,1366,1397,2.0000,NULL,NULL,NULL,NULL,3988,1),(3989,1367,1390,NULL,NULL,NULL,NULL,NULL,3989,1),(3992,1362,1400,NULL,NULL,NULL,NULL,NULL,3992,1),(3993,1362,1401,NULL,NULL,NULL,NULL,NULL,3993,1),(3994,1362,1402,NULL,NULL,NULL,NULL,NULL,3994,1),(3995,1362,1403,NULL,NULL,NULL,NULL,NULL,3995,1),(3996,1362,1404,NULL,NULL,NULL,NULL,NULL,3996,1),(3997,1362,1405,NULL,NULL,NULL,NULL,NULL,3997,1),(3998,1362,1406,NULL,NULL,NULL,NULL,NULL,3998,1),(3999,1375,1390,NULL,NULL,NULL,NULL,NULL,3999,1),(4000,1376,1407,NULL,NULL,NULL,NULL,NULL,4000,1),(4001,1377,1390,NULL,NULL,NULL,NULL,NULL,4001,1),(4002,1378,745,NULL,NULL,NULL,NULL,NULL,4002,1),(4062,433,1408,1.0000,1,NULL,38,51,4062,1),(4063,434,1408,1.0000,1,NULL,38,51,4063,1),(4066,1408,1409,1.0000,1,NULL,36,38,4066,1),(4067,1409,486,1.0000,7,NULL,NULL,36,4067,1),(4068,433,1410,1.0000,1,NULL,38,NULL,4068,1),(4069,434,1410,1.0000,1,NULL,38,NULL,4069,1),(4072,1410,1411,1.0000,NULL,NULL,36,NULL,4072,1),(4074,433,1412,1.0000,1,NULL,NULL,NULL,4074,1),(4075,434,1412,1.0000,1,NULL,NULL,NULL,4075,1),(4078,1412,1413,1.0000,NULL,NULL,36,NULL,4078,1),(4079,433,1414,1.0000,1,NULL,36,38,4079,1),(4080,434,1414,1.0000,1,NULL,36,38,4080,1),(4081,435,1414,1.0000,1,NULL,36,38,4081,1),(4082,436,1414,1.0000,1,NULL,36,38,4082,1),(4083,1414,1415,1.0000,NULL,NULL,36,NULL,4083,1),(4085,433,1416,1.0000,1,NULL,36,38,4085,1),(4086,434,1416,1.0000,1,NULL,36,38,4086,1),(4087,435,1416,1.0000,1,NULL,36,38,4087,1),(4088,436,1416,1.0000,1,NULL,36,38,4088,1),(4089,1416,1417,1.0000,NULL,NULL,36,NULL,4089,1),(4092,1416,1418,3.0000,NULL,NULL,NULL,NULL,4092,1),(4096,433,1419,4.0000,1,NULL,NULL,NULL,4096,1),(4097,434,1419,4.0000,1,NULL,NULL,NULL,4097,1),(4098,435,1419,4.0000,1,NULL,NULL,NULL,4098,1),(4099,436,1419,4.0000,1,NULL,NULL,NULL,4099,1),(4106,433,1420,6.0000,1,NULL,NULL,NULL,4106,1),(4107,434,1420,6.0000,1,NULL,NULL,NULL,4107,1),(4108,435,1420,6.0000,1,NULL,NULL,NULL,4108,1),(4109,436,1420,6.0000,1,NULL,NULL,NULL,4109,1),(4111,433,1421,40.0000,1,NULL,NULL,NULL,4111,1),(4112,434,1421,30.0000,1,NULL,NULL,NULL,4112,1),(4113,435,1421,40.0000,1,NULL,NULL,NULL,4113,1),(4114,436,1421,30.0000,1,NULL,NULL,NULL,4114,1),(4122,NULL,1422,NULL,NULL,NULL,NULL,NULL,NULL,1),(4123,1422,1423,10.0000,NULL,NULL,NULL,56,4123,1),(4124,1422,1424,10.0000,NULL,NULL,NULL,56,4124,1),(4134,NULL,1425,1.0000,NULL,100000,12,91,NULL,1),(4135,1425,1426,1.0000,1,100000,12,91,4135,1),(4136,1425,1427,1.0000,1,9000,12,91,4136,1),(4137,1425,1428,1.0000,1,91000,12,92,4137,1),(4138,1425,1429,1.0000,1,100000,12,91,4138,1),(4139,1425,1430,1.0000,1,100000,12,91,4139,1),(4140,1425,1431,1.0000,1,100000,12,91,4140,1),(4141,1425,1432,1.0000,1,100000,12,91,4141,1),(4148,1426,386,NULL,NULL,NULL,NULL,NULL,4148,1),(4149,1426,1433,NULL,NULL,NULL,NULL,NULL,4149,1),(4150,1427,386,NULL,NULL,NULL,NULL,NULL,4150,1),(4151,1427,1433,NULL,NULL,NULL,NULL,NULL,4151,1),(4152,1428,386,NULL,NULL,NULL,NULL,NULL,4152,1),(4153,1428,1433,NULL,NULL,NULL,NULL,NULL,4153,1),(4154,1429,386,NULL,NULL,NULL,NULL,NULL,4154,1),(4155,1429,1433,NULL,NULL,NULL,NULL,NULL,4155,1),(4156,1430,386,NULL,NULL,NULL,NULL,NULL,4156,1),(4157,1430,1433,NULL,NULL,NULL,NULL,NULL,4157,1),(4158,1431,386,NULL,NULL,NULL,NULL,NULL,4158,1),(4159,1431,1433,NULL,NULL,NULL,NULL,NULL,4159,1),(4160,1432,386,NULL,NULL,NULL,NULL,NULL,4160,1),(4161,1432,1433,NULL,NULL,NULL,NULL,NULL,4161,1),(4162,1426,1434,NULL,NULL,NULL,NULL,NULL,4162,1),(4163,1427,1435,NULL,NULL,NULL,NULL,NULL,4163,1),(4164,1428,1436,NULL,NULL,NULL,NULL,NULL,4164,1),(4165,1428,1437,NULL,NULL,NULL,NULL,NULL,4165,1),(4166,1429,1438,NULL,NULL,NULL,NULL,NULL,4166,1),(4167,1430,1439,NULL,NULL,NULL,NULL,NULL,4167,1),(4168,1431,1440,NULL,NULL,NULL,NULL,NULL,4168,1),(4169,1432,1441,NULL,NULL,NULL,NULL,NULL,4169,1),(4219,NULL,1443,1.0000,NULL,100100,49,50,NULL,1),(4223,1443,1444,NULL,NULL,NULL,49,50,4223,1),(4224,1443,1445,NULL,NULL,NULL,49,50,4224,1),(4225,1443,1446,NULL,NULL,NULL,49,50,4225,1),(4226,1443,1447,NULL,NULL,NULL,49,50,4226,1),(4227,NULL,1448,1.0000,NULL,2354,15,75,NULL,1),(4228,NULL,1449,1.0000,NULL,521590,35,70,NULL,1),(4230,932,1451,1.0000,1,NULL,35,70,4230,1),(4232,933,1451,1.0000,1,NULL,35,70,4232,1),(4233,934,1451,1.0000,1,NULL,35,70,4233,1),(4234,935,1453,1.0000,1,NULL,35,70,4234,1),(4235,939,1451,1.0000,1,NULL,35,70,4235,1),(4236,940,1453,1.0000,1,NULL,35,70,4236,1),(4237,NULL,1454,NULL,NULL,NULL,35,91,NULL,1),(4238,1454,1455,1.0000,1,74000,35,91,4238,1),(4239,1454,1456,1.0000,1,26000,35,91,4239,1),(4240,1455,1457,1.0000,1,NULL,35,91,4240,1),(4241,1456,1457,1.0000,1,NULL,35,91,4241,1),(4242,1455,1458,1.0000,1,NULL,NULL,91,4242,1),(4243,1456,1458,1.0000,1,NULL,NULL,91,4243,1),(4244,1455,1459,2.0000,1,NULL,NULL,91,4244,1),(4245,1456,1459,2.0000,1,NULL,NULL,91,4245,1),(4246,1455,1460,2.0000,1,NULL,NULL,91,4246,1),(4247,1456,1460,2.0000,1,NULL,NULL,91,4247,1),(4248,1455,1461,2.0000,1,NULL,NULL,91,4248,1),(4249,1456,1461,2.0000,1,NULL,NULL,91,4249,1),(4250,1455,1462,5.0000,1,NULL,NULL,91,4250,1),(4251,1456,1462,5.0000,1,NULL,NULL,91,4251,1),(4252,1455,1463,1.0000,1,NULL,NULL,91,4252,1),(4253,1456,1463,1.0000,1,NULL,NULL,91,4253,1),(4254,1455,1464,1.0000,1,NULL,NULL,91,4254,1),(4256,1456,1465,1.0000,1,NULL,NULL,91,4256,1),(4257,1455,1466,1.0000,1,NULL,35,91,4257,1),(4258,1456,1467,1.0000,1,NULL,35,91,4258,1),(4259,1456,1468,1.0000,1,NULL,35,91,4259,1),(4260,1456,1469,1.0000,1,NULL,NULL,91,4260,1),(4261,1106,1470,10.0000,1,NULL,NULL,51,4261,1),(4262,1107,1470,10.0000,1,NULL,NULL,51,4262,1),(4263,1108,1470,10.0000,1,NULL,NULL,51,4263,1),(4264,1109,1470,10.0000,1,NULL,NULL,51,4264,1),(4265,1110,1470,10.0000,1,NULL,NULL,51,4265,1),(4266,1193,1470,10.0000,1,NULL,NULL,51,4266,1),(4267,1194,1470,10.0000,1,NULL,NULL,51,4267,1),(4268,1106,1471,36.0000,1,NULL,NULL,51,4268,1),(4269,1107,1471,36.0000,1,NULL,NULL,51,4269,1),(4270,1108,1471,36.0000,1,NULL,NULL,51,4270,1),(4271,1109,1471,36.0000,1,NULL,NULL,51,4271,1),(4272,1110,1471,36.0000,1,NULL,NULL,51,4272,1),(4273,1193,1471,36.0000,1,NULL,NULL,51,4273,1),(4274,1194,1471,36.0000,1,NULL,NULL,51,4274,1),(4275,1106,1472,2.0000,1,NULL,NULL,51,4275,1),(4276,1107,1472,2.0000,1,NULL,NULL,51,4276,1),(4277,1108,1472,2.0000,1,NULL,NULL,51,4277,1),(4278,1109,1472,2.0000,1,NULL,NULL,51,4278,1),(4279,1110,1472,2.0000,1,NULL,NULL,51,4279,1),(4280,1193,1472,2.0000,1,NULL,NULL,51,4280,1),(4281,1194,1472,2.0000,1,NULL,NULL,51,4281,1),(4282,1106,1473,24.0000,1,NULL,NULL,51,4282,1),(4283,1107,1473,24.0000,1,NULL,NULL,51,4283,1),(4284,1108,1473,24.0000,1,NULL,NULL,51,4284,1),(4285,1109,1473,24.0000,1,NULL,NULL,51,4285,1),(4286,1110,1473,24.0000,1,NULL,NULL,51,4286,1),(4287,1193,1473,24.0000,1,NULL,NULL,51,4287,1),(4288,1194,1473,24.0000,1,NULL,NULL,51,4288,1),(4289,1106,1474,2.0000,1,NULL,NULL,51,4289,1),(4290,1107,1474,2.0000,1,NULL,NULL,51,4290,1),(4291,1108,1474,2.0000,1,NULL,NULL,51,4291,1),(4292,1109,1474,2.0000,1,NULL,NULL,51,4292,1),(4293,1110,1474,2.0000,1,NULL,NULL,51,4293,1),(4294,1193,1474,2.0000,1,NULL,NULL,51,4294,1),(4295,1194,1474,2.0000,1,NULL,NULL,51,4295,1),(4296,1106,1420,6.0000,1,NULL,NULL,51,4296,1),(4297,1107,1420,6.0000,1,NULL,NULL,51,4297,1),(4298,1108,1420,6.0000,1,NULL,NULL,51,4298,1),(4299,1109,1420,6.0000,1,NULL,NULL,51,4299,1),(4300,1110,1420,6.0000,1,NULL,NULL,51,4300,1),(4301,1193,1420,6.0000,1,NULL,NULL,51,4301,1),(4302,1194,1420,6.0000,1,NULL,NULL,51,4302,1),(4303,1106,1475,6.0000,1,NULL,NULL,51,4303,1),(4304,1107,1475,6.0000,1,NULL,NULL,51,4304,1),(4305,1108,1475,6.0000,1,NULL,NULL,51,4305,1),(4306,1109,1475,6.0000,1,NULL,NULL,51,4306,1),(4307,1110,1475,6.0000,1,NULL,NULL,51,4307,1),(4308,1193,1475,6.0000,1,NULL,NULL,51,4308,1),(4309,1194,1475,6.0000,1,NULL,NULL,51,4309,1),(4310,1106,1418,6.0000,1,NULL,NULL,51,4310,1),(4311,1107,1418,6.0000,1,NULL,NULL,51,4311,1),(4312,1108,1418,6.0000,1,NULL,NULL,51,4312,1),(4313,1109,1418,6.0000,1,NULL,NULL,51,4313,1),(4314,1110,1418,6.0000,1,NULL,NULL,51,4314,1),(4315,1193,1418,6.0000,1,NULL,NULL,51,4315,1),(4316,1194,1418,6.0000,1,NULL,NULL,51,4316,1),(4317,1386,745,NULL,7,NULL,NULL,NULL,4317,1),(4318,1415,1476,3.0000,1,NULL,NULL,NULL,4318,1),(4320,1410,1475,11.0000,1,NULL,NULL,NULL,4320,1),(4321,1412,1471,11.0000,1,NULL,NULL,NULL,4321,1),(4322,1408,1471,10.0000,1,NULL,NULL,NULL,4322,1),(4323,433,1471,22.0000,1,NULL,NULL,NULL,4323,1),(4324,434,1471,22.0000,1,NULL,NULL,NULL,4324,1),(4325,435,1471,22.0000,1,NULL,NULL,NULL,4325,1),(4326,436,1471,22.0000,1,NULL,NULL,NULL,4326,1),(4327,435,1477,1.0000,1,NULL,NULL,38,4327,1),(4328,436,1477,1.0000,1,NULL,NULL,38,4328,1),(4329,1477,1411,1.0000,1,NULL,NULL,NULL,4329,1),(4330,435,1478,1.0000,1,NULL,NULL,NULL,4330,1),(4331,436,1478,1.0000,1,NULL,NULL,NULL,4331,1),(4332,1477,1471,8.0000,1,NULL,NULL,NULL,4332,1),(4333,1478,1413,1.0000,1,NULL,NULL,NULL,4333,1),(4335,1478,1471,8.0000,1,NULL,NULL,NULL,4335,1),(4336,435,1479,1.0000,1,NULL,NULL,NULL,4336,1),(4337,436,1479,1.0000,1,NULL,NULL,NULL,4337,1),(4338,1479,1409,1.0000,1,NULL,36,38,4338,1),(4339,1479,1471,6.0000,1,NULL,NULL,NULL,4339,1),(4340,1387,1480,1.0000,1,NULL,30,68,4340,1),(4341,1387,1481,1.0000,1,NULL,30,68,4341,1),(4342,1387,1482,1.0000,1,NULL,30,68,4342,1),(4343,1387,1483,1.0000,1,NULL,30,68,4343,1),(4344,1387,1484,1.0000,1,NULL,30,68,4344,1),(4345,1387,1485,1.0000,1,NULL,30,68,4345,1),(4346,1387,1486,1.0000,1,NULL,30,68,4346,1),(4347,1387,1487,1.0000,1,NULL,30,68,4347,1),(4348,1387,1488,1.0000,1,NULL,30,68,4348,1),(4349,1387,1489,1.0000,1,NULL,30,68,4349,1),(4350,1387,1490,1.0000,1,NULL,30,68,4350,1),(4351,1387,1491,1.0000,1,NULL,30,68,4351,1),(4352,1387,1492,1.0000,1,NULL,30,68,4352,1),(4353,1387,1493,1.0000,1,NULL,30,68,4353,1),(4354,1387,1494,1.0000,1,NULL,30,68,4354,1),(4355,1387,1495,1.0000,1,NULL,30,68,4355,1),(4356,1387,1496,1.0000,1,NULL,30,68,4356,1),(4357,1387,1497,1.0000,1,NULL,30,68,4357,1),(4358,1387,1498,1.0000,1,NULL,30,68,4358,1),(4359,1387,1499,1.0000,1,NULL,30,68,4359,1),(4360,1387,1500,1.0000,1,NULL,30,68,4360,1),(4361,1387,1501,1.0000,1,NULL,30,68,4361,1),(4362,1387,1502,1.0000,1,NULL,30,68,4362,1),(4363,1387,1503,1.0000,1,NULL,30,68,4363,1),(4368,1480,1508,1.0000,1,NULL,30,NULL,4368,1),(4369,1481,1508,1.0000,1,NULL,30,NULL,4369,1),(4370,1482,1508,1.0000,1,NULL,30,NULL,4370,1),(4371,1483,1508,1.0000,1,NULL,30,NULL,4371,1),(4372,NULL,1509,NULL,NULL,NULL,NULL,NULL,NULL,1),(4373,NULL,1510,NULL,NULL,NULL,NULL,NULL,NULL,1),(4374,1510,1511,1.0000,1,NULL,27,91,4374,1),(4375,1510,1512,1.0000,1,NULL,27,91,4375,1),(4376,NULL,1513,NULL,NULL,NULL,NULL,NULL,NULL,1),(4377,NULL,1514,NULL,NULL,NULL,NULL,NULL,NULL,1),(4378,NULL,1515,1.0000,NULL,9200,29,93,NULL,1),(4379,NULL,1516,1.0000,NULL,9200,29,93,NULL,1),(4382,1516,1519,1.0000,1,NULL,29,93,4382,1),(4384,1519,1521,1.0000,1,NULL,29,NULL,4384,1),(4385,1519,1522,1.0000,1,NULL,29,NULL,4385,1),(4386,1519,1523,1.0000,1,NULL,29,NULL,4386,1),(4387,1519,1524,1.0000,1,NULL,29,NULL,4387,1),(4388,1519,1525,1.0000,1,NULL,NULL,NULL,4388,1),(4389,1519,1526,1.0000,1,NULL,NULL,NULL,4389,1),(4391,1519,1528,4.0000,1,NULL,NULL,NULL,4391,1),(4392,1519,1529,1.0000,1,NULL,NULL,NULL,4392,1),(4393,1515,1530,1.0000,1,NULL,29,93,4393,1),(4394,1530,1531,1.0000,1,NULL,29,NULL,4394,1),(4395,1530,1532,1.0000,1,NULL,29,NULL,4395,1),(4396,1530,1533,1.0000,1,NULL,29,NULL,4396,1),(4397,1530,1534,1.0000,1,NULL,NULL,NULL,4397,1),(4398,1530,1535,1.0000,1,NULL,29,NULL,4398,1),(4399,1530,1536,1.0000,1,NULL,29,NULL,4399,1),(4400,1530,1537,1.0000,1,NULL,NULL,NULL,4400,1),(4401,1530,1538,1.0000,1,NULL,NULL,NULL,4401,1),(4402,1530,1539,2.0000,1,NULL,NULL,NULL,4402,1),(4403,1530,1540,4.0000,1,NULL,NULL,NULL,4403,1),(4404,1530,1541,4.0000,1,NULL,NULL,NULL,4404,1),(4405,1530,1528,2.0000,1,NULL,NULL,NULL,4405,1),(4406,1530,1542,1.0000,1,NULL,NULL,NULL,4406,1),(4407,NULL,1543,1.0000,NULL,68000,29,93,NULL,1),(4408,NULL,1544,1.0000,NULL,68000,29,93,NULL,1),(4409,1543,1545,1.0000,1,NULL,29,93,4409,1),(4410,1543,1546,1.0000,1,NULL,29,93,4410,1),(4411,1543,1547,1.0000,1,NULL,29,93,4411,1),(4412,1543,1548,1.0000,1,NULL,29,93,4412,2),(4413,1545,1549,1.0000,1,NULL,29,NULL,4413,1),(4414,1546,1549,1.0000,1,NULL,29,NULL,4414,1),(4415,1547,1549,1.0000,1,NULL,29,NULL,4415,1),(4416,1548,1549,1.0000,1,NULL,29,NULL,4416,1),(4417,1545,1550,1.0000,1,NULL,29,NULL,4417,1),(4418,1546,1550,1.0000,1,NULL,29,NULL,4418,1),(4419,1547,1550,1.0000,1,NULL,29,NULL,4419,1),(4420,1548,1550,1.0000,1,NULL,29,NULL,4420,1),(4421,1545,1551,1.0000,1,NULL,29,NULL,4421,1),(4422,1546,1551,1.0000,1,NULL,29,NULL,4422,1),(4423,1547,1551,1.0000,1,NULL,29,NULL,4423,1),(4424,1548,1551,1.0000,1,NULL,29,NULL,4424,1),(4425,1545,1552,1.0000,1,NULL,NULL,NULL,4425,1),(4426,1546,1552,1.0000,1,NULL,NULL,NULL,4426,1),(4427,1547,1552,1.0000,1,NULL,NULL,NULL,4427,1),(4428,1548,1552,1.0000,1,NULL,NULL,NULL,4428,1),(4429,1545,1553,1.0000,1,NULL,29,NULL,4429,1),(4430,1546,1553,1.0000,1,NULL,29,NULL,4430,1),(4431,1547,1553,1.0000,1,NULL,29,NULL,4431,1),(4432,1548,1553,1.0000,1,NULL,29,NULL,4432,1),(4433,1545,1554,1.0000,1,NULL,NULL,NULL,4433,1),(4434,1546,1554,1.0000,1,NULL,NULL,NULL,4434,1),(4435,1547,1554,1.0000,1,NULL,NULL,NULL,4435,1),(4436,1548,1555,1.0000,1,NULL,NULL,NULL,4436,1),(4437,1545,1556,1.0000,1,NULL,29,NULL,4437,1),(4438,1546,1556,1.0000,1,NULL,29,NULL,4438,1),(4439,1547,1556,1.0000,1,NULL,29,NULL,4439,1),(4440,1548,1556,1.0000,1,NULL,29,NULL,4440,1),(4441,1545,1557,1.0000,1,NULL,29,NULL,4441,1),(4442,1548,1557,1.0000,1,NULL,29,NULL,4442,1),(4443,1545,1558,1.0000,1,NULL,29,NULL,4443,1),(4444,1548,1558,1.0000,1,NULL,29,NULL,4444,1),(4445,1546,1559,1.0000,1,NULL,NULL,NULL,4445,1),(4446,1547,1559,1.0000,1,NULL,NULL,NULL,4446,1),(4447,1546,1560,1.0000,1,NULL,NULL,NULL,4447,1),(4448,1547,1560,1.0000,1,NULL,NULL,NULL,4448,1),(4449,1545,1561,1.0000,1,NULL,NULL,NULL,4449,1),(4450,1546,1561,1.0000,1,NULL,NULL,NULL,4450,1),(4451,1547,1561,1.0000,1,NULL,NULL,NULL,4451,1),(4452,1548,1561,1.0000,1,NULL,NULL,NULL,4452,1),(4453,1545,1562,1.0000,1,NULL,NULL,NULL,4453,1),(4454,1546,1562,1.0000,1,NULL,NULL,NULL,4454,1),(4455,1547,1562,1.0000,1,NULL,NULL,NULL,4455,1),(4456,1548,1562,1.0000,1,NULL,NULL,NULL,4456,1),(4457,1546,1539,2.0000,1,NULL,NULL,NULL,4457,1),(4458,1547,1539,2.0000,1,NULL,NULL,NULL,4458,1),(4459,1546,1540,4.0000,1,NULL,NULL,NULL,4459,1),(4460,1547,1540,4.0000,1,NULL,NULL,NULL,4460,1),(4461,1546,1541,4.0000,1,NULL,NULL,NULL,4461,1),(4462,1547,1541,4.0000,1,NULL,NULL,NULL,4462,1),(4463,1547,1563,1.0000,1,NULL,NULL,NULL,4463,1),(4464,1547,1564,1.0000,1,NULL,NULL,NULL,4464,1),(4465,1547,1565,1.0000,1,NULL,NULL,NULL,4465,1),(4466,1547,1566,1.0000,1,NULL,NULL,NULL,4466,1),(4467,1547,1567,1.0000,1,NULL,NULL,NULL,4467,1),(4468,1547,1568,1.0000,1,NULL,NULL,NULL,4468,1),(4469,1547,1569,4.0000,1,NULL,NULL,NULL,4469,1),(4470,1547,1570,2.0000,1,NULL,NULL,NULL,4470,1),(4471,1546,1571,1.0000,1,NULL,NULL,NULL,4471,1),(4472,1547,1572,1.0000,1,NULL,NULL,NULL,4472,1),(4473,1545,1573,4.0000,1,NULL,NULL,NULL,4473,1),(4474,1546,1573,4.0000,1,NULL,NULL,NULL,4474,1),(4475,1547,1573,4.0000,1,NULL,NULL,NULL,4475,1),(4476,1548,1573,4.0000,1,NULL,NULL,NULL,4476,1),(4481,1544,1575,1.0000,1,NULL,29,93,4481,1),(4482,1544,1576,1.0000,1,NULL,29,93,4482,1),(4483,1544,1577,1.0000,1,NULL,29,93,4483,1),(4484,1544,1578,1.0000,1,NULL,29,93,4484,1),(4485,1575,1579,1.0000,1,NULL,29,NULL,4485,1),(4486,1576,1579,1.0000,1,NULL,29,NULL,4486,1),(4487,1577,1579,1.0000,1,NULL,29,NULL,4487,1),(4488,1578,1579,1.0000,1,NULL,29,NULL,4488,1),(4489,1575,1580,1.0000,1,NULL,29,NULL,4489,1),(4490,1576,1580,1.0000,1,NULL,29,NULL,4490,1),(4491,1577,1580,1.0000,1,NULL,29,NULL,4491,1),(4492,1578,1580,1.0000,1,NULL,29,NULL,4492,1),(4493,1578,1581,1.0000,1,NULL,29,NULL,4493,1),(4494,1576,1582,1.0000,1,NULL,NULL,NULL,4494,1),(4495,1577,1582,1.0000,1,NULL,NULL,NULL,4495,1),(4496,1578,1582,1.0000,1,NULL,NULL,NULL,4496,1),(4497,1576,1583,1.0000,1,NULL,NULL,NULL,4497,1),(4498,1577,1583,1.0000,1,NULL,NULL,NULL,4498,1),(4499,1578,1583,1.0000,1,NULL,NULL,NULL,4499,1),(4500,1576,1565,1.0000,1,NULL,NULL,NULL,4500,1),(4501,1577,1565,1.0000,1,NULL,NULL,NULL,4501,1),(4502,1578,1565,1.0000,1,NULL,NULL,NULL,4502,1),(4503,1576,1569,3.0000,1,NULL,NULL,NULL,4503,1),(4504,1577,1569,3.0000,1,NULL,NULL,NULL,4504,1),(4505,1578,1569,3.0000,1,NULL,NULL,NULL,4505,1),(4506,1578,1541,2.0000,1,NULL,NULL,NULL,4506,1),(4507,1578,1584,1.0000,1,NULL,NULL,NULL,4507,1),(4508,1578,1585,6.0000,1,NULL,NULL,NULL,4508,1),(4509,1578,1586,1.0000,1,NULL,NULL,NULL,4509,1),(4510,1578,1587,1.0000,1,NULL,NULL,NULL,4510,1),(4511,1578,1588,1.0000,1,NULL,NULL,NULL,4511,1),(4512,1576,1589,1.0000,1,NULL,NULL,NULL,4512,1),(4513,1577,1590,1.0000,1,NULL,NULL,NULL,4513,1),(4514,1578,1591,1.0000,1,NULL,NULL,NULL,4514,1),(4515,1575,1585,2.0000,1,NULL,NULL,NULL,4515,1),(4516,1576,1585,2.0000,1,NULL,NULL,NULL,4516,1),(4517,1577,1585,2.0000,1,NULL,NULL,NULL,4517,1),(4518,1575,1592,8.0000,1,NULL,NULL,NULL,4518,1),(4519,1576,1592,8.0000,1,NULL,NULL,NULL,4519,1),(4520,1577,1592,8.0000,1,NULL,NULL,NULL,4520,1),(4521,1578,1592,8.0000,1,NULL,NULL,NULL,4521,1),(4522,1258,1421,6.0000,1,NULL,NULL,NULL,4522,1),(4523,1259,1421,6.0000,1,NULL,NULL,NULL,4523,1),(4524,1260,1421,6.0000,1,NULL,NULL,NULL,4524,1),(4525,1261,1421,6.0000,1,NULL,NULL,NULL,4525,1),(4526,1262,1421,6.0000,1,NULL,NULL,NULL,4526,1),(4527,1263,1421,6.0000,1,NULL,NULL,NULL,4527,1),(4528,1264,1421,6.0000,1,NULL,NULL,NULL,4528,1),(4529,1265,1421,6.0000,1,NULL,NULL,NULL,4529,1),(4530,1258,921,4.0000,1,NULL,NULL,NULL,4530,1),(4531,1259,921,8.0000,1,NULL,NULL,NULL,4531,1),(4532,1260,921,8.0000,1,NULL,NULL,NULL,4532,1),(4533,1261,921,4.0000,1,NULL,NULL,NULL,4533,1),(4534,1262,921,8.0000,1,NULL,NULL,NULL,4534,1),(4535,1263,921,4.0000,1,NULL,NULL,NULL,4535,1),(4536,1264,921,8.0000,1,NULL,NULL,NULL,4536,1),(4537,1265,921,4.0000,1,NULL,NULL,NULL,4537,1),(4538,1258,352,10.0000,1,NULL,NULL,NULL,4538,1),(4539,1259,352,10.0000,1,NULL,NULL,NULL,4539,1),(4540,1260,352,10.0000,1,NULL,NULL,NULL,4540,1),(4541,1261,352,10.0000,1,NULL,NULL,NULL,4541,1),(4542,1262,352,10.0000,1,NULL,NULL,NULL,4542,1),(4543,1263,352,10.0000,1,NULL,NULL,NULL,4543,1),(4544,1264,352,10.0000,1,NULL,NULL,NULL,4544,1),(4545,1265,352,10.0000,1,NULL,NULL,NULL,4545,1),(4546,1258,1473,4.0000,1,NULL,NULL,NULL,4546,1),(4547,1259,1473,4.0000,1,NULL,NULL,NULL,4547,1),(4548,1260,1473,8.0000,1,NULL,NULL,NULL,4548,1),(4549,1261,1473,4.0000,1,NULL,NULL,NULL,4549,1),(4550,1262,1473,4.0000,1,NULL,NULL,NULL,4550,1),(4551,1263,1473,4.0000,1,NULL,NULL,NULL,4551,1),(4552,1264,1473,8.0000,1,NULL,NULL,NULL,4552,1),(4553,1265,1473,4.0000,1,NULL,NULL,NULL,4553,1),(4554,NULL,1593,NULL,NULL,NULL,8,2,NULL,1),(4555,1258,1594,2.0000,1,NULL,NULL,NULL,4555,1),(4556,1259,1594,2.0000,1,NULL,NULL,NULL,4556,1),(4557,1260,1594,2.0000,1,NULL,NULL,NULL,4557,1),(4558,1261,1594,2.0000,1,NULL,NULL,NULL,4558,1),(4559,1262,1594,2.0000,1,NULL,NULL,NULL,4559,1),(4560,1263,1594,2.0000,1,NULL,NULL,NULL,4560,1),(4561,1264,1594,2.0000,1,NULL,NULL,NULL,4561,1),(4562,1265,1594,2.0000,1,NULL,NULL,NULL,4562,1),(4563,1258,1595,2.0000,1,NULL,NULL,NULL,4563,1),(4564,1259,1595,2.0000,1,NULL,NULL,NULL,4564,1),(4565,1260,1595,2.0000,1,NULL,NULL,NULL,4565,1),(4566,1261,1595,2.0000,1,NULL,NULL,NULL,4566,1),(4567,1262,1595,2.0000,1,NULL,NULL,NULL,4567,1),(4568,1263,1595,2.0000,1,NULL,NULL,NULL,4568,1),(4569,1264,1595,2.0000,1,NULL,NULL,NULL,4569,1),(4570,1265,1595,2.0000,1,NULL,NULL,NULL,4570,1),(4571,1258,1596,2.0000,1,NULL,NULL,NULL,4571,1),(4572,1259,1596,2.0000,1,NULL,NULL,NULL,4572,1),(4573,1260,1596,2.0000,1,NULL,NULL,NULL,4573,1),(4574,1261,1596,2.0000,1,NULL,NULL,NULL,4574,1),(4575,1262,1596,2.0000,1,NULL,NULL,NULL,4575,1),(4576,1263,1596,2.0000,1,NULL,NULL,NULL,4576,1),(4577,1264,1596,2.0000,1,NULL,NULL,NULL,4577,1),(4578,1265,1596,2.0000,1,NULL,NULL,NULL,4578,1),(4579,NULL,1597,NULL,NULL,NULL,8,2,NULL,1),(4580,1259,1475,4.0000,1,NULL,NULL,NULL,4580,1),(4581,1260,1475,4.0000,1,NULL,NULL,NULL,4581,1),(4582,1262,1475,4.0000,1,NULL,NULL,NULL,4582,1),(4583,1264,1475,4.0000,1,NULL,NULL,NULL,4583,1),(4584,1260,352,14.0000,1,NULL,NULL,NULL,4584,1),(4585,1264,352,14.0000,1,NULL,NULL,NULL,4585,1),(4586,1258,1598,3.0000,1,NULL,NULL,NULL,4586,1),(4587,1259,1598,3.0000,1,NULL,NULL,NULL,4587,1),(4588,1260,1598,3.0000,1,NULL,NULL,NULL,4588,1),(4589,1261,1598,3.0000,1,NULL,NULL,NULL,4589,1),(4590,1262,1598,3.0000,1,NULL,NULL,NULL,4590,1),(4591,1263,1598,3.0000,1,NULL,NULL,NULL,4591,1),(4592,1264,1598,3.0000,1,NULL,NULL,NULL,4592,1),(4593,1265,1598,3.0000,1,NULL,NULL,NULL,4593,1),(4594,1258,1471,16.0000,1,NULL,NULL,NULL,4594,1),(4595,1259,1471,16.0000,1,NULL,NULL,NULL,4595,1),(4596,1260,1471,16.0000,1,NULL,NULL,NULL,4596,1),(4597,1261,1471,18.0000,1,NULL,NULL,NULL,4597,1),(4598,1262,1471,18.0000,1,NULL,NULL,NULL,4598,1),(4599,1263,1471,16.0000,1,NULL,NULL,NULL,4599,1),(4600,1264,1471,18.0000,1,NULL,NULL,NULL,4600,1),(4601,1265,1471,16.0000,1,NULL,NULL,NULL,4601,1),(4602,1258,1472,8.0000,1,NULL,NULL,NULL,4602,1),(4603,1259,1472,8.0000,1,NULL,NULL,NULL,4603,1),(4604,1260,1472,8.0000,1,NULL,NULL,NULL,4604,1),(4605,1261,1472,8.0000,1,NULL,NULL,NULL,4605,1),(4606,1262,1472,8.0000,1,NULL,NULL,NULL,4606,1),(4607,1263,1472,8.0000,1,NULL,NULL,NULL,4607,1),(4608,1264,1472,8.0000,1,NULL,NULL,NULL,4608,1),(4609,1265,1472,8.0000,1,NULL,NULL,NULL,4609,1),(4610,1630,1599,1.0000,1,NULL,12,8,4610,1),(4613,1258,1420,6.0000,1,NULL,NULL,NULL,4613,1),(4614,1259,1420,6.0000,1,NULL,NULL,NULL,4614,1),(4615,1260,1420,6.0000,1,NULL,NULL,NULL,4615,1),(4616,1261,1420,6.0000,1,NULL,NULL,NULL,4616,1),(4617,1262,1420,6.0000,1,NULL,NULL,NULL,4617,1),(4618,1263,1420,6.0000,1,NULL,NULL,NULL,4618,1),(4619,1264,1420,6.0000,1,NULL,NULL,NULL,4619,1),(4620,1265,1420,6.0000,1,NULL,NULL,NULL,4620,1),(4622,1258,1470,10.0000,1,NULL,NULL,NULL,4622,1),(4623,1259,1470,10.0000,1,NULL,NULL,NULL,4623,1),(4624,1260,1470,10.0000,1,NULL,NULL,NULL,4624,1),(4625,1261,1470,10.0000,1,NULL,NULL,NULL,4625,1),(4626,1262,1470,10.0000,1,NULL,NULL,NULL,4626,1),(4627,1263,1470,10.0000,1,NULL,NULL,NULL,4627,1),(4628,1264,1470,10.0000,1,NULL,NULL,NULL,4628,1),(4629,1265,1470,10.0000,1,NULL,NULL,NULL,4629,1),(4631,1258,1604,2.0000,1,NULL,NULL,NULL,4631,1),(4632,1259,1604,2.0000,1,NULL,NULL,NULL,4632,1),(4633,1260,1604,2.0000,1,NULL,NULL,NULL,4633,1),(4634,1261,1604,2.0000,1,NULL,NULL,NULL,4634,1),(4635,1262,1604,2.0000,1,NULL,NULL,NULL,4635,1),(4636,1263,1604,2.0000,1,NULL,NULL,NULL,4636,1),(4637,1264,1604,2.0000,1,NULL,NULL,NULL,4637,1),(4638,1265,1604,2.0000,1,NULL,NULL,NULL,4638,1),(4639,1630,1605,1.0000,1,NULL,13,8,4639,1),(4640,1258,1606,7.0000,1,NULL,NULL,NULL,4640,1),(4641,1259,1606,7.0000,1,NULL,NULL,NULL,4641,1),(4642,1260,1606,7.0000,1,NULL,NULL,NULL,4642,1),(4643,1261,1606,7.0000,1,NULL,NULL,NULL,4643,1),(4644,1262,1606,7.0000,1,NULL,NULL,NULL,4644,1),(4645,1263,1606,7.0000,1,NULL,NULL,NULL,4645,1),(4646,1264,1606,7.0000,1,NULL,NULL,NULL,4646,1),(4647,1265,1606,7.0000,1,NULL,NULL,NULL,4647,1),(4648,1630,1607,1.0000,1,NULL,13,8,4648,1),(4649,1630,1608,1.0000,1,NULL,NULL,8,4649,1),(4650,1630,1609,1.0000,1,NULL,NULL,8,4650,1),(4651,1630,1610,1.0000,1,NULL,NULL,8,4651,1),(4659,1630,1618,1.0000,1,NULL,NULL,8,4659,1),(4660,1630,1619,1.0000,1,NULL,NULL,8,4660,1),(4661,1630,1620,2.0000,1,NULL,NULL,8,4661,1),(4662,1630,1621,6.0000,1,NULL,NULL,8,4662,1),(4663,1630,1622,2.0000,1,NULL,NULL,8,4663,1),(4669,1630,1628,1.0000,1,NULL,NULL,8,4669,1),(4671,1593,1630,1.0000,1,NULL,8,2,4671,1),(4672,1593,1631,1.0000,1,NULL,8,2,4672,1),(4673,1593,1632,1.0000,1,NULL,8,2,4673,1),(4674,1593,1633,1.0000,1,NULL,8,2,4674,1),(4675,1593,1634,1.0000,1,NULL,8,2,4675,1),(4676,1593,1635,1.0000,1,NULL,8,2,4676,1),(4677,1593,1636,1.0000,1,NULL,8,2,4677,1),(4678,1593,1637,1.0000,1,NULL,8,2,4678,1),(4679,1631,1599,1.0000,1,NULL,12,NULL,4679,1),(4680,1632,1600,1.0000,1,NULL,NULL,8,4680,1),(4683,1633,1601,1.0000,1,NULL,NULL,8,4683,1),(4684,1634,1601,1.0000,1,NULL,NULL,8,4684,1),(4685,1636,1601,1.0000,1,NULL,NULL,8,4685,1),(4686,1635,1602,1.0000,1,NULL,NULL,8,4686,1),(4687,1637,1602,1.0000,1,NULL,NULL,8,4687,1),(4688,1633,1603,1.0000,1,NULL,NULL,8,4688,1),(4689,1634,1603,1.0000,1,NULL,NULL,8,4689,1),(4690,1635,1603,1.0000,1,NULL,NULL,8,4690,1),(4691,1636,1603,1.0000,1,NULL,NULL,8,4691,1),(4692,1637,1603,1.0000,1,NULL,NULL,8,4692,1),(4693,1631,1605,1.0000,1,NULL,13,NULL,4693,1),(4694,1632,1605,1.0000,1,NULL,13,NULL,4694,1),(4695,1633,1605,1.0000,1,NULL,13,NULL,4695,1),(4696,1634,1605,1.0000,1,NULL,13,NULL,4696,1),(4697,1635,1605,1.0000,1,NULL,13,NULL,4697,1),(4698,1636,1605,1.0000,1,NULL,13,NULL,4698,1),(4699,1637,1605,1.0000,1,NULL,13,NULL,4699,1),(4700,1631,1607,1.0000,1,NULL,13,NULL,4700,1),(4701,1632,1607,1.0000,1,NULL,13,NULL,4701,1),(4702,1633,1607,1.0000,1,NULL,13,NULL,4702,1),(4703,1634,1607,1.0000,1,NULL,13,NULL,4703,1),(4704,1635,1607,1.0000,1,NULL,13,NULL,4704,1),(4705,1636,1607,1.0000,1,NULL,13,NULL,4705,1),(4706,1637,1607,1.0000,1,NULL,13,NULL,4706,1),(4707,1631,1608,1.0000,1,NULL,NULL,NULL,4707,1),(4708,1632,1608,1.0000,1,NULL,NULL,NULL,4708,1),(4709,1633,1608,1.0000,1,NULL,NULL,NULL,4709,1),(4710,1634,1608,1.0000,1,NULL,NULL,NULL,4710,1),(4711,1635,1608,1.0000,1,NULL,NULL,NULL,4711,1),(4712,1636,1608,1.0000,1,NULL,NULL,NULL,4712,1),(4713,1637,1608,1.0000,1,NULL,NULL,NULL,4713,1),(4714,1631,1609,1.0000,1,NULL,NULL,NULL,4714,1),(4715,1632,1609,1.0000,1,NULL,NULL,NULL,4715,1),(4716,1633,1609,1.0000,1,NULL,NULL,NULL,4716,1),(4717,1634,1609,1.0000,1,NULL,NULL,NULL,4717,1),(4718,1635,1609,1.0000,1,NULL,NULL,NULL,4718,1),(4719,1636,1609,1.0000,1,NULL,NULL,NULL,4719,1),(4720,1637,1609,1.0000,1,NULL,NULL,NULL,4720,1),(4721,1631,1610,1.0000,1,NULL,NULL,NULL,4721,1),(4722,1632,1610,1.0000,1,NULL,NULL,NULL,4722,1),(4723,1633,1610,1.0000,1,NULL,NULL,NULL,4723,1),(4724,1634,1610,1.0000,1,NULL,NULL,NULL,4724,1),(4725,1635,1610,1.0000,1,NULL,NULL,NULL,4725,1),(4726,1636,1610,1.0000,1,NULL,NULL,NULL,4726,1),(4727,1637,1610,1.0000,1,NULL,NULL,NULL,4727,1),(4728,1632,1613,1.0000,1,NULL,NULL,8,4728,1),(4729,1635,1613,1.0000,1,NULL,NULL,8,4729,1),(4730,1637,1613,1.0000,1,NULL,NULL,8,4730,1),(4731,1631,1628,1.0000,1,NULL,NULL,NULL,4731,1),(4732,1633,1628,1.0000,1,NULL,NULL,NULL,4732,1),(4733,1634,1628,1.0000,1,NULL,NULL,NULL,4733,1),(4734,1636,1628,1.0000,1,NULL,NULL,NULL,4734,1),(4735,1632,1629,1.0000,1,NULL,NULL,8,4735,1),(4736,1635,1629,1.0000,1,NULL,NULL,8,4736,1),(4737,1637,1629,1.0000,1,NULL,NULL,8,4737,1),(4738,1631,1614,1.0000,1,NULL,NULL,8,4738,1),(4739,1632,1614,1.0000,1,NULL,NULL,8,4739,1),(4740,1634,1614,1.0000,1,NULL,NULL,8,4740,1),(4741,1635,1614,1.0000,1,NULL,NULL,8,4741,1),(4742,1636,1614,1.0000,1,NULL,NULL,8,4742,1),(4743,1637,1614,1.0000,1,NULL,NULL,8,4743,1),(4744,1631,1615,1.0000,1,NULL,NULL,8,4744,1),(4745,1632,1615,1.0000,1,NULL,NULL,8,4745,1),(4746,1634,1615,1.0000,1,NULL,NULL,8,4746,1),(4747,1635,1615,1.0000,1,NULL,NULL,8,4747,1),(4748,1636,1615,1.0000,1,NULL,NULL,8,4748,1),(4749,1637,1615,1.0000,1,NULL,NULL,8,4749,1),(4750,1631,1616,1.0000,1,NULL,NULL,8,4750,1),(4751,1632,1616,1.0000,1,NULL,NULL,8,4751,1),(4752,1634,1616,1.0000,1,NULL,NULL,8,4752,1),(4753,1635,1616,1.0000,1,NULL,NULL,8,4753,1),(4754,1636,1616,1.0000,1,NULL,NULL,8,4754,1),(4755,1637,1616,1.0000,1,NULL,NULL,8,4755,1),(4756,1631,1617,1.0000,1,NULL,NULL,8,4756,1),(4757,1632,1617,1.0000,1,NULL,NULL,8,4757,1),(4758,1634,1617,1.0000,1,NULL,NULL,8,4758,1),(4759,1635,1617,1.0000,1,NULL,NULL,8,4759,1),(4760,1636,1617,1.0000,1,NULL,NULL,8,4760,1),(4761,1637,1617,1.0000,1,NULL,NULL,8,4761,1),(4762,1633,1618,1.0000,1,NULL,NULL,NULL,4762,1),(4763,1633,1619,1.0000,1,NULL,NULL,NULL,4763,1),(4764,1631,1620,2.0000,1,NULL,NULL,NULL,4764,1),(4765,1632,1620,2.0000,1,NULL,NULL,NULL,4765,1),(4766,1633,1620,2.0000,1,NULL,NULL,NULL,4766,1),(4767,1634,1620,2.0000,1,NULL,NULL,NULL,4767,1),(4768,1635,1620,2.0000,1,NULL,NULL,NULL,4768,1),(4769,1636,1620,2.0000,1,NULL,NULL,NULL,4769,1),(4770,1637,1620,2.0000,1,NULL,NULL,NULL,4770,1),(4771,1631,1621,6.0000,1,NULL,NULL,NULL,4771,1),(4772,1632,1621,6.0000,1,NULL,NULL,NULL,4772,1),(4773,1633,1621,6.0000,1,NULL,NULL,NULL,4773,1),(4774,1634,1621,6.0000,1,NULL,NULL,NULL,4774,1),(4775,1635,1621,6.0000,1,NULL,NULL,NULL,4775,1),(4776,1636,1621,6.0000,1,NULL,NULL,NULL,4776,1),(4777,1637,1621,6.0000,1,NULL,NULL,NULL,4777,1),(4778,1631,1622,2.0000,1,NULL,NULL,NULL,4778,1),(4779,1632,1622,2.0000,1,NULL,NULL,NULL,4779,1),(4780,1633,1622,2.0000,1,NULL,NULL,NULL,4780,1),(4781,1634,1622,2.0000,1,NULL,NULL,NULL,4781,1),(4782,1635,1622,2.0000,1,NULL,NULL,NULL,4782,1),(4783,1636,1622,2.0000,1,NULL,NULL,NULL,4783,1),(4784,1637,1622,2.0000,1,NULL,NULL,NULL,4784,1),(4785,1632,1623,1.0000,1,NULL,NULL,8,4785,1),(4786,1635,1623,1.0000,1,NULL,NULL,8,4786,1),(4787,1637,1623,1.0000,1,NULL,NULL,8,4787,1),(4788,1632,1624,1.0000,1,NULL,NULL,8,4788,1),(4789,1635,1624,1.0000,1,NULL,NULL,8,4789,1),(4790,1637,1624,1.0000,1,NULL,NULL,8,4790,1),(4791,1632,1625,1.0000,1,NULL,NULL,8,4791,1),(4792,1635,1625,1.0000,1,NULL,NULL,8,4792,1),(4793,1637,1625,1.0000,1,NULL,NULL,8,4793,1),(4794,1632,1626,1.0000,1,NULL,NULL,8,4794,1),(4795,1635,1626,1.0000,1,NULL,NULL,8,4795,1),(4796,1637,1626,1.0000,1,NULL,NULL,8,4796,1),(4797,1632,1627,4.0000,1,NULL,NULL,8,4797,1),(4798,1635,1627,4.0000,1,NULL,NULL,8,4798,1),(4799,1637,1627,4.0000,1,NULL,NULL,8,4799,1),(4800,NULL,1638,1.0000,NULL,60489,39,58,NULL,1),(4801,1638,1639,1.0000,1,NULL,39,58,4801,1),(4802,1597,1640,1.0000,1,NULL,8,2,4802,1),(4803,1597,1641,1.0000,1,NULL,8,2,4803,1),(4804,1597,1642,1.0000,1,NULL,8,2,4804,1),(4805,1597,1643,1.0000,1,NULL,8,2,4805,1),(4806,1597,1644,1.0000,1,NULL,8,2,4806,1),(4807,1597,1645,1.0000,1,NULL,8,2,4807,1),(4808,1597,1646,1.0000,1,NULL,8,2,4808,1),(4809,1597,1647,1.0000,1,NULL,8,2,4809,1),(4810,1597,1648,1.0000,1,NULL,8,2,4810,1),(4811,1597,1649,1.0000,1,NULL,8,2,4811,1),(4812,1597,1650,1.0000,1,NULL,8,2,4812,1),(4813,1597,1651,1.0000,1,NULL,8,2,4813,1),(4814,1640,1652,1.0000,1,NULL,12,8,4814,1),(4815,1641,1652,1.0000,1,NULL,12,8,4815,1),(4816,1642,1652,1.0000,1,NULL,12,8,4816,1),(4817,1643,1652,1.0000,1,NULL,12,8,4817,1),(4818,1644,1653,1.0000,1,NULL,NULL,8,4818,1),(4819,1650,1653,1.0000,1,NULL,NULL,8,4819,1),(4820,1645,1654,1.0000,1,NULL,NULL,8,4820,1),(4821,1646,1654,1.0000,1,NULL,NULL,8,4821,1),(4822,1647,1654,1.0000,1,NULL,NULL,8,4822,1),(4823,1648,1654,1.0000,1,NULL,NULL,8,4823,1),(4824,1649,1655,1.0000,1,NULL,NULL,8,4824,1),(4825,1651,1655,1.0000,1,NULL,NULL,8,4825,1),(4826,1645,1656,1.0000,1,NULL,NULL,8,4826,1),(4827,1646,1656,1.0000,1,NULL,NULL,8,4827,1),(4828,1647,1656,1.0000,1,NULL,NULL,8,4828,1),(4829,1648,1656,1.0000,1,NULL,NULL,8,4829,1),(4830,1649,1656,1.0000,1,NULL,NULL,8,4830,1),(4831,1651,1656,1.0000,1,NULL,NULL,8,4831,1),(4832,1640,1657,1.0000,1,NULL,13,8,4832,1),(4833,1641,1657,1.0000,1,NULL,13,8,4833,1),(4834,1642,1657,1.0000,1,NULL,13,8,4834,1),(4835,1643,1657,1.0000,1,NULL,13,8,4835,1),(4837,1645,1657,1.0000,1,NULL,13,8,4837,1),(4838,1646,1657,1.0000,1,NULL,13,8,4838,1),(4839,1647,1657,1.0000,1,NULL,13,8,4839,1),(4840,1648,1657,1.0000,1,NULL,13,8,4840,1),(4844,1640,1658,1.0000,1,NULL,NULL,8,4844,1),(4845,1642,1658,1.0000,1,NULL,NULL,8,4845,1),(4846,1644,1658,1.0000,1,NULL,NULL,8,4846,1),(4847,1645,1658,1.0000,1,NULL,NULL,8,4847,1),(4848,1647,1658,1.0000,1,NULL,NULL,8,4848,1),(4849,1649,1658,1.0000,1,NULL,NULL,8,4849,1),(4850,1641,1659,1.0000,1,NULL,NULL,8,4850,1),(4851,1643,1659,1.0000,1,NULL,NULL,8,4851,1),(4852,1646,1659,1.0000,1,NULL,NULL,8,4852,1),(4853,1650,1659,1.0000,1,NULL,NULL,8,4853,1),(4854,1651,1659,1.0000,1,NULL,NULL,8,4854,1),(4855,1648,1659,1.0000,1,NULL,NULL,NULL,4855,1),(4856,1640,1660,1.0000,1,NULL,11,2,4856,1),(4857,1641,1660,1.0000,1,NULL,11,2,4857,1),(4858,1642,1660,1.0000,1,NULL,11,2,4858,1),(4859,1643,1660,1.0000,1,NULL,11,2,4859,1),(4860,1644,1660,1.0000,1,NULL,11,2,4860,1),(4861,1645,1660,1.0000,1,NULL,11,2,4861,1),(4862,1646,1660,1.0000,1,NULL,11,2,4862,1),(4863,1647,1660,1.0000,1,NULL,11,2,4863,1),(4864,1648,1660,1.0000,1,NULL,11,2,4864,1),(4865,1649,1660,1.0000,1,NULL,11,2,4865,1),(4866,1650,1660,1.0000,1,NULL,11,2,4866,1),(4867,1651,1660,1.0000,1,NULL,11,2,4867,1),(4868,1640,1661,1.0000,1,NULL,NULL,8,4868,1),(4869,1641,1661,1.0000,1,NULL,NULL,8,4869,1),(4870,1642,1661,1.0000,1,NULL,NULL,8,4870,1),(4871,1643,1661,1.0000,1,NULL,NULL,8,4871,1),(4872,1644,1661,1.0000,1,NULL,NULL,8,4872,1),(4873,1645,1661,1.0000,1,NULL,NULL,8,4873,1),(4874,1646,1661,1.0000,1,NULL,NULL,8,4874,1),(4875,1647,1661,1.0000,1,NULL,NULL,8,4875,1),(4876,1648,1661,1.0000,1,NULL,NULL,8,4876,1),(4877,1649,1661,1.0000,1,NULL,NULL,8,4877,1),(4878,1650,1661,1.0000,1,NULL,NULL,8,4878,1),(4879,1651,1661,1.0000,1,NULL,NULL,8,4879,1),(4880,1640,1662,1.0000,1,NULL,NULL,8,4880,1),(4881,1641,1662,1.0000,1,NULL,NULL,8,4881,1),(4882,1642,1662,1.0000,1,NULL,NULL,8,4882,1),(4883,1643,1662,1.0000,1,NULL,NULL,8,4883,1),(4884,1644,1662,1.0000,1,NULL,NULL,8,4884,1),(4885,1645,1662,1.0000,1,NULL,NULL,8,4885,1),(4886,1646,1662,1.0000,1,NULL,NULL,8,4886,1),(4887,1647,1662,1.0000,1,NULL,NULL,8,4887,1),(4888,1648,1662,1.0000,1,NULL,NULL,8,4888,1),(4889,1649,1662,1.0000,1,NULL,NULL,8,4889,1),(4890,1650,1662,1.0000,1,NULL,NULL,8,4890,1),(4891,1651,1662,1.0000,1,NULL,NULL,8,4891,1),(4892,1640,1621,12.0000,1,NULL,NULL,8,4892,1),(4893,1641,1621,12.0000,1,NULL,NULL,8,4893,1),(4894,1642,1621,12.0000,1,NULL,NULL,8,4894,1),(4895,1643,1621,12.0000,1,NULL,NULL,8,4895,1),(4896,1644,1621,12.0000,1,NULL,NULL,8,4896,1),(4897,1645,1621,12.0000,1,NULL,NULL,8,4897,1),(4898,1646,1621,12.0000,1,NULL,NULL,8,4898,1),(4899,1647,1621,12.0000,1,NULL,NULL,8,4899,1),(4900,1648,1621,12.0000,1,NULL,NULL,8,4900,1),(4901,1649,1621,12.0000,1,NULL,NULL,8,4901,1),(4902,1650,1621,12.0000,1,NULL,NULL,8,4902,1),(4903,1651,1621,12.0000,1,NULL,NULL,8,4903,1),(4904,1640,1663,6.0000,1,NULL,NULL,8,4904,1),(4905,1641,1663,6.0000,1,NULL,NULL,8,4905,1),(4906,1642,1663,6.0000,1,NULL,NULL,8,4906,1),(4907,1643,1663,6.0000,1,NULL,NULL,8,4907,1),(4908,1644,1663,6.0000,1,NULL,NULL,8,4908,1),(4909,1645,1663,6.0000,1,NULL,NULL,8,4909,1),(4910,1646,1663,6.0000,1,NULL,NULL,8,4910,1),(4911,1647,1663,6.0000,1,NULL,NULL,8,4911,1),(4912,1648,1663,6.0000,1,NULL,NULL,8,4912,1),(4913,1649,1663,6.0000,1,NULL,NULL,8,4913,1),(4914,1650,1663,6.0000,1,NULL,NULL,8,4914,1),(4915,1651,1663,6.0000,1,NULL,NULL,8,4915,1),(4916,1640,1664,1.0000,1,NULL,NULL,8,4916,1),(4917,1641,1664,1.0000,1,NULL,NULL,8,4917,1),(4918,1642,1664,1.0000,1,NULL,NULL,8,4918,1),(4919,1643,1664,1.0000,1,NULL,NULL,8,4919,1),(4920,1644,1664,1.0000,1,NULL,NULL,8,4920,1),(4921,1645,1664,1.0000,1,NULL,NULL,8,4921,1),(4922,1646,1664,1.0000,1,NULL,NULL,8,4922,1),(4923,1647,1664,1.0000,1,NULL,NULL,8,4923,1),(4924,1648,1664,1.0000,1,NULL,NULL,8,4924,1),(4925,1649,1664,1.0000,1,NULL,NULL,8,4925,1),(4926,1650,1664,1.0000,1,NULL,NULL,8,4926,1),(4927,1651,1664,1.0000,1,NULL,NULL,8,4927,1),(4928,1640,1665,1.0000,1,NULL,NULL,8,4928,1),(4929,1641,1665,1.0000,1,NULL,NULL,8,4929,1),(4930,1642,1665,1.0000,1,NULL,NULL,8,4930,1),(4931,1643,1665,1.0000,1,NULL,NULL,8,4931,1),(4932,1644,1665,1.0000,1,NULL,NULL,8,4932,1),(4933,1645,1665,1.0000,1,NULL,NULL,8,4933,1),(4934,1646,1665,1.0000,1,NULL,NULL,8,4934,1),(4935,1647,1665,1.0000,1,NULL,NULL,8,4935,1),(4936,1648,1665,1.0000,1,NULL,NULL,8,4936,1),(4937,1649,1665,1.0000,1,NULL,NULL,8,4937,1),(4938,1650,1665,1.0000,1,NULL,NULL,8,4938,1),(4939,1651,1665,1.0000,1,NULL,NULL,8,4939,1),(4940,1640,1620,2.0000,1,NULL,NULL,8,4940,1),(4941,1641,1620,2.0000,1,NULL,NULL,8,4941,1),(4942,1642,1620,2.0000,1,NULL,NULL,8,4942,1),(4943,1643,1620,2.0000,1,NULL,NULL,8,4943,1),(4944,1644,1620,2.0000,1,NULL,NULL,8,4944,1),(4945,1645,1620,2.0000,1,NULL,NULL,8,4945,1),(4946,1646,1620,2.0000,1,NULL,NULL,8,4946,1),(4947,1647,1620,2.0000,1,NULL,NULL,8,4947,1),(4948,1648,1620,2.0000,1,NULL,NULL,8,4948,1),(4949,1649,1620,2.0000,1,NULL,NULL,8,4949,1),(4950,1650,1620,2.0000,1,NULL,NULL,8,4950,1),(4951,1651,1620,2.0000,1,NULL,NULL,8,4951,1),(4952,1644,1666,1.0000,1,NULL,NULL,8,4952,1),(4953,1649,1666,1.0000,1,NULL,NULL,8,4953,1),(4954,1650,1666,1.0000,1,NULL,NULL,8,4954,1),(4955,1651,1666,1.0000,1,NULL,NULL,8,4955,1),(4956,1644,1667,1.0000,1,NULL,NULL,8,4956,1),(4957,1649,1667,1.0000,1,NULL,NULL,8,4957,1),(4958,1650,1667,1.0000,1,NULL,NULL,8,4958,1),(4959,1651,1667,1.0000,1,NULL,NULL,8,4959,1),(4960,1644,1668,1.0000,1,NULL,NULL,8,4960,1),(4961,1649,1668,1.0000,1,NULL,NULL,8,4961,1),(4962,1650,1668,1.0000,1,NULL,NULL,8,4962,1),(4963,1651,1668,1.0000,1,NULL,NULL,8,4963,1),(4964,1644,1669,1.0000,1,NULL,NULL,8,4964,1),(4965,1649,1669,1.0000,1,NULL,NULL,8,4965,1),(4966,1650,1669,1.0000,1,NULL,NULL,8,4966,1),(4967,1651,1669,1.0000,1,NULL,NULL,8,4967,1),(4968,1644,1670,4.0000,1,NULL,NULL,8,4968,1),(4969,1649,1670,4.0000,1,NULL,NULL,8,4969,1),(4970,1650,1670,4.0000,1,NULL,NULL,8,4970,1),(4971,1651,1670,4.0000,1,NULL,NULL,8,4971,1),(4972,1640,1671,1.0000,1,NULL,NULL,8,4972,1),(4973,1641,1671,1.0000,1,NULL,NULL,8,4973,1),(4974,1645,1671,1.0000,1,NULL,NULL,8,4974,1),(4975,1646,1671,1.0000,1,NULL,NULL,8,4975,1),(4976,1642,1672,1.0000,1,NULL,NULL,8,4976,1),(4978,1647,1672,1.0000,1,NULL,NULL,8,4978,1),(4980,1644,1673,1.0000,1,NULL,NULL,8,4980,1),(4981,1649,1673,1.0000,1,NULL,NULL,8,4981,1),(4991,229,1676,1.0000,1,NULL,38,51,4991,1),(4992,434,1677,1.0000,1,NULL,NULL,38,4992,1),(4993,436,1677,1.0000,1,NULL,NULL,38,4993,1),(4994,434,497,1.0000,1,NULL,NULL,38,4994,1),(4995,433,1678,1.0000,1,NULL,38,51,4995,1),(4996,434,1678,1.0000,1,NULL,38,51,4996,1),(4997,1545,1592,2.0000,1,NULL,NULL,NULL,4997,1),(4998,1546,1592,2.0000,1,NULL,NULL,NULL,4998,1),(4999,1547,1592,2.0000,1,NULL,NULL,NULL,4999,1),(5000,1548,1592,2.0000,1,NULL,NULL,NULL,5000,1),(5001,1678,1679,1.0000,1,NULL,36,38,5001,1),(5002,1679,449,NULL,7,NULL,NULL,36,5002,1),(5003,1678,1680,1.0000,1,NULL,NULL,36,5003,1),(5004,433,1681,1.0000,1,NULL,38,51,5004,1),(5005,434,1681,1.0000,1,NULL,38,51,5005,1),(5006,1681,1682,1.0000,1,NULL,36,38,5006,1),(5007,1682,449,NULL,7,NULL,NULL,36,5007,1),(5008,1681,1680,NULL,1,NULL,NULL,38,5008,1),(5009,1151,1683,2.0000,1,NULL,NULL,NULL,5009,1),(5010,NULL,1684,NULL,NULL,NULL,28,98,NULL,1),(5011,1684,1685,1.0000,1,NULL,NULL,NULL,5011,1),(5012,NULL,1686,1.0000,NULL,141000,31,NULL,NULL,1),(5013,1686,1687,1.0000,1,NULL,31,NULL,5013,1),(5014,1687,1688,1.0000,1,NULL,31,NULL,5014,1),(5015,1687,1689,1.0000,1,NULL,NULL,NULL,5015,1),(5016,1687,1690,1.0000,1,NULL,NULL,NULL,5016,1),(5017,1687,1691,1.0000,1,NULL,NULL,NULL,5017,1),(5018,1687,1692,1.0000,1,NULL,31,NULL,5018,1),(5019,1687,1693,1.0000,1,NULL,31,NULL,5019,1),(5020,1687,1694,1.0000,1,NULL,NULL,NULL,5020,1),(5021,1687,1695,1.0000,1,NULL,99,NULL,5021,1),(5022,NULL,1696,NULL,NULL,NULL,NULL,NULL,NULL,1),(5023,327,1697,1.0000,1,NULL,49,50,5023,1),(5024,328,1698,1.0000,1,NULL,NULL,50,5024,1),(5025,329,1699,1.0000,1,NULL,NULL,50,5025,1),(5026,327,1700,1.0000,1,NULL,49,50,5026,1),(5027,327,1701,1.0000,1,NULL,49,50,5027,1),(5028,327,1702,1.0000,1,NULL,49,50,5028,1),(5029,327,1703,1.0000,1,NULL,49,50,5029,1),(5030,327,1704,1.0000,1,NULL,49,50,5030,1),(5031,NULL,1705,NULL,NULL,NULL,31,2,NULL,1),(5033,NULL,1707,NULL,NULL,NULL,NULL,NULL,NULL,1),(5034,NULL,1708,NULL,NULL,NULL,NULL,NULL,NULL,1),(5035,NULL,1709,NULL,NULL,NULL,NULL,NULL,NULL,1),(5042,470,466,4.0000,1,NULL,36,38,5042,1),(5047,NULL,1718,NULL,NULL,100000,31,91,NULL,1),(5057,1707,1728,1.0000,1,66000,31,NULL,5057,1),(5058,1707,1729,1.0000,1,66000,31,NULL,5058,1),(5059,1707,1730,1.0000,1,14000,31,NULL,5059,1),(5060,1707,1731,1.0000,1,14000,31,NULL,5060,1),(5061,NULL,1732,NULL,NULL,NULL,NULL,NULL,NULL,1),(5062,1732,1733,1.0000,1,91000,30,91,5062,1),(5063,1732,1734,1.0000,1,91000,30,91,5062,1),(5068,NULL,1739,NULL,NULL,NULL,NULL,NULL,NULL,1),(5069,1739,1740,1.0000,1,88600,31,2,5069,1),(5070,1739,1741,1.0000,1,88600,31,2,5070,1),(5071,1739,1742,1.0000,1,88600,31,2,5071,1),(5072,1739,1743,1.0000,1,59000,31,2,5072,1),(5073,1739,1744,1.0000,1,59000,31,2,5073,1),(5074,1739,1745,1.0000,1,NULL,31,2,5074,1),(5075,1739,1746,1.0000,1,NULL,31,2,5075,1),(5076,1739,1747,1.0000,1,59000,31,2,5076,1),(5077,1739,1748,1.0000,1,147600,31,2,5077,1),(5078,1739,1749,1.0000,1,147600,31,2,5078,1),(5079,1739,1750,1.0000,1,147600,31,2,5079,1),(5080,1739,1746,1.0000,1,NULL,NULL,NULL,5080,1),(5081,1740,1751,1.0000,1,NULL,31,NULL,5081,1),(5082,1751,1752,NULL,7,NULL,NULL,107,5082,1),(5083,1743,1751,1.0000,1,NULL,31,NULL,5083,1),(5084,1745,1751,1.0000,1,NULL,31,NULL,5084,1),(5088,1753,1752,NULL,7,NULL,NULL,107,5082,1),(5089,1741,1753,1.0000,1,NULL,31,NULL,5089,1),(5090,1744,1753,1.0000,1,NULL,31,NULL,5090,1),(5091,1746,1753,1.0000,1,NULL,31,NULL,5091,1),(5092,1742,1754,1.0000,1,NULL,31,NULL,5092,1),(5093,1747,1754,1.0000,1,NULL,31,NULL,5093,1),(5094,1754,1752,NULL,7,NULL,NULL,NULL,5094,1),(5095,1751,1755,NULL,7,NULL,NULL,107,5095,1),(5096,1753,1755,NULL,7,NULL,NULL,NULL,5096,1),(5097,1754,1755,NULL,7,NULL,NULL,NULL,5097,1),(5098,1742,1756,1.0000,1,NULL,31,NULL,5098,1),(5099,1747,1756,1.0000,1,NULL,31,NULL,5099,1),(5100,1740,1757,1.0000,1,NULL,31,NULL,5100,1),(5101,1743,1757,1.0000,1,NULL,31,NULL,5101,1),(5102,1745,1757,1.0000,1,NULL,31,NULL,5102,1),(5103,1741,1758,1.0000,1,NULL,31,NULL,5103,1),(5104,1744,1758,1.0000,1,NULL,31,NULL,5104,1),(5105,1746,1758,1.0000,1,NULL,31,NULL,5105,1),(5106,1742,1759,1.0000,1,NULL,31,NULL,5106,1),(5107,1747,1759,1.0000,1,NULL,31,NULL,5107,1),(5108,1742,1760,1.0000,1,NULL,NULL,NULL,5108,1),(5109,1747,1760,1.0000,1,NULL,NULL,NULL,5109,1),(5110,1742,1761,1.0000,1,NULL,31,NULL,5110,1),(5111,1747,1761,1.0000,1,NULL,31,NULL,5111,1),(5112,1742,1762,1.0000,1,NULL,31,NULL,5112,1),(5113,1747,1762,1.0000,1,NULL,31,NULL,5113,1),(5114,1742,1763,1.0000,1,NULL,31,NULL,5114,1),(5115,1747,1763,1.0000,1,NULL,31,NULL,5115,1),(5116,1742,1764,1.0000,1,NULL,31,NULL,5116,1),(5117,1747,1764,1.0000,1,NULL,31,NULL,5117,1),(5118,NULL,1765,NULL,NULL,NULL,NULL,NULL,NULL,1),(5119,1765,1766,1.0000,1,248000,13,109,5119,1),(5120,NULL,1767,NULL,NULL,NULL,30,68,NULL,1),(5121,NULL,1768,NULL,NULL,NULL,12,NULL,NULL,1),(5122,1768,1769,1.0000,1,165941,12,2,5122,1),(5123,1768,1770,1.0000,1,21572,12,2,5122,1),(5124,1768,1771,1.0000,1,144369,12,92,5122,1),(5125,1768,1772,1.0000,1,165941,12,2,5125,1),(5126,1768,1773,1.0000,1,165941,12,2,5125,1),(5127,1768,1774,1.0000,1,165941,12,2,5125,1),(5128,1768,1775,1.0000,1,165941,12,2,5125,1),(5129,NULL,1776,NULL,NULL,NULL,NULL,NULL,NULL,1),(5130,1776,1777,1.0000,1,52666,12,2,5130,1),(5131,1776,1778,1.0000,1,52666,12,92,5130,1),(5132,1776,1779,1.0000,1,52666,12,2,5132,1),(5133,1776,1780,1.0000,1,52666,12,2,5132,1),(5134,1776,1781,1.0000,1,52666,12,2,5134,1),(5135,1776,1782,1.0000,1,52666,12,2,5134,1),(5136,1769,386,NULL,7,NULL,NULL,NULL,5136,1),(5137,1769,1783,NULL,7,NULL,NULL,NULL,5137,1),(5138,1769,1434,NULL,7,NULL,NULL,NULL,5138,1),(5139,1770,386,NULL,7,NULL,NULL,NULL,5139,1),(5140,1770,1783,NULL,7,NULL,NULL,NULL,5140,1),(5141,1770,1434,NULL,7,NULL,NULL,NULL,5141,1),(5142,1771,386,NULL,7,NULL,NULL,NULL,5142,1),(5143,1771,1783,NULL,7,NULL,NULL,NULL,5143,1),(5144,1771,1434,NULL,7,NULL,NULL,NULL,5144,1),(5145,1771,1437,NULL,1,NULL,NULL,NULL,5145,1),(5146,1772,386,NULL,7,NULL,NULL,NULL,5146,1),(5147,1772,1783,NULL,7,NULL,NULL,NULL,5147,1),(5148,1772,1434,NULL,7,NULL,NULL,NULL,5148,1),(5149,1773,386,NULL,7,NULL,NULL,NULL,5149,1),(5150,1773,1783,NULL,7,NULL,NULL,NULL,5150,1),(5151,1773,1434,NULL,7,NULL,NULL,NULL,5151,1),(5152,1774,386,NULL,7,NULL,NULL,NULL,5152,1),(5153,1774,1783,NULL,7,NULL,NULL,NULL,5153,1),(5154,1774,1434,NULL,7,NULL,NULL,NULL,5154,1),(5155,1775,386,NULL,7,NULL,NULL,NULL,5155,1),(5156,1775,1783,NULL,7,NULL,NULL,NULL,5156,1),(5157,1775,1434,NULL,7,NULL,NULL,NULL,5157,1),(5158,1777,386,NULL,7,NULL,NULL,NULL,5158,1),(5159,1777,1783,NULL,7,NULL,NULL,NULL,5159,1),(5160,1777,1434,NULL,7,NULL,NULL,NULL,5160,1),(5161,1778,386,NULL,7,NULL,NULL,NULL,5161,1),(5162,1778,1783,NULL,7,NULL,NULL,NULL,5162,1),(5163,1778,1434,NULL,7,NULL,NULL,NULL,5163,1),(5164,1778,1437,NULL,1,NULL,NULL,NULL,5164,1),(5165,1779,386,NULL,7,NULL,NULL,NULL,5165,1),(5166,1779,1783,NULL,7,NULL,NULL,NULL,5166,1),(5167,1779,1434,NULL,7,NULL,NULL,NULL,5167,1),(5168,1780,386,NULL,7,NULL,NULL,NULL,5168,1),(5169,1780,1783,NULL,7,NULL,NULL,NULL,5169,1),(5170,1780,1434,NULL,7,NULL,NULL,NULL,5170,1),(5171,1781,386,NULL,7,NULL,NULL,NULL,5171,1),(5172,1781,1783,NULL,7,NULL,NULL,NULL,5172,1),(5173,1781,1434,NULL,7,NULL,NULL,NULL,5173,1),(5174,1782,386,NULL,7,NULL,NULL,NULL,5174,1),(5175,1782,1783,NULL,7,NULL,NULL,NULL,5175,1),(5176,1782,1434,NULL,7,NULL,NULL,NULL,5176,1),(5177,1819,1784,1.0000,1,38106,29,NULL,5177,1),(5179,1718,1786,1.0000,1,121275,31,91,5179,1),(5180,1786,1787,1.0000,1,NULL,31,NULL,5180,1),(5181,1787,1788,0.5500,7,NULL,NULL,NULL,5181,1),(5182,1787,1789,0.7000,7,NULL,NULL,NULL,5182,1),(5183,1786,1790,1.0000,1,NULL,31,NULL,5183,1),(5184,1790,1791,1.0000,1,NULL,31,NULL,5184,1),(5185,1791,1792,1.0000,1,NULL,31,NULL,5185,1),(5186,1792,1793,1.2500,7,NULL,NULL,NULL,5186,1),(5187,1791,1794,3.0000,1,NULL,NULL,NULL,5187,1),(5188,1790,1795,1.0000,1,NULL,NULL,NULL,5188,1),(5189,1790,1796,3.0000,1,NULL,31,NULL,5189,1),(5190,1796,1797,1.0000,1,NULL,31,NULL,5190,1),(5191,1797,1798,0.0500,7,NULL,NULL,NULL,5191,1),(5192,1796,1799,1.0000,1,NULL,NULL,NULL,5192,1),(5193,1796,1800,1.0000,1,NULL,31,NULL,5193,1),(5194,1800,1793,0.1100,7,NULL,NULL,NULL,5194,1),(5195,1796,1801,1.0000,1,NULL,31,NULL,5195,1),(5196,1801,1793,0.1500,7,NULL,NULL,NULL,5196,1),(5197,1790,1802,1.0000,1,NULL,NULL,NULL,5197,1),(5198,1790,1803,1.0000,1,NULL,NULL,NULL,5198,1),(5199,1790,1804,6.0000,1,NULL,NULL,NULL,5199,1),(5200,1786,1805,1.0000,1,NULL,NULL,NULL,5200,1),(5201,1786,1806,1.0000,1,NULL,NULL,NULL,5201,1),(5202,1786,1807,2.0000,1,NULL,NULL,NULL,5202,1),(5203,1786,1808,1.0000,1,NULL,NULL,NULL,5203,1),(5204,1718,1809,NULL,1,NULL,31,91,5204,1),(5205,1718,1810,1.0000,1,10583,31,91,5205,1),(5206,1718,1811,1.0000,1,131858,31,91,5206,1),(5207,1718,1812,1.0000,1,131858,31,91,5207,1),(5208,1718,1813,1.0000,1,131858,31,91,5208,1),(5209,1718,1814,1.0000,1,30591,31,91,5209,1),(5210,1718,1786,NULL,1,NULL,NULL,NULL,5210,1),(5211,210,1815,1.0000,1,54000,NULL,NULL,5211,1),(5212,433,1470,10.0000,1,NULL,NULL,38,5212,1),(5213,434,1470,10.0000,1,NULL,NULL,38,5213,1),(5214,435,1470,10.0000,1,NULL,NULL,38,5214,1),(5215,436,1470,10.0000,1,NULL,NULL,38,5215,1),(5216,435,1816,1.0000,1,NULL,36,38,5216,1),(5217,436,1816,1.0000,1,NULL,36,38,5217,1),(5218,435,1817,1.0000,1,NULL,NULL,NULL,5218,1),(5219,436,1817,1.0000,1,NULL,NULL,NULL,5219,1),(5220,435,1818,4.0000,1,NULL,NULL,NULL,5220,1),(5221,436,1818,4.0000,1,NULL,NULL,NULL,5221,1),(5222,1696,1819,NULL,1,381,29,NULL,5222,1),(5223,646,1820,1.0000,1,158760,11,8,5223,1),(5224,647,1820,1.0000,1,158760,11,8,5224,1),(5225,648,1820,1.0000,1,158760,11,8,5225,1),(5226,649,1820,1.0000,1,158760,11,8,5226,1),(5227,650,1820,1.0000,1,158760,11,8,5227,1),(5228,651,1820,1.0000,1,158760,11,8,5228,1),(5229,652,1820,1.0000,1,158760,11,8,5229,1),(5230,653,1820,1.0000,1,158760,11,8,5230,1),(5231,654,1820,1.0000,1,158760,11,8,5231,1),(5232,655,1820,1.0000,1,158760,11,8,5232,1),(5233,656,1820,1.0000,1,158760,11,8,5233,1),(5234,657,1820,1.0000,1,158760,11,8,5234,1),(5235,646,1821,1.0000,1,158760,11,8,5235,1),(5236,647,1821,1.0000,1,158760,11,8,5236,1),(5237,648,1821,1.0000,1,158760,11,8,5237,1),(5238,649,1821,1.0000,1,158760,11,8,5238,1),(5239,650,1821,1.0000,1,158760,11,8,5239,1),(5240,651,1821,1.0000,1,158760,11,8,5240,1),(5241,652,1821,1.0000,1,158760,11,8,5241,1),(5242,653,1821,1.0000,1,158760,11,8,5242,1),(5243,654,1821,1.0000,1,158760,11,8,5243,1),(5244,655,1821,1.0000,1,158760,11,8,5244,1),(5245,656,1821,1.0000,1,158760,11,8,5245,1),(5246,657,1821,1.0000,1,158760,11,8,5246,1),(5247,NULL,1822,NULL,NULL,NULL,31,2,NULL,1),(5248,118,1823,1.0000,1,8602,8,2,5248,1),(5249,NULL,1824,NULL,NULL,NULL,NULL,NULL,NULL,1),(5250,NULL,1825,NULL,NULL,NULL,NULL,NULL,NULL,1),(5252,1055,1827,1.0000,1,NULL,12,8,5252,1),(5253,1053,1826,1.0000,1,NULL,12,8,5253,1),(5254,1053,1569,4.0000,1,NULL,NULL,8,5254,1),(5255,1054,1569,4.0000,1,NULL,NULL,8,5255,1),(5256,1055,1569,4.0000,1,NULL,NULL,8,5256,1),(5257,1056,1569,4.0000,1,NULL,NULL,8,5257,1),(5258,1057,1569,4.0000,1,NULL,NULL,8,5258,1),(5259,1058,1569,4.0000,1,NULL,NULL,8,5259,1),(5260,1060,1569,4.0000,1,NULL,NULL,8,5260,1),(5261,1061,1569,4.0000,1,NULL,NULL,8,5261,1),(5262,1062,1569,4.0000,1,NULL,NULL,8,5262,1),(5263,1063,1569,4.0000,1,NULL,NULL,8,5263,1),(5264,1064,1569,4.0000,1,NULL,NULL,8,5264,1),(5265,1065,1569,4.0000,1,NULL,NULL,8,5265,1),(5266,1058,993,2.0000,1,NULL,NULL,8,5266,1),(5267,1065,993,2.0000,1,NULL,NULL,8,5267,1),(5268,1065,1828,1.0000,1,NULL,NULL,8,5268,1),(5269,1059,1829,1.0000,1,NULL,12,8,5269,1),(5270,1060,1829,1.0000,1,NULL,12,8,5270,1),(5271,1061,1829,1.0000,1,NULL,12,8,5271,1),(5272,1062,1829,1.0000,1,NULL,12,8,5272,1),(5273,1063,1829,1.0000,1,NULL,12,8,5273,1),(5274,1064,1829,1.0000,1,NULL,12,8,5274,1),(5275,1065,1829,1.0000,1,NULL,12,8,5275,1),(5276,1059,1830,1.0000,1,NULL,11,8,5276,1),(5277,1060,1830,1.0000,1,NULL,11,8,5277,1),(5278,1061,1830,1.0000,1,NULL,11,8,5278,1),(5279,1062,1830,1.0000,1,NULL,11,8,5279,1),(5280,1063,1830,1.0000,1,NULL,11,8,5280,1),(5281,1064,1830,1.0000,1,NULL,11,8,5281,1),(5282,1065,1830,1.0000,1,NULL,11,8,5282,1),(5283,1050,1831,1.0000,1,NULL,NULL,8,5283,1),(5284,1053,1831,1.0000,1,NULL,NULL,8,5284,1),(5285,1054,1831,1.0000,1,NULL,NULL,8,5285,1),(5286,1055,1831,1.0000,1,NULL,NULL,8,5286,1),(5287,1056,1831,1.0000,1,NULL,NULL,8,5287,1),(5288,1057,1831,1.0000,1,NULL,NULL,8,5288,1),(5289,1058,1831,1.0000,1,NULL,NULL,8,5289,1),(5290,1059,1831,1.0000,1,NULL,NULL,8,5290,1),(5291,1060,1831,1.0000,1,NULL,NULL,8,5291,1),(5292,1061,1831,1.0000,1,NULL,NULL,8,5292,1),(5293,1062,1831,1.0000,1,NULL,NULL,8,5293,1),(5294,1063,1831,1.0000,1,NULL,NULL,8,5294,1),(5295,1064,1831,1.0000,1,NULL,NULL,8,5295,1),(5296,1065,1831,1.0000,1,NULL,NULL,8,5296,1),(5297,1053,1832,1.0000,1,NULL,NULL,8,5297,1),(5298,1054,1832,1.0000,1,NULL,NULL,8,5298,1),(5299,1055,1832,1.0000,1,NULL,NULL,8,5299,1),(5300,1056,1832,1.0000,1,NULL,NULL,8,5300,1),(5301,1057,1832,1.0000,1,NULL,NULL,8,5301,1),(5302,1058,1832,1.0000,1,NULL,NULL,8,5302,1),(5303,1060,1832,1.0000,1,NULL,NULL,8,5303,1),(5304,1061,1832,1.0000,1,NULL,NULL,8,5304,1),(5305,1062,1832,1.0000,1,NULL,NULL,8,5305,1),(5306,1063,1832,1.0000,1,NULL,NULL,8,5306,1),(5307,1064,1832,1.0000,1,NULL,NULL,8,5307,1),(5308,1065,1832,1.0000,1,NULL,NULL,8,5308,1),(5309,1053,1833,1.0000,1,NULL,NULL,8,5309,1),(5310,1054,1833,1.0000,1,NULL,NULL,8,5310,1),(5311,1055,1833,1.0000,1,NULL,NULL,8,5311,1),(5312,1056,1833,1.0000,1,NULL,NULL,8,5312,1),(5313,1057,1833,1.0000,1,NULL,NULL,8,5313,1),(5314,1058,1833,1.0000,1,NULL,NULL,8,5314,1),(5315,1060,1833,1.0000,1,NULL,NULL,8,5315,1),(5316,1061,1833,1.0000,1,NULL,NULL,8,5316,1),(5317,1062,1833,1.0000,1,NULL,NULL,8,5317,1),(5318,1063,1833,1.0000,1,NULL,NULL,8,5318,1),(5319,1064,1833,1.0000,1,NULL,NULL,8,5319,1),(5320,1065,1833,1.0000,1,NULL,NULL,8,5320,1),(5321,1053,1834,1.0000,1,NULL,NULL,8,5321,1),(5322,1054,1834,1.0000,1,NULL,NULL,8,5322,1),(5323,1055,1834,1.0000,1,NULL,NULL,8,5323,1),(5324,1056,1834,1.0000,1,NULL,NULL,8,5324,1),(5325,1057,1834,1.0000,1,NULL,NULL,8,5325,1),(5326,1058,1834,1.0000,1,NULL,NULL,8,5326,1),(5327,1060,1834,1.0000,1,NULL,NULL,8,5327,1),(5328,1061,1834,1.0000,1,NULL,NULL,8,5328,1),(5329,1062,1834,1.0000,1,NULL,NULL,8,5329,1),(5330,1063,1834,1.0000,1,NULL,NULL,8,5330,1),(5331,1064,1834,1.0000,1,NULL,NULL,8,5331,1),(5332,1065,1834,1.0000,1,NULL,NULL,8,5332,1),(5333,1053,1835,1.0000,1,NULL,NULL,8,5333,1),(5334,1054,1835,1.0000,1,NULL,NULL,8,5334,1),(5335,1055,1835,1.0000,1,NULL,NULL,8,5335,1),(5336,1056,1835,1.0000,1,NULL,NULL,8,5336,1),(5337,1057,1835,1.0000,1,NULL,NULL,8,5337,1),(5338,1058,1835,1.0000,1,NULL,NULL,8,5338,1),(5339,1060,1835,1.0000,1,NULL,NULL,8,5339,1),(5340,1061,1835,1.0000,1,NULL,NULL,8,5340,1),(5341,1062,1835,1.0000,1,NULL,NULL,8,5341,1),(5342,1063,1835,1.0000,1,NULL,NULL,8,5342,1),(5343,1064,1835,1.0000,1,NULL,NULL,8,5343,1),(5344,1065,1835,1.0000,1,NULL,NULL,8,5344,1),(5345,1058,1836,1.0000,1,NULL,NULL,8,5345,1),(5346,1065,1836,1.0000,1,NULL,NULL,8,5346,1),(5347,1058,1837,1.0000,1,NULL,NULL,8,5347,1),(5348,1065,1837,1.0000,1,NULL,NULL,8,5348,1),(5349,1053,1838,1.0000,1,NULL,NULL,8,5349,1),(5350,1054,1839,1.0000,1,NULL,NULL,8,5350,1),(5351,1057,1840,1.0000,1,NULL,NULL,8,5351,1),(5352,1058,1840,1.0000,1,NULL,NULL,8,5352,1),(5353,1064,1840,1.0000,1,NULL,NULL,8,5353,1),(5354,1065,1840,1.0000,1,NULL,NULL,8,5354,1),(5355,1057,1841,1.0000,1,NULL,NULL,8,5355,1),(5356,1058,1841,1.0000,1,NULL,NULL,8,5356,1),(5357,1064,1841,1.0000,1,NULL,NULL,8,5357,1),(5358,1065,1841,1.0000,1,NULL,NULL,8,5358,1),(5359,1056,1842,1.0000,1,NULL,NULL,8,5359,1),(5360,1058,1842,1.0000,1,NULL,NULL,8,5360,1),(5361,1063,1842,1.0000,1,NULL,NULL,8,5361,1),(5362,1065,1842,1.0000,1,NULL,NULL,8,5362,1),(5363,1056,1843,1.0000,1,NULL,NULL,8,5363,1),(5364,1058,1843,1.0000,1,NULL,NULL,8,5364,1),(5365,1063,1843,1.0000,1,NULL,NULL,8,5365,1),(5366,1065,1843,1.0000,1,NULL,NULL,8,5366,1),(5367,1056,1844,1.0000,1,NULL,NULL,8,5367,1),(5368,1058,1844,1.0000,1,NULL,NULL,8,5368,1),(5369,1063,1844,1.0000,1,NULL,NULL,8,5369,1),(5370,1065,1844,1.0000,1,NULL,NULL,8,5370,1),(5371,214,1845,1.0000,1,71675,NULL,NULL,5371,1),(5372,214,1815,1.0000,1,71675,NULL,NULL,5372,1),(5373,230,1815,1.0000,1,168025,NULL,NULL,5373,1),(5374,244,1815,1.0000,1,239700,NULL,NULL,5374,1),(5375,245,1815,1.0000,1,165675,NULL,NULL,5375,1),(5376,246,1815,1.0000,1,74025,NULL,NULL,5376,1),(5377,1050,1846,1.0000,1,NULL,NULL,NULL,5377,1),(5378,1053,1846,1.0000,1,NULL,NULL,NULL,5378,1),(5379,1054,1846,1.0000,1,NULL,NULL,NULL,5379,1),(5380,1055,1846,1.0000,1,NULL,NULL,NULL,5380,1),(5381,1056,1846,1.0000,1,NULL,NULL,NULL,5381,1),(5382,1057,1846,1.0000,1,NULL,NULL,NULL,5382,1),(5383,1058,1846,1.0000,1,NULL,NULL,NULL,5383,1),(5384,1059,1846,1.0000,1,NULL,NULL,NULL,5384,1),(5385,1060,1846,1.0000,1,NULL,NULL,NULL,5385,1),(5386,1061,1846,1.0000,1,NULL,NULL,NULL,5386,1),(5387,1062,1846,1.0000,1,NULL,NULL,NULL,5387,1),(5388,1063,1846,1.0000,1,NULL,NULL,NULL,5388,1),(5389,1064,1846,1.0000,1,NULL,NULL,NULL,5389,1),(5390,1065,1846,1.0000,1,NULL,NULL,NULL,5390,1),(5391,118,1847,1.0000,1,4428,8,2,5391,1),(5392,118,1848,1.0000,1,3476,8,2,5392,1),(5393,118,1849,1.0000,1,635,8,2,5393,1),(5394,118,1850,1.0000,1,333,8,2,5394,1),(5395,118,1851,1.0000,1,175,8,2,5395,1),(5396,118,1852,1.0000,1,413,8,2,5396,1),(5397,118,1853,1.0000,1,1365,8,2,5397,1),(5398,118,1854,1.0000,1,127,8,2,5398,1),(5399,118,1855,1.0000,1,79,8,2,5399,1),(5400,118,1856,1.0000,1,48,8,2,5400,1),(5401,118,1857,1.0000,1,698,8,2,5401,1),(5402,118,1858,1.0000,1,190,8,2,5402,1),(5403,118,1859,1.0000,1,159,8,2,5403,1),(5404,118,1860,1.0000,1,95,8,2,5404,1),(5405,646,1861,1.0000,1,NULL,NULL,8,5405,1),(5406,647,1861,1.0000,1,NULL,NULL,8,5406,1),(5407,648,1861,1.0000,1,NULL,NULL,8,5407,1),(5408,649,1861,1.0000,1,NULL,NULL,8,5408,1),(5409,650,1861,1.0000,1,NULL,NULL,8,5409,1),(5410,651,1861,1.0000,1,NULL,NULL,8,5410,1),(5411,652,1861,1.0000,1,NULL,NULL,8,5411,1),(5412,653,1861,1.0000,1,NULL,NULL,8,5412,1),(5413,654,1861,1.0000,1,NULL,NULL,8,5413,1),(5414,655,1861,1.0000,1,NULL,NULL,8,5414,1),(5415,656,1861,1.0000,1,NULL,NULL,8,5415,1),(5416,657,1861,1.0000,1,NULL,NULL,8,5416,1),(5417,1823,1861,1.0000,1,NULL,NULL,8,5417,1),(5418,1847,1861,1.0000,1,NULL,NULL,8,5418,1),(5419,1848,1861,1.0000,1,NULL,NULL,8,5419,1),(5420,1849,1861,1.0000,1,NULL,NULL,8,5420,1),(5421,1850,1861,1.0000,1,NULL,NULL,8,5421,1),(5422,1851,1861,1.0000,1,NULL,NULL,8,5422,1),(5423,1852,1861,1.0000,1,NULL,NULL,8,5423,1),(5424,1853,1861,1.0000,1,NULL,NULL,8,5424,1),(5425,1854,1861,1.0000,1,NULL,NULL,8,5425,1),(5426,1855,1861,1.0000,1,NULL,NULL,8,5426,1),(5427,1856,1861,1.0000,1,NULL,NULL,8,5427,1),(5428,1857,1861,1.0000,1,NULL,NULL,8,5428,1),(5429,1858,1861,1.0000,1,NULL,NULL,8,5429,1),(5430,1859,1861,1.0000,1,NULL,NULL,8,5430,1),(5431,1860,1861,1.0000,1,NULL,NULL,8,5431,1),(5432,646,1862,1.0000,1,NULL,NULL,8,5432,1),(5433,647,1862,1.0000,1,NULL,NULL,8,5433,1),(5434,648,1862,1.0000,1,NULL,NULL,8,5434,1),(5435,649,1862,1.0000,1,NULL,NULL,8,5435,1),(5436,652,1862,1.0000,1,NULL,NULL,8,5436,1),(5437,653,1862,1.0000,1,NULL,NULL,8,5437,1),(5438,654,1862,1.0000,1,NULL,NULL,8,5438,1),(5439,655,1862,1.0000,1,NULL,NULL,8,5439,1),(5440,1823,1862,1.0000,1,NULL,NULL,8,5440,1),(5441,1847,1862,1.0000,1,NULL,NULL,8,5441,1),(5442,1849,1862,1.0000,1,NULL,NULL,8,5442,1),(5443,1850,1862,1.0000,1,NULL,NULL,8,5443,1),(5444,1852,1862,1.0000,1,NULL,NULL,8,5444,1),(5445,1853,1862,1.0000,1,NULL,NULL,8,5445,1),(5446,1857,1862,1.0000,1,NULL,NULL,8,5446,1),(5447,1858,1862,1.0000,1,NULL,NULL,8,5447,1),(5448,1859,1862,1.0000,1,NULL,NULL,8,5448,1),(5449,1860,1862,1.0000,1,NULL,NULL,8,5449,1),(5450,646,1863,1.0000,1,NULL,NULL,8,5450,1),(5451,647,1863,1.0000,1,NULL,NULL,8,5451,1),(5452,648,1863,1.0000,1,NULL,NULL,8,5452,1),(5453,649,1863,1.0000,1,NULL,NULL,8,5453,1),(5454,652,1863,1.0000,1,NULL,NULL,8,5454,1),(5455,653,1863,1.0000,1,NULL,NULL,8,5455,1),(5456,654,1863,1.0000,1,NULL,NULL,8,5456,1),(5457,655,1863,1.0000,1,NULL,NULL,8,5457,1),(5458,1823,1863,1.0000,1,NULL,NULL,8,5458,1),(5459,1847,1863,1.0000,1,NULL,NULL,8,5459,1),(5460,1849,1863,1.0000,1,NULL,NULL,8,5460,1),(5461,1850,1863,1.0000,1,NULL,NULL,8,5461,1),(5462,1852,1863,1.0000,1,NULL,NULL,8,5462,1),(5463,1853,1863,1.0000,1,NULL,NULL,8,5463,1),(5464,1857,1863,1.0000,1,NULL,NULL,8,5464,1),(5465,1858,1863,1.0000,1,NULL,NULL,8,5465,1),(5466,1859,1863,1.0000,1,NULL,NULL,8,5466,1),(5467,1860,1863,1.0000,1,NULL,NULL,8,5467,1),(5468,646,1864,1.0000,1,NULL,NULL,8,5468,1),(5469,647,1864,1.0000,1,NULL,NULL,8,5469,1),(5470,648,1864,1.0000,1,NULL,NULL,8,5470,1),(5471,649,1864,1.0000,1,NULL,NULL,8,5471,1),(5472,652,1864,1.0000,1,NULL,NULL,8,5472,1),(5473,653,1864,1.0000,1,NULL,NULL,8,5473,1),(5474,654,1864,1.0000,1,NULL,NULL,8,5474,1),(5475,655,1864,1.0000,1,NULL,NULL,8,5475,1),(5476,1823,1864,1.0000,1,NULL,NULL,8,5476,1),(5477,1847,1864,1.0000,1,NULL,NULL,8,5477,1),(5478,1849,1864,1.0000,1,NULL,NULL,8,5478,1),(5479,1850,1864,1.0000,1,NULL,NULL,8,5479,1),(5480,1852,1864,1.0000,1,NULL,NULL,8,5480,1),(5481,1853,1864,1.0000,1,NULL,NULL,8,5481,1),(5482,1857,1864,1.0000,1,NULL,NULL,8,5482,1),(5483,1858,1864,1.0000,1,NULL,NULL,8,5483,1),(5484,1859,1864,1.0000,1,NULL,NULL,8,5484,1),(5485,1860,1864,1.0000,1,NULL,NULL,8,5485,1),(5486,650,1865,1.0000,1,NULL,NULL,8,5486,1),(5487,651,1865,1.0000,1,NULL,NULL,8,5487,1),(5488,656,1865,1.0000,1,NULL,NULL,8,5488,1),(5489,657,1865,1.0000,1,NULL,NULL,8,5489,1),(5490,1848,1865,1.0000,1,NULL,NULL,8,5490,1),(5491,1851,1865,1.0000,1,NULL,NULL,8,5491,1),(5492,1854,1865,1.0000,1,NULL,NULL,8,5492,1),(5493,1855,1865,1.0000,1,NULL,NULL,8,5493,1),(5494,1856,1865,1.0000,1,NULL,NULL,8,5494,1),(5495,650,1866,1.0000,1,NULL,NULL,8,5495,1),(5496,651,1866,1.0000,1,NULL,NULL,8,5496,1),(5497,656,1866,1.0000,1,NULL,NULL,8,5497,1),(5498,657,1866,1.0000,1,NULL,NULL,8,5498,1),(5499,1848,1866,1.0000,1,NULL,NULL,8,5499,1),(5500,1851,1866,1.0000,1,NULL,NULL,8,5500,1),(5501,1854,1866,1.0000,1,NULL,NULL,8,5501,1),(5502,1855,1866,1.0000,1,NULL,NULL,8,5502,1),(5503,1856,1866,1.0000,1,NULL,NULL,8,5503,1),(5504,650,1867,1.0000,1,NULL,NULL,8,5504,1),(5505,651,1867,1.0000,1,NULL,NULL,8,5505,1),(5506,656,1867,1.0000,1,NULL,NULL,8,5506,1),(5507,657,1867,1.0000,1,NULL,NULL,8,5507,1),(5508,1848,1867,1.0000,1,NULL,NULL,8,5508,1),(5509,1851,1867,1.0000,1,NULL,NULL,8,5509,1),(5510,1854,1867,1.0000,1,NULL,NULL,8,5510,1),(5511,1855,1867,1.0000,1,NULL,NULL,8,5511,1),(5512,1856,1867,1.0000,1,NULL,NULL,8,5512,1),(5513,1823,1868,1.0000,1,NULL,NULL,8,5513,1),(5514,1847,1868,1.0000,1,NULL,NULL,8,5514,1),(5515,1849,1868,1.0000,1,NULL,NULL,8,5515,1),(5516,1850,1868,1.0000,1,NULL,NULL,8,5516,1),(5517,1858,1868,1.0000,1,NULL,NULL,8,5517,1),(5518,1860,1868,1.0000,1,NULL,NULL,8,5518,1),(5519,651,1869,1.0000,1,NULL,NULL,8,5519,1),(5520,657,1869,1.0000,1,NULL,NULL,8,5520,1),(5521,1848,1869,1.0000,1,NULL,NULL,8,5521,1),(5522,1851,1869,1.0000,1,NULL,NULL,8,5522,1),(5523,1855,1869,1.0000,1,NULL,NULL,8,5523,1),(5524,1856,1869,1.0000,1,NULL,NULL,8,5524,1),(5525,1823,729,1.0000,1,NULL,11,8,5525,1),(5526,1849,729,1.0000,1,NULL,11,8,5526,1),(5527,649,1870,1.0000,1,NULL,11,8,5527,1),(5528,655,1870,1.0000,1,NULL,11,8,5528,1),(5529,1847,1870,1.0000,1,NULL,11,8,5529,1),(5530,1850,1870,1.0000,1,NULL,11,8,5530,1),(5531,1852,1871,1.0000,1,NULL,11,8,5531,1),(5532,1853,1871,1.0000,1,NULL,11,8,5532,1),(5533,1857,1871,1.0000,1,NULL,11,8,5533,1),(5534,1858,1871,1.0000,1,NULL,11,8,5534,1),(5535,1859,1872,1.0000,1,NULL,11,8,5535,1),(5536,1860,1872,1.0000,1,NULL,11,8,5536,1),(5537,650,1873,1.0000,1,NULL,11,8,5537,1),(5538,656,1873,1.0000,1,NULL,11,8,5538,1),(5539,657,1873,1.0000,1,NULL,11,8,5539,1),(5540,1848,1873,1.0000,1,NULL,11,8,5540,1),(5541,651,1874,1.0000,1,NULL,11,8,5541,1),(5542,1851,1874,1.0000,1,NULL,11,8,5542,1),(5543,1854,1875,1.0000,1,NULL,11,8,5543,1),(5544,1855,1875,1.0000,1,NULL,11,8,5544,1),(5545,1856,1876,1.0000,1,NULL,11,8,5545,1),(5546,646,1877,1.0000,1,NULL,NULL,8,5546,1),(5547,647,1877,1.0000,1,NULL,NULL,8,5547,1),(5548,652,1877,1.0000,1,NULL,NULL,8,5548,1),(5549,653,1877,1.0000,1,NULL,NULL,8,5549,1),(5550,1852,1877,1.0000,1,NULL,NULL,8,5550,1),(5551,1853,1877,1.0000,1,NULL,NULL,8,5551,1),(5552,648,1878,1.0000,1,NULL,NULL,8,5552,1),(5553,649,1878,1.0000,1,NULL,NULL,8,5553,1),(5554,654,1878,1.0000,1,NULL,NULL,8,5554,1),(5555,655,1878,1.0000,1,NULL,NULL,8,5555,1),(5556,1823,1878,1.0000,1,NULL,NULL,8,5556,1),(5557,1847,1878,1.0000,1,NULL,NULL,8,5557,1),(5558,1849,1878,1.0000,1,NULL,NULL,8,5558,1),(5559,1850,1878,1.0000,1,NULL,NULL,8,5559,1),(5560,1857,1878,1.0000,1,NULL,NULL,8,5560,1),(5561,1858,1878,1.0000,1,NULL,NULL,8,5561,1),(5562,1859,1878,1.0000,1,NULL,NULL,8,5562,1),(5563,1860,1878,1.0000,1,NULL,NULL,8,5563,1),(5564,647,1879,1.0000,1,NULL,NULL,8,5564,1),(5565,648,1879,1.0000,1,NULL,NULL,8,5565,1),(5566,649,1879,1.0000,1,NULL,NULL,8,5566,1),(5567,650,1879,1.0000,1,NULL,NULL,8,5567,1),(5568,651,1879,1.0000,1,NULL,NULL,8,5568,1),(5569,653,1879,1.0000,1,NULL,NULL,8,5569,1),(5570,654,1879,1.0000,1,NULL,NULL,8,5570,1),(5571,655,1879,1.0000,1,NULL,NULL,8,5571,1),(5572,656,1879,1.0000,1,NULL,NULL,8,5572,1),(5573,657,1879,1.0000,1,NULL,NULL,8,5573,1),(5574,1823,1879,1.0000,1,NULL,NULL,8,5574,1),(5575,1847,1879,1.0000,1,NULL,NULL,8,5575,1),(5576,1848,1879,1.0000,1,NULL,NULL,8,5576,1),(5577,1849,1879,1.0000,1,NULL,NULL,8,5577,1),(5578,1850,1879,1.0000,1,NULL,NULL,8,5578,1),(5579,1851,1879,1.0000,1,NULL,NULL,8,5579,1),(5580,1853,1879,1.0000,1,NULL,NULL,8,5580,1),(5581,1854,1879,1.0000,1,NULL,NULL,8,5581,1),(5582,1855,1879,1.0000,1,NULL,NULL,8,5582,1),(5583,1856,1879,1.0000,1,NULL,NULL,8,5583,1),(5584,1857,1879,1.0000,1,NULL,NULL,8,5584,1),(5585,1858,1879,1.0000,1,NULL,NULL,8,5585,1),(5586,1859,1879,1.0000,1,NULL,NULL,8,5586,1),(5587,1860,1879,1.0000,1,NULL,NULL,8,5587,1),(5588,647,1880,1.0000,1,NULL,NULL,8,5588,1),(5589,648,1880,1.0000,1,NULL,NULL,8,5589,1),(5590,649,1880,1.0000,1,NULL,NULL,8,5590,1),(5591,650,1880,1.0000,1,NULL,NULL,8,5591,1),(5592,651,1880,1.0000,1,NULL,NULL,8,5592,1),(5593,653,1880,1.0000,1,NULL,NULL,8,5593,1),(5594,654,1880,1.0000,1,NULL,NULL,8,5594,1),(5595,655,1880,1.0000,1,NULL,NULL,8,5595,1),(5596,656,1880,1.0000,1,NULL,NULL,8,5596,1),(5597,657,1880,1.0000,1,NULL,NULL,8,5597,1),(5598,1823,1880,1.0000,1,NULL,NULL,8,5598,1),(5599,1847,1880,1.0000,1,NULL,NULL,8,5599,1),(5600,1848,1880,1.0000,1,NULL,NULL,8,5600,1),(5601,1849,1880,1.0000,1,NULL,NULL,8,5601,1),(5602,1850,1880,1.0000,1,NULL,NULL,8,5602,1),(5603,1851,1880,1.0000,1,NULL,NULL,8,5603,1),(5604,1853,1880,1.0000,1,NULL,NULL,8,5604,1),(5605,1854,1880,1.0000,1,NULL,NULL,8,5605,1),(5606,1855,1880,1.0000,1,NULL,NULL,8,5606,1),(5607,1856,1880,1.0000,1,NULL,NULL,8,5607,1),(5608,1857,1880,1.0000,1,NULL,NULL,8,5608,1),(5609,1858,1880,1.0000,1,NULL,NULL,8,5609,1),(5610,1859,1880,1.0000,1,NULL,NULL,8,5610,1),(5611,1860,1880,1.0000,1,NULL,NULL,8,5611,1),(5612,1823,723,1.0000,1,NULL,12,8,5612,1),(5613,1847,723,1.0000,1,NULL,12,8,5613,1),(5614,1848,723,1.0000,1,NULL,12,8,5614,1),(5615,1849,723,1.0000,1,NULL,12,8,5615,1),(5616,1850,723,1.0000,1,NULL,12,8,5616,1),(5617,1851,723,1.0000,1,NULL,12,8,5617,1),(5618,1852,723,1.0000,1,NULL,12,8,5618,1),(5619,1853,723,1.0000,1,NULL,12,8,5619,1),(5620,1854,723,1.0000,1,NULL,12,8,5620,1),(5621,1855,723,1.0000,1,NULL,12,8,5621,1),(5622,1856,723,1.0000,1,NULL,12,8,5622,1),(5623,1857,723,1.0000,1,NULL,12,8,5623,1),(5624,1858,723,1.0000,1,NULL,12,8,5624,1),(5625,1859,723,1.0000,1,NULL,12,8,5625,1),(5626,1860,723,1.0000,1,NULL,12,8,5626,1),(5627,1823,724,1.0000,1,NULL,11,8,5627,1),(5628,1847,724,1.0000,1,NULL,11,8,5628,1),(5629,1852,724,1.0000,1,NULL,11,8,5629,1),(5630,1853,724,1.0000,1,NULL,11,8,5630,1),(5631,1857,724,1.0000,1,NULL,11,8,5631,1),(5632,1858,724,1.0000,1,NULL,11,8,5632,1),(5633,1859,724,1.0000,1,NULL,11,8,5633,1),(5634,1860,724,1.0000,1,NULL,11,8,5634,1),(5635,657,728,1.0000,1,NULL,11,8,5635,1),(5636,1823,728,1.0000,1,NULL,11,8,5636,1),(5637,1847,728,1.0000,1,NULL,11,8,5637,1),(5638,1848,728,1.0000,1,NULL,11,8,5638,1),(5639,1849,728,1.0000,1,NULL,11,8,5639,1),(5640,1850,728,1.0000,1,NULL,11,8,5640,1),(5641,1851,728,1.0000,1,NULL,11,8,5641,1),(5642,1852,728,1.0000,1,NULL,11,8,5642,1),(5643,1853,728,1.0000,1,NULL,11,8,5643,1),(5644,1854,728,1.0000,1,NULL,11,8,5644,1),(5645,1855,728,1.0000,1,NULL,11,8,5645,1),(5646,1856,728,1.0000,1,NULL,11,8,5646,1),(5647,1857,728,1.0000,1,NULL,11,8,5647,1),(5648,1858,728,1.0000,1,NULL,11,8,5648,1),(5649,1859,728,1.0000,1,NULL,11,8,5649,1),(5650,1860,728,1.0000,1,NULL,11,8,5650,1),(5651,1823,862,1.0000,1,NULL,13,8,5651,1),(5652,1847,862,1.0000,1,NULL,13,8,5652,1),(5653,1848,862,1.0000,1,NULL,13,8,5653,1),(5654,1849,862,1.0000,1,NULL,13,8,5654,1),(5655,1850,862,1.0000,1,NULL,13,8,5655,1),(5656,1851,862,1.0000,1,NULL,13,8,5656,1),(5657,1852,862,1.0000,1,NULL,13,8,5657,1),(5658,1853,862,1.0000,1,NULL,13,8,5658,1),(5659,1854,862,1.0000,1,NULL,13,8,5659,1),(5660,1855,862,1.0000,1,NULL,13,8,5660,1),(5661,1856,862,1.0000,1,NULL,13,8,5661,1),(5662,1857,862,1.0000,1,NULL,13,8,5662,1),(5663,1858,862,1.0000,1,NULL,13,8,5663,1),(5664,1859,862,1.0000,1,NULL,13,8,5664,1),(5665,1860,862,1.0000,1,NULL,13,8,5665,1),(5666,1823,863,1.0000,1,NULL,13,8,5666,1),(5667,1847,863,1.0000,1,NULL,13,8,5667,1),(5668,1848,863,1.0000,1,NULL,13,8,5668,1),(5669,1849,863,1.0000,1,NULL,13,8,5669,1),(5670,1850,863,1.0000,1,NULL,13,8,5670,1),(5671,1851,863,1.0000,1,NULL,13,8,5671,1),(5672,1852,863,1.0000,1,NULL,13,8,5672,1),(5673,1853,863,1.0000,1,NULL,13,8,5673,1),(5674,1854,863,1.0000,1,NULL,13,8,5674,1),(5675,1855,863,1.0000,1,NULL,13,8,5675,1),(5676,1856,863,1.0000,1,NULL,13,8,5676,1),(5677,1857,863,1.0000,1,NULL,13,8,5677,1),(5678,1858,863,1.0000,1,NULL,13,8,5678,1),(5679,1859,863,1.0000,1,NULL,13,8,5679,1),(5680,1860,863,1.0000,1,NULL,13,8,5680,1),(5681,1823,1820,1.0000,1,158760,11,NULL,5681,1),(5682,1847,1820,1.0000,1,158760,11,NULL,5682,1),(5683,1848,1820,1.0000,1,158760,11,NULL,5683,1),(5684,1849,1820,1.0000,1,158760,11,NULL,5684,1),(5685,1850,1820,1.0000,1,158760,11,NULL,5685,1),(5686,1851,1820,1.0000,1,158760,11,NULL,5686,1),(5687,1852,1820,1.0000,1,158760,11,NULL,5687,1),(5688,1853,1820,1.0000,1,158760,11,NULL,5688,1),(5689,1854,1820,1.0000,1,158760,11,NULL,5689,1),(5690,1855,1820,1.0000,1,158760,11,NULL,5690,1),(5691,1856,1820,1.0000,1,158760,11,NULL,5691,1),(5692,1857,1820,1.0000,1,158760,11,NULL,5692,1),(5693,1858,1820,1.0000,1,158760,11,NULL,5693,1),(5694,1859,1820,1.0000,1,158760,11,NULL,5694,1),(5695,1860,1820,1.0000,1,158760,11,NULL,5695,1),(5696,1823,1821,1.0000,1,158760,11,NULL,5696,1),(5697,1847,1821,1.0000,1,158760,11,NULL,5697,1),(5698,1848,1821,1.0000,1,158760,11,NULL,5698,1),(5699,1849,1821,1.0000,1,158760,11,NULL,5699,1),(5700,1850,1821,1.0000,1,158760,11,NULL,5700,1),(5701,1851,1821,1.0000,1,158760,11,NULL,5701,1),(5702,1852,1821,1.0000,1,158760,11,NULL,5702,1),(5703,1853,1821,1.0000,1,158760,11,NULL,5703,1),(5704,1854,1821,1.0000,1,158760,11,NULL,5704,1),(5705,1855,1821,1.0000,1,158760,11,NULL,5705,1),(5706,1856,1821,1.0000,1,158760,11,NULL,5706,1),(5707,1857,1821,1.0000,1,158760,11,NULL,5707,1),(5708,1858,1821,1.0000,1,158760,11,NULL,5708,1),(5709,1859,1821,1.0000,1,158760,11,NULL,5709,1),(5710,1860,1821,1.0000,1,158760,11,NULL,5710,1),(5711,1848,726,1.0000,1,NULL,12,8,5711,1),(5712,1854,726,1.0000,1,NULL,12,8,5712,1),(5713,1855,726,1.0000,1,NULL,12,8,5713,1),(5714,1856,726,1.0000,1,NULL,12,8,5714,1),(5715,647,857,1.0000,1,NULL,12,8,5715,1),(5716,1823,857,1.0000,1,NULL,12,8,5716,1),(5717,1847,857,1.0000,1,NULL,12,8,5717,1),(5718,1849,857,1.0000,1,NULL,12,8,5718,1),(5719,1850,857,1.0000,1,NULL,12,8,5719,1),(5720,1853,857,1.0000,1,NULL,12,8,5720,1),(5721,1857,857,1.0000,1,NULL,12,8,5721,1),(5722,1858,857,1.0000,1,NULL,12,8,5722,1),(5723,1859,857,1.0000,1,NULL,12,8,5723,1),(5724,1860,857,1.0000,1,NULL,12,8,5724,1),(5725,1860,1881,1.0000,1,NULL,NULL,8,5725,1),(5726,1849,860,1.0000,1,NULL,12,8,5726,1),(5727,1850,860,1.0000,1,NULL,12,8,5727,1),(5728,1851,860,1.0000,1,NULL,12,8,5728,1),(5729,653,858,1.0000,1,NULL,12,8,5729,1),(5730,1849,861,1.0000,1,NULL,11,8,5730,1),(5731,1850,861,1.0000,1,NULL,11,8,5731,1),(5732,1851,861,1.0000,1,NULL,11,8,5732,1),(5733,1848,866,1.0000,1,NULL,NULL,8,5733,1),(5734,1851,866,1.0000,1,NULL,NULL,8,5734,1),(5735,1855,866,1.0000,1,NULL,NULL,8,5735,1),(5736,1856,866,1.0000,1,NULL,NULL,8,5736,1),(5737,1848,867,1.0000,1,NULL,NULL,8,5737,1),(5738,1851,867,1.0000,1,NULL,NULL,8,5738,1),(5739,1855,867,1.0000,1,NULL,NULL,8,5739,1),(5740,1856,867,1.0000,1,NULL,NULL,8,5740,1),(5741,1848,868,1.0000,1,NULL,NULL,8,5741,1),(5742,1851,868,1.0000,1,NULL,NULL,8,5742,1),(5743,1855,868,1.0000,1,NULL,NULL,8,5743,1),(5744,1856,868,1.0000,1,NULL,NULL,8,5744,1),(5745,1848,869,1.0000,1,NULL,NULL,8,5745,1),(5746,1851,869,1.0000,1,NULL,NULL,8,5746,1),(5747,1855,869,1.0000,1,NULL,NULL,8,5747,1),(5748,1856,869,1.0000,1,NULL,NULL,8,5748,1),(5749,1848,870,1.0000,1,NULL,NULL,8,5749,1),(5750,1851,870,1.0000,1,NULL,NULL,8,5750,1),(5751,1855,870,1.0000,1,NULL,NULL,8,5751,1),(5752,1856,870,1.0000,1,NULL,NULL,8,5752,1),(5753,1849,725,1.0000,1,NULL,13,8,5753,1),(5754,1850,725,1.0000,1,NULL,13,8,5754,1),(5756,1055,1883,1.0000,1,NULL,NULL,8,5756,1),(5757,1062,1883,1.0000,1,NULL,NULL,8,5757,1),(5758,1055,1884,1.0000,1,NULL,NULL,8,5758,1),(5759,1062,1884,1.0000,1,NULL,NULL,8,5759,1),(5760,1055,1885,1.0000,1,NULL,NULL,8,5760,1),(5761,1062,1885,1.0000,1,NULL,NULL,8,5761,1),(5762,1056,1886,1.0000,1,NULL,11,8,5762,1),(5763,1058,1886,1.0000,1,NULL,11,8,5763,1),(5764,1063,1886,1.0000,1,NULL,11,8,5764,1),(5765,1065,1886,1.0000,1,NULL,11,8,5765,1),(5766,1055,1887,1.0000,1,NULL,11,8,5766,1),(5767,1062,1887,1.0000,1,NULL,11,8,5767,1),(5768,1055,1888,1.0000,1,NULL,11,8,5768,1),(5769,1062,1888,1.0000,1,NULL,11,8,5769,1),(5770,NULL,1889,NULL,NULL,NULL,NULL,NULL,NULL,1),(5771,NULL,1890,NULL,NULL,NULL,NULL,NULL,NULL,1),(5772,2029,1891,1.0000,1,32665,35,51,5772,1),(5774,1118,1893,1.0000,1,NULL,NULL,53,5774,1),(5775,1119,1893,1.0000,1,NULL,NULL,53,5775,1),(5776,1117,1893,1.0000,1,NULL,NULL,53,5776,1),(5777,1120,1893,1.0000,1,NULL,NULL,53,5777,1),(5778,1121,1893,1.0000,1,NULL,NULL,53,5778,1),(5779,1122,1894,1.0000,1,NULL,NULL,53,5779,1),(5780,1118,1895,1.0000,1,NULL,11,53,5780,1),(5781,1119,1895,1.0000,1,NULL,11,53,5781,1),(5782,1117,1895,1.0000,1,NULL,11,53,5782,1),(5783,1120,1895,1.0000,1,NULL,11,53,5783,1),(5784,1121,1895,1.0000,1,NULL,11,53,5784,1),(5785,1122,1895,1.0000,1,NULL,11,53,5785,1),(5786,1118,1896,1.0000,1,NULL,NULL,53,5786,1),(5787,1119,1896,1.0000,1,NULL,NULL,53,5787,1),(5788,1117,1896,1.0000,1,NULL,NULL,53,5788,1),(5789,1120,1896,1.0000,1,NULL,NULL,53,5789,1),(5790,1121,1896,1.0000,1,NULL,NULL,53,5790,1),(5791,1122,1896,1.0000,1,NULL,NULL,53,5791,1),(5792,1118,1897,2.0000,1,NULL,NULL,53,5792,1),(5793,1117,1897,2.0000,1,NULL,NULL,53,5793,1),(5794,1120,1897,2.0000,1,NULL,NULL,53,5794,1),(5795,1121,1897,2.0000,1,NULL,NULL,53,5795,1),(5796,1122,1897,2.0000,1,NULL,NULL,53,5796,1),(5797,1122,1898,1.0000,1,NULL,NULL,53,5797,1),(5798,1119,1899,1.0000,1,NULL,NULL,53,5798,1),(5799,1118,1900,1.0000,1,NULL,NULL,53,5799,1),(5800,1117,1900,1.0000,1,NULL,NULL,53,5800,1),(5801,1120,1900,1.0000,1,NULL,NULL,53,5801,1),(5802,1121,1900,1.0000,1,NULL,NULL,53,5802,1),(5803,1122,1900,1.0000,1,NULL,NULL,53,5803,1),(5804,1118,1901,16.0000,1,NULL,NULL,110,5804,1),(5805,1119,1901,16.0000,1,NULL,NULL,110,5805,1),(5806,1117,1901,16.0000,1,NULL,NULL,110,5806,1),(5807,1120,1901,16.0000,1,NULL,NULL,110,5807,1),(5808,1121,1901,16.0000,1,NULL,NULL,110,5808,1),(5809,1122,1901,16.0000,1,NULL,NULL,110,5809,1),(5810,1118,1902,1.0000,1,NULL,NULL,11,5810,1),(5811,1121,1903,1.0000,1,NULL,NULL,11,5811,1),(5812,1120,1904,1.0000,1,NULL,NULL,11,5812,1),(5813,1121,1904,1.0000,1,NULL,NULL,11,5813,1),(5814,1118,1905,10.0000,1,NULL,NULL,53,5814,1),(5815,1119,1905,10.0000,1,NULL,NULL,53,5815,1),(5816,1117,1905,10.0000,1,NULL,NULL,53,5816,1),(5817,1120,1905,10.0000,1,NULL,NULL,53,5817,1),(5818,1121,1905,10.0000,1,NULL,NULL,53,5818,1),(5819,1122,1905,10.0000,1,NULL,NULL,53,5819,1),(5820,1118,1906,8.0000,1,NULL,NULL,53,5820,1),(5821,1119,1906,8.0000,1,NULL,NULL,53,5821,1),(5822,1117,1906,8.0000,1,NULL,NULL,53,5822,1),(5823,1120,1906,14.0000,1,NULL,NULL,53,5823,1),(5824,1121,1906,14.0000,1,NULL,NULL,53,5824,1),(5825,1122,1906,14.0000,1,NULL,NULL,53,5825,1),(5826,1118,1907,1.0000,1,NULL,NULL,11,5826,1),(5827,1118,1908,1.0000,1,NULL,12,53,5827,1),(5828,1119,1908,1.0000,1,NULL,12,53,5828,1),(5829,1117,1908,1.0000,1,NULL,12,53,5829,1),(5830,1120,1908,1.0000,1,NULL,12,53,5830,1),(5831,1121,1908,1.0000,1,NULL,12,53,5831,1),(5832,1122,1908,1.0000,1,NULL,12,53,5832,1),(5833,1118,1475,6.0000,1,NULL,NULL,53,5833,1),(5834,1119,1475,6.0000,1,NULL,NULL,53,5834,1),(5835,1117,1475,6.0000,1,NULL,NULL,53,5835,1),(5836,1120,1475,8.0000,1,NULL,NULL,53,5836,1),(5837,1121,1475,8.0000,1,NULL,NULL,53,5837,1),(5838,1122,1475,8.0000,1,NULL,NULL,53,5838,1),(5839,1120,1420,2.0000,1,NULL,NULL,53,5839,1),(5840,1121,1420,2.0000,1,NULL,NULL,53,5840,1),(5841,1122,1420,2.0000,1,NULL,NULL,53,5841,1),(5842,1122,1909,2.0000,7,NULL,NULL,53,5842,1),(5843,1120,921,2.0000,1,NULL,NULL,53,5843,1),(5844,1121,921,2.0000,1,NULL,NULL,53,5844,1),(5845,1122,921,2.0000,1,NULL,NULL,53,5845,1),(5846,1118,1910,1.0000,1,NULL,NULL,11,5846,1),(5847,1119,1910,1.0000,1,NULL,NULL,11,5847,1),(5848,1117,1910,1.0000,1,NULL,NULL,11,5848,1),(5849,1120,1910,1.0000,1,NULL,NULL,11,5849,1),(5850,1121,1910,1.0000,1,NULL,NULL,11,5850,1),(5851,1122,1910,1.0000,1,NULL,NULL,11,5851,1),(5852,1118,1911,8.0000,1,NULL,NULL,53,5852,1),(5853,1119,1911,8.0000,1,NULL,NULL,53,5853,1),(5854,1117,1911,8.0000,1,NULL,NULL,53,5854,1),(5855,1120,1911,8.0000,1,NULL,NULL,53,5855,1),(5856,1121,1911,8.0000,1,NULL,NULL,53,5856,1),(5857,1122,1911,8.0000,1,NULL,NULL,53,5857,1),(5858,826,1912,1.0000,1,NULL,12,53,5858,1),(5859,827,1912,1.0000,1,NULL,12,53,5859,1),(5860,829,1912,1.0000,1,NULL,12,53,5860,1),(5861,830,1912,1.0000,1,NULL,12,53,5861,1),(5862,831,1912,1.0000,1,NULL,12,53,5862,1),(5863,831,923,1.0000,1,NULL,11,57,5863,1),(5864,826,1913,1.0000,1,NULL,NULL,53,5864,1),(5865,827,1913,1.0000,1,NULL,NULL,53,5865,1),(5866,830,1913,1.0000,1,NULL,NULL,53,5866,1),(5867,831,1913,1.0000,1,NULL,NULL,53,5867,1),(5868,825,1894,1.0000,1,NULL,NULL,53,5868,1),(5869,826,1894,1.0000,1,NULL,NULL,53,5869,1),(5870,828,1894,1.0000,1,NULL,NULL,53,5870,1),(5871,829,1894,1.0000,1,NULL,NULL,53,5871,1),(5872,831,1894,1.0000,1,NULL,NULL,53,5872,1),(5873,827,1893,1.0000,1,NULL,NULL,53,5873,1),(5874,830,1893,1.0000,1,NULL,NULL,53,5874,1),(5875,826,1914,4.0000,1,NULL,NULL,53,5875,1),(5876,827,1914,4.0000,1,NULL,NULL,53,5876,1),(5877,829,1914,4.0000,1,NULL,NULL,53,5877,1),(5878,830,1914,4.0000,1,NULL,NULL,53,5878,1),(5879,831,1914,4.0000,1,NULL,NULL,53,5879,1),(5880,826,1915,4.0000,1,NULL,NULL,53,5880,1),(5881,827,1915,4.0000,1,NULL,NULL,53,5881,1),(5882,829,1915,4.0000,1,NULL,NULL,53,5882,1),(5883,830,1915,4.0000,1,NULL,NULL,53,5883,1),(5884,831,1915,4.0000,1,NULL,NULL,53,5884,1),(5885,831,1916,1.0000,1,NULL,NULL,12,5885,1),(5886,831,1472,6.0000,1,NULL,NULL,12,5886,1),(5887,825,1917,2.0000,1,NULL,NULL,NULL,5887,1),(5888,826,1917,2.0000,1,NULL,NULL,NULL,5888,1),(5889,827,1917,2.0000,1,NULL,NULL,NULL,5889,1),(5890,828,1917,2.0000,1,NULL,NULL,NULL,5890,1),(5891,829,1917,2.0000,1,NULL,NULL,NULL,5891,1),(5892,830,1917,2.0000,1,NULL,NULL,NULL,5892,1),(5893,831,1917,2.0000,1,NULL,NULL,NULL,5893,1),(5894,211,1918,2.3400,7,54050,NULL,36,5894,1),(5895,215,1918,5.6600,7,71675,NULL,36,5895,1),(5896,221,1918,0.0150,7,71675,NULL,36,5896,1),(5897,231,1918,5.6100,7,168025,NULL,36,5897,1),(5898,264,1918,1.7100,7,239700,NULL,36,5898,1),(5899,265,1918,1.3200,7,165675,NULL,36,5899,1),(5900,268,1918,1.0200,7,74025,NULL,36,5900,1),(5901,987,1919,2.0000,1,1052000,33,NULL,5901,1),(5902,996,1920,16.0000,1,900288,NULL,NULL,5902,1),(5903,325,1921,NULL,1,225072,23,NULL,5903,1),(5904,325,1922,NULL,1,47932,23,NULL,5904,1),(5905,325,1923,NULL,1,191728,23,NULL,5905,1),(5906,1921,1920,16.0000,1,NULL,NULL,NULL,5906,1),(5907,1922,1920,16.0000,1,NULL,NULL,NULL,5907,1),(5908,1923,1920,16.0000,1,NULL,NULL,NULL,5908,1),(5909,1921,1924,1.0000,1,NULL,NULL,NULL,5909,1),(5910,1923,977,1.0000,1,NULL,NULL,NULL,5910,1),(5911,1921,1088,1.0000,1,NULL,NULL,NULL,5911,1),(5912,1922,1925,1.0000,1,NULL,23,NULL,5912,1),(5913,1923,1925,1.0000,1,NULL,23,NULL,5913,1),(5914,325,1926,NULL,1,1313,33,NULL,5914,1),(5915,325,1927,NULL,1,1813,33,NULL,5915,1),(5916,325,1928,NULL,1,875,23,NULL,5916,1),(5917,325,1929,NULL,1,1209,33,NULL,5917,1),(5918,325,1930,NULL,1,656,33,NULL,5918,1),(5919,325,1931,NULL,1,907,33,NULL,5919,1),(5921,1643,1932,1.0000,1,NULL,NULL,8,5921,1),(5923,1650,1932,1.0000,1,NULL,NULL,8,5923,1),(5924,1651,1932,1.0000,1,NULL,NULL,8,5924,1),(5926,1643,1933,1.0000,1,NULL,NULL,8,5926,1),(5929,1648,1933,1.0000,1,NULL,NULL,8,5929,1),(5931,1650,1933,1.0000,1,NULL,NULL,8,5931,1),(5932,1651,1933,1.0000,1,NULL,NULL,8,5932,1),(5937,1648,1932,1.0000,1,NULL,NULL,8,5937,1),(5938,1640,1934,1.0000,1,NULL,NULL,8,5938,1),(5939,1641,1934,1.0000,1,NULL,NULL,8,5939,1),(5940,1642,1934,1.0000,1,NULL,NULL,8,5940,1),(5941,1643,1934,1.0000,1,NULL,NULL,8,5941,1),(5942,1644,1934,1.0000,1,NULL,NULL,8,5942,1),(5943,1645,1934,1.0000,1,NULL,NULL,8,5943,1),(5944,1646,1934,1.0000,1,NULL,NULL,8,5944,1),(5945,1647,1934,1.0000,1,NULL,NULL,8,5945,1),(5946,1648,1934,1.0000,1,NULL,NULL,8,5946,1),(5947,1649,1934,1.0000,1,NULL,NULL,8,5947,1),(5948,1650,1934,1.0000,1,NULL,NULL,8,5948,1),(5949,1651,1934,1.0000,1,NULL,NULL,8,5949,1),(5950,1640,1935,1.0000,1,NULL,NULL,8,5950,1),(5951,1641,1935,1.0000,1,NULL,NULL,8,5951,1),(5952,1642,1935,1.0000,1,NULL,NULL,8,5952,1),(5953,1643,1935,1.0000,1,NULL,NULL,8,5953,1),(5954,1644,1935,1.0000,1,NULL,NULL,8,5954,1),(5955,1645,1935,1.0000,1,NULL,NULL,8,5955,1),(5956,1646,1935,1.0000,1,NULL,NULL,8,5956,1),(5957,1647,1935,1.0000,1,NULL,NULL,8,5957,1),(5958,1648,1935,1.0000,1,NULL,NULL,8,5958,1),(5959,1649,1935,1.0000,1,NULL,NULL,8,5959,1),(5960,1650,1935,1.0000,1,NULL,NULL,8,5960,1),(5961,1651,1935,1.0000,1,NULL,NULL,8,5961,1),(5962,NULL,1936,1.0000,NULL,39000,7,121,NULL,1),(5963,NULL,1937,1.0000,NULL,129240,7,122,NULL,1),(5964,661,1938,NULL,1,218607,11,2,5964,1),(5966,1938,1940,1.0000,1,NULL,11,NULL,5966,1),(5967,1940,1941,NULL,7,NULL,NULL,11,5967,1),(5968,1938,1942,1.0000,1,NULL,NULL,NULL,5968,1),(5969,1938,1943,1.0000,1,NULL,NULL,11,5969,1),(5970,1943,1944,4.0000,1,NULL,NULL,NULL,5970,1),(5971,1824,1945,1.0000,1,40800,31,NULL,5971,1),(5972,1824,1946,1.0000,1,40800,31,NULL,5972,1),(5973,1824,1947,1.0000,1,40800,31,NULL,5973,1),(5974,NULL,1948,1.0000,NULL,80000,NULL,NULL,NULL,1),(5975,1825,1949,1.0000,1,98000,111,NULL,5975,1),(5976,1825,1950,1.0000,1,98000,111,NULL,5976,1),(5977,1825,1951,1.0000,1,58800,111,NULL,5977,1),(5978,1825,1952,1.0000,1,58800,111,NULL,5978,1),(5979,1950,1953,1.0000,1,98000,111,NULL,5979,1),(5980,1950,1954,1.0000,1,98000,111,NULL,5980,1),(5982,1825,1956,1.0000,1,39200,111,NULL,5982,1),(5983,1825,1957,1.0000,1,39200,111,NULL,5983,1),(5984,1948,1958,1.0000,1,66000,111,NULL,5984,1),(5985,1948,1959,1.0000,1,14000,111,NULL,5985,1),(5986,1948,1960,1.0000,1,14000,111,NULL,5986,1),(5987,1948,1961,1.0000,1,66000,111,NULL,5987,1),(5988,1767,1962,1.0000,1,NULL,30,68,5988,1),(5989,1767,1963,1.0000,1,NULL,30,68,5989,1),(5991,1767,1965,1.0000,1,NULL,30,68,5991,1),(5992,1767,1966,1.0000,1,NULL,30,68,5992,1),(5993,1513,1967,1.0000,1,NULL,11,8,5993,1),(5994,1962,1968,1.0000,1,NULL,30,30,5994,1),(5995,1963,1968,1.0000,1,NULL,30,30,5995,1),(5996,1965,1968,1.0000,1,NULL,30,30,5996,1),(5997,1966,1968,1.0000,1,NULL,30,30,5997,1),(5998,1962,1969,1.0000,1,NULL,31,30,5998,1),(5999,1963,1969,1.0000,1,NULL,31,30,5999,1),(6000,1965,1969,1.0000,1,NULL,31,30,6000,1),(6001,1966,1969,1.0000,1,NULL,31,30,6001,1),(6002,1962,1970,1.0000,1,NULL,31,30,6002,1),(6003,1963,1970,1.0000,1,NULL,31,30,6003,1),(6004,1965,1970,1.0000,1,NULL,31,30,6004,1),(6005,1966,1970,1.0000,1,NULL,31,30,6005,1),(6006,1962,1971,1.0000,1,NULL,31,30,6006,1),(6007,1963,1971,1.0000,1,NULL,31,30,6007,1),(6008,1965,1971,1.0000,1,NULL,31,30,6008,1),(6009,1966,1971,1.0000,1,NULL,31,30,6009,1),(6010,1962,1972,1.0000,1,NULL,30,30,6010,1),(6011,1963,1972,1.0000,1,NULL,30,30,6011,1),(6012,1965,1972,1.0000,1,NULL,30,30,6012,1),(6013,1966,1972,1.0000,1,NULL,30,30,6013,1),(6014,1963,1973,1.0000,1,NULL,31,30,6014,1),(6015,1966,1973,1.0000,1,NULL,31,30,6015,1),(6016,1962,1974,1.0000,1,NULL,30,30,6016,1),(6017,1963,1974,1.0000,1,NULL,30,30,6017,1),(6018,1965,1974,1.0000,1,NULL,30,30,6018,1),(6019,1966,1974,1.0000,1,NULL,30,30,6019,1),(6020,1962,1975,1.0000,1,NULL,30,30,6020,1),(6021,1963,1975,1.0000,1,NULL,30,30,6021,1),(6022,1965,1975,1.0000,1,NULL,30,30,6022,1),(6023,1966,1975,1.0000,1,NULL,30,30,6023,1),(6024,1962,1976,1.0000,1,NULL,NULL,30,6024,1),(6025,1963,1976,1.0000,1,NULL,NULL,30,6025,1),(6026,1965,1976,1.0000,1,NULL,NULL,30,6026,1),(6027,1966,1976,1.0000,1,NULL,NULL,30,6027,1),(6028,1962,1977,1.0000,1,NULL,NULL,30,6028,1),(6029,1963,1977,1.0000,1,NULL,NULL,30,6029,1),(6030,1965,1977,1.0000,1,NULL,NULL,30,6030,1),(6031,1966,1977,1.0000,1,NULL,NULL,30,6031,1),(6032,1962,1978,1.0000,1,NULL,NULL,30,6032,1),(6033,1963,1978,1.0000,1,NULL,NULL,30,6033,1),(6034,1965,1978,1.0000,1,NULL,NULL,30,6034,1),(6035,1966,1978,1.0000,1,NULL,NULL,30,6035,1),(6036,1938,1979,1.0000,1,NULL,NULL,11,6036,1),(6037,NULL,1980,NULL,NULL,NULL,NULL,NULL,NULL,1),(6038,1980,1981,1.0000,1,463760,31,NULL,6038,1),(6039,1980,1982,2.0000,1,972520,31,NULL,6039,1),(6040,1980,1983,2.0000,1,368900,31,NULL,6040,1),(6041,1980,1984,2.0000,1,1054000,31,33,6041,1),(6042,1980,1985,1.0000,1,63240,31,NULL,6042,1),(6043,1449,1986,NULL,1,89590,35,NULL,6043,1),(6044,1449,1987,NULL,1,89590,35,NULL,6044,1),(6045,1449,1988,NULL,1,432000,35,NULL,6045,1),(6046,1449,1989,NULL,1,432000,35,NULL,6046,1),(6047,1986,1990,6.0000,1,NULL,NULL,35,6047,1),(6048,1987,1990,6.0000,1,NULL,NULL,35,6048,1),(6049,1988,1990,4.0000,1,NULL,NULL,35,6049,1),(6050,1989,1990,4.0000,1,NULL,NULL,35,6050,1),(6051,1986,1991,1.0000,1,NULL,35,35,6051,1),(6052,1987,1991,1.0000,1,NULL,35,35,6052,1),(6053,1986,1992,1.0000,1,NULL,35,35,6053,1),(6054,1987,1992,1.0000,1,NULL,35,35,6054,1),(6055,NULL,1993,NULL,NULL,NULL,NULL,NULL,NULL,1),(6056,1993,1994,1.0000,1,12700,35,2,6056,1),(6057,1993,1995,1.0000,1,12700,35,2,6056,1),(6058,1993,1996,1.0000,1,12700,35,2,6056,1),(6059,1993,1997,1.0000,1,12700,35,2,6056,1),(6060,1993,1998,1.0000,1,12700,35,2,6060,1),(6061,1993,1999,1.0000,1,12700,35,2,6060,1),(6062,1456,2000,1.0000,1,NULL,NULL,35,6062,1),(6063,1455,2001,2.0000,1,NULL,NULL,35,6063,1),(6064,1456,2001,2.0000,1,NULL,NULL,35,6064,1),(6065,1640,2002,1.0000,1,NULL,NULL,8,6065,1),(6066,1641,2002,1.0000,1,NULL,NULL,8,6066,1),(6067,1642,2002,1.0000,1,NULL,NULL,8,6067,1),(6068,1643,2002,1.0000,1,NULL,NULL,8,6068,1),(6069,1644,2002,1.0000,1,NULL,NULL,8,6069,1),(6070,1645,2002,1.0000,1,NULL,NULL,8,6070,1),(6071,1646,2002,1.0000,1,NULL,NULL,8,6071,1),(6072,1647,2002,1.0000,1,NULL,NULL,8,6072,1),(6073,1648,2002,1.0000,1,NULL,NULL,8,6073,1),(6074,1649,2002,1.0000,1,NULL,NULL,8,6074,1),(6075,1650,2002,1.0000,1,NULL,NULL,8,6075,1),(6076,1651,2002,1.0000,1,NULL,NULL,8,6076,1),(6077,1643,2003,1.0000,1,NULL,NULL,8,6077,1),(6078,1648,2003,1.0000,1,NULL,NULL,8,6078,1),(6079,1650,2004,1.0000,1,NULL,NULL,8,6079,1),(6080,1651,2004,1.0000,1,NULL,NULL,8,6080,1),(6081,1988,2005,1.0000,1,NULL,35,35,6081,1),(6082,1989,2005,1.0000,1,NULL,35,35,6082,1),(6083,1988,2006,1.0000,1,NULL,35,35,6083,1),(6084,1989,2006,1.0000,1,NULL,35,35,6084,1),(6085,1645,2007,1.0000,1,NULL,NULL,8,6085,1),(6086,1646,2007,1.0000,1,NULL,NULL,8,6086,1),(6087,1647,2007,1.0000,1,NULL,NULL,8,6087,1),(6088,1648,2007,1.0000,1,NULL,NULL,8,6088,1),(6089,1649,2007,1.0000,1,NULL,NULL,8,6089,1),(6090,1651,2007,1.0000,1,NULL,NULL,8,6090,1),(6091,1640,1666,1.0000,1,NULL,NULL,8,6091,1),(6092,1641,1666,1.0000,1,NULL,NULL,8,6092,1),(6093,1642,1666,1.0000,1,NULL,NULL,8,6093,1),(6094,1643,1666,1.0000,1,NULL,NULL,8,6094,1),(6095,1645,1666,1.0000,1,NULL,NULL,8,6095,1),(6096,1646,1666,1.0000,1,NULL,NULL,8,6096,1),(6097,1647,1666,1.0000,1,NULL,NULL,8,6097,1),(6098,1648,1666,1.0000,1,NULL,NULL,8,6098,1),(6099,1640,1667,1.0000,1,NULL,NULL,8,6099,1),(6100,1641,1667,1.0000,1,NULL,NULL,8,6100,1),(6101,1642,1667,1.0000,1,NULL,NULL,8,6101,1),(6102,1643,1667,1.0000,1,NULL,NULL,8,6102,1),(6103,1645,1667,1.0000,1,NULL,NULL,8,6103,1),(6104,1646,1667,1.0000,1,NULL,NULL,8,6104,1),(6105,1647,1667,1.0000,1,NULL,NULL,8,6105,1),(6106,1648,1667,1.0000,1,NULL,NULL,8,6106,1),(6107,1640,1668,1.0000,1,NULL,NULL,8,6107,1),(6108,1641,1668,1.0000,1,NULL,NULL,8,6108,1),(6109,1642,1668,1.0000,1,NULL,NULL,8,6109,1),(6110,1643,1668,1.0000,1,NULL,NULL,8,6110,1),(6111,1645,1668,1.0000,1,NULL,NULL,8,6111,1),(6112,1646,1668,1.0000,1,NULL,NULL,8,6112,1),(6113,1647,1668,1.0000,1,NULL,NULL,8,6113,1),(6114,1648,1668,1.0000,1,NULL,NULL,8,6114,1),(6115,1640,1669,1.0000,1,NULL,NULL,8,6115,1),(6116,1641,1669,1.0000,1,NULL,NULL,8,6116,1),(6117,1642,1669,1.0000,1,NULL,NULL,8,6117,1),(6118,1643,1669,1.0000,1,NULL,NULL,8,6118,1),(6119,1645,1669,1.0000,1,NULL,NULL,8,6119,1),(6120,1646,1669,1.0000,1,NULL,NULL,8,6120,1),(6121,1647,1669,1.0000,1,NULL,NULL,8,6121,1),(6122,1648,1669,1.0000,1,NULL,NULL,8,6122,1),(6123,1640,1670,4.0000,1,NULL,NULL,8,6123,1),(6124,1641,1670,4.0000,1,NULL,NULL,8,6124,1),(6125,1642,1670,4.0000,1,NULL,NULL,8,6125,1),(6126,1643,1670,4.0000,1,NULL,NULL,8,6126,1),(6127,1645,1670,4.0000,1,NULL,NULL,8,6127,1),(6128,1646,1670,4.0000,1,NULL,NULL,8,6128,1),(6129,1647,1670,4.0000,1,NULL,NULL,8,6129,1),(6130,1648,1670,4.0000,1,NULL,NULL,8,6130,1),(6131,1643,2008,1.0000,1,NULL,NULL,8,6131,1),(6132,1648,2008,1.0000,1,NULL,NULL,8,6132,1),(6133,1650,2008,1.0000,1,NULL,NULL,8,6133,1),(6134,1651,2008,1.0000,1,NULL,NULL,8,6134,1),(6135,1644,2009,1.0000,1,NULL,NULL,8,6135,1),(6136,1649,2009,1.0000,1,NULL,NULL,8,6136,1),(6137,1650,2009,1.0000,1,NULL,NULL,8,6137,1),(6138,1651,2009,1.0000,1,NULL,NULL,8,6138,1),(6139,NULL,2010,NULL,NULL,NULL,NULL,NULL,NULL,1),(6140,1643,2011,1.0000,1,NULL,NULL,8,6140,1),(6141,1648,2011,1.0000,1,NULL,NULL,8,6141,1),(6142,1650,2011,1.0000,1,NULL,NULL,8,6142,1),(6143,1651,2011,1.0000,1,NULL,NULL,8,6143,1),(6144,1643,2012,1.0000,1,NULL,NULL,8,6131,1),(6145,1648,2012,1.0000,1,NULL,NULL,8,6132,1),(6146,1650,2012,1.0000,1,NULL,NULL,8,6133,1),(6147,1651,2012,1.0000,1,NULL,NULL,8,6134,1),(6148,1643,2013,1.0000,1,NULL,NULL,8,6140,1),(6149,1648,2013,1.0000,1,NULL,NULL,8,6141,1),(6150,1650,2013,1.0000,1,NULL,NULL,8,6142,1),(6151,1651,2013,1.0000,1,NULL,NULL,8,6143,1),(6156,1642,2014,1.0000,1,NULL,NULL,8,6156,1),(6157,1644,2014,1.0000,1,NULL,NULL,8,6157,1),(6158,1647,2014,1.0000,1,NULL,NULL,8,6158,1),(6159,1649,2014,1.0000,1,NULL,NULL,8,6159,1),(6160,1642,2015,1.0000,1,NULL,NULL,8,6156,1),(6161,1644,2015,1.0000,1,NULL,NULL,8,6157,1),(6162,1647,2015,1.0000,1,NULL,NULL,8,6158,1),(6163,1649,2015,1.0000,1,NULL,NULL,8,6159,1),(6168,1642,2016,1.0000,1,NULL,NULL,8,6168,1),(6169,1644,2016,1.0000,1,NULL,NULL,8,6169,1),(6170,1647,2016,1.0000,1,NULL,NULL,8,6170,1),(6171,1649,2016,1.0000,1,NULL,NULL,8,6171,1),(6172,1575,2017,2.0000,1,NULL,NULL,NULL,6172,1),(6173,1576,2017,2.0000,1,NULL,NULL,NULL,6173,1),(6174,1577,2017,2.0000,1,NULL,NULL,NULL,6174,1),(6175,1578,2017,2.0000,1,NULL,NULL,NULL,6175,1),(6176,NULL,2018,NULL,NULL,NULL,NULL,NULL,NULL,1),(6177,2023,2019,1.0000,1,NULL,42,37,6177,1),(6178,2023,2020,1.0000,1,NULL,NULL,NULL,6178,1),(6179,2023,1095,1.0000,1,NULL,NULL,NULL,6179,1),(6180,2023,2021,NULL,1,NULL,NULL,NULL,6180,1),(6181,2019,2022,NULL,1,NULL,42,NULL,6181,1),(6182,2019,1596,NULL,1,NULL,NULL,NULL,6182,1),(6183,2022,476,NULL,7,NULL,NULL,NULL,6183,1),(6184,2018,2023,NULL,1,NULL,NULL,NULL,6184,1),(6185,2018,2024,NULL,1,NULL,NULL,NULL,6185,1),(6186,2018,2025,NULL,1,NULL,NULL,NULL,6186,1),(6187,2024,2019,1.0000,1,NULL,42,37,6187,1),(6188,2025,2019,1.0000,1,NULL,42,37,6188,1),(6189,2024,2020,1.0000,1,NULL,NULL,NULL,6189,1),(6190,2025,2020,1.0000,1,NULL,NULL,NULL,6190,1),(6191,2024,1141,1.0000,1,NULL,NULL,NULL,6191,1),(6192,2025,1141,1.0000,1,NULL,NULL,NULL,6192,1),(6193,2023,921,1.0000,1,NULL,NULL,NULL,6193,1),(6194,2024,921,1.0000,1,NULL,NULL,NULL,6194,1),(6195,2025,921,1.0000,1,NULL,NULL,NULL,6195,1),(6196,NULL,2026,NULL,NULL,NULL,NULL,NULL,NULL,1),(6201,1890,2029,NULL,1,NULL,NULL,NULL,6201,1),(6202,1890,2030,NULL,1,NULL,NULL,NULL,6202,1),(6203,2026,2031,NULL,1,NULL,NULL,NULL,6203,1),(6204,2026,2032,NULL,1,NULL,NULL,NULL,6204,1),(6205,844,2033,NULL,1,NULL,NULL,NULL,6205,1),(6206,2033,850,NULL,1,NULL,NULL,NULL,6206,1),(6207,850,845,NULL,1,NULL,NULL,NULL,6207,1),(6208,845,851,NULL,1,NULL,NULL,NULL,6208,1),(6209,850,845,NULL,1,NULL,NULL,NULL,6209,1),(6210,850,847,NULL,1,NULL,NULL,NULL,6210,1),(6211,851,847,NULL,1,NULL,NULL,NULL,6211,1),(6212,2033,1027,NULL,1,NULL,NULL,NULL,6212,1),(6213,1508,1462,1.0000,1,NULL,NULL,NULL,6213,1),(6214,1994,801,NULL,1,NULL,NULL,NULL,6214,1),(6216,1131,1130,NULL,1,1234,NULL,NULL,6216,1),(6217,1134,2035,56.0000,1,56,NULL,NULL,6217,1),(6218,1131,2036,1234.0000,1,1234,NULL,NULL,6218,1),(6220,1628,2038,NULL,1,NULL,NULL,NULL,6220,1),(6221,1628,1537,NULL,1,NULL,NULL,NULL,6221,1),(6222,2038,1798,NULL,7,NULL,NULL,NULL,6222,1),(6224,1777,2040,NULL,1,NULL,NULL,NULL,6224,1),(6225,2040,901,2.2000,7,NULL,NULL,NULL,6225,1),(6226,1776,2041,1.0000,1,52666,12,2,5132,1),(6227,2041,386,NULL,7,NULL,NULL,NULL,5165,1),(6228,2041,1783,NULL,7,NULL,NULL,NULL,5166,1),(6229,2041,1434,NULL,7,NULL,NULL,NULL,5167,1),(6230,1083,901,2.3000,7,NULL,NULL,NULL,6230,1),(6231,1083,1528,NULL,1,NULL,NULL,NULL,6231,1);
/*!40000 ALTER TABLE `tblproductxr` ENABLE KEYS */;
UNLOCK TABLES;

--
-- Table structure for table `tblprogramcommon`
--

DROP TABLE IF EXISTS `tblprogramcommon`;
/*!40101 SET @saved_cs_client     = @@character_set_client */;
/*!40101 SET character_set_client = utf8 */;
CREATE TABLE `tblprogramcommon` (
  `intProgramCommonID` int(10) unsigned NOT NULL AUTO_INCREMENT,
  `intTopLevelProductID` int(10) unsigned DEFAULT NULL,
  `intTopLevelFolderID` int(10) unsigned DEFAULT NULL,
  `intCustomerID` int(10) unsigned DEFAULT NULL,
  `intPlatformID` int(10) unsigned DEFAULT NULL,
  `intProgramTypeID` int(10) unsigned DEFAULT NULL,
  `intProgramSubTypeID` int(10) unsigned DEFAULT NULL,
  `strStatus` enum('Unannounced','Pending Approval','Engineering Development','Production','Service','Obsolete') DEFAULT NULL,
  `strRisk` enum('Low Risk','Medium Risk','High Risk') DEFAULT NULL,
  `blnDesignResponsible` tinyint(3) unsigned DEFAULT NULL,
  `blnTakeOver` tinyint(3) unsigned DEFAULT NULL,
  `blnDesignReleased` tinyint(3) unsigned DEFAULT '0',
  `dblModelYear` decimal(5,1) DEFAULT NULL,
  `dblLastModelYear` decimal(5,1) DEFAULT NULL,
  `strQuoteNumber` varchar(30) DEFAULT NULL,
  `strBuyer` varchar(30) DEFAULT NULL,
  `intEngineeringBudget` int(10) unsigned DEFAULT NULL,
  `intCapitalEquipmentBudget` int(10) unsigned DEFAULT NULL,
  `intCapitalPackagingBudget` int(10) unsigned DEFAULT NULL,
  `intToolingBudget` int(10) unsigned DEFAULT NULL,
  `intCurrencyID` int(10) unsigned DEFAULT NULL,
  `txtNotes` text,
  PRIMARY KEY (`intProgramCommonID`),
  KEY `fckProgramCommon1` (`intCustomerID`),
  KEY `fckProgramCommon2` (`intPlatformID`),
  KEY `fckProgramCommon3` (`intProgramTypeID`),
  KEY `fckProgramCommon4` (`intProgramSubTypeID`),
  KEY `fckProgramCommon5` (`intCurrencyID`),
  KEY `fkcProgramCommon6` (`intTopLevelProductID`),
  KEY `fkcProgramCommon7` (`intTopLevelFolderID`),
  CONSTRAINT `fckProgramCommon1` FOREIGN KEY (`intCustomerID`) REFERENCES `tblcustomer` (`intCustomerID`) ON UPDATE CASCADE,
  CONSTRAINT `fckProgramCommon2` FOREIGN KEY (`intPlatformID`) REFERENCES `tblplatform` (`intPlatformID`) ON UPDATE CASCADE,
  CONSTRAINT `fckProgramCommon3` FOREIGN KEY (`intProgramTypeID`) REFERENCES `tblprogramtype` (`intProgramTypeID`) ON UPDATE CASCADE,
  CONSTRAINT `fckProgramCommon4` FOREIGN KEY (`intProgramSubTypeID`) REFERENCES `tblprogramsubtype` (`intProgramSubTypeID`) ON UPDATE CASCADE,
  CONSTRAINT `fckProgramCommon5` FOREIGN KEY (`intCurrencyID`) REFERENCES `tblcurrency` (`intCurrencyID`) ON UPDATE CASCADE,
  CONSTRAINT `fkcProgramCommon6` FOREIGN KEY (`intTopLevelProductID`) REFERENCES `tblproduct` (`intProgramID`) ON DELETE CASCADE ON UPDATE CASCADE,
  CONSTRAINT `fkcProgramCommon7` FOREIGN KEY (`intTopLevelFolderID`) REFERENCES `dbdocument`.`tblfolder` (`intFolderID`) ON DELETE SET NULL ON UPDATE CASCADE
) ENGINE=InnoDB AUTO_INCREMENT=344 DEFAULT CHARSET=latin1;
/*!40101 SET character_set_client = @saved_cs_client */;

--
-- Dumping data for table `tblprogramcommon`
--

LOCK TABLES `tblprogramcommon` WRITE;
/*!40000 ALTER TABLE `tblprogramcommon` DISABLE KEYS */;
INSERT INTO `tblprogramcommon` VALUES (115,115,1109,2,2,1,1,'Production','Low Risk',1,0,1,2013.0,2015.0,'','Lisa Coleman',300000,1000000,0,2000000,1,''),(116,116,1124,2,11,1,4,'Engineering Development','Low Risk',1,0,0,2015.0,2019.0,'','',NULL,NULL,NULL,NULL,1,''),(118,118,1135,2,13,1,1,'Engineering Development','High Risk',1,0,0,2015.0,2011.0,'','M.E. Bridges',0,0,0,0,1,'CD539N Front Fascia Assemblies (includes FNA, GCC/China and Sport)\r\nPart of FEM (Front End Module) Assumption.\r\nIncludes; Base, GCC and Sport versions'),(141,141,1153,2,13,1,4,'Unannounced','Low Risk',1,0,0,2014.0,2019.0,'','Carol Jackson',0,0,0,0,2,''),(148,148,1175,3,14,2,19,'Engineering Development','Low Risk',0,0,1,2014.0,2018.0,'','',0,0,0,917763,NULL,''),(178,178,1195,2,15,1,8,'Engineering Development','High Risk',1,0,0,2014.0,2018.0,'','Mary Ellen Bridges',NULL,NULL,NULL,NULL,4,''),(179,179,1205,2,15,1,9,'Engineering Development','High Risk',1,0,0,2014.0,2018.0,'','',NULL,NULL,NULL,NULL,4,''),(180,180,1215,2,15,1,4,'Engineering Development','High Risk',1,0,0,2014.0,2019.0,'','',335482,NULL,0,1498952,4,''),(206,206,1225,1,16,1,8,'Engineering Development','High Risk',0,0,0,2014.0,2018.0,'','Lorely Bec',NULL,NULL,NULL,NULL,1,'Requires waterborne top coat'),(207,207,1236,1,17,5,27,'Engineering Development','Low Risk',0,0,0,2013.0,2012.0,'','Eric Erbert',NULL,NULL,NULL,NULL,1,''),(208,208,1246,1,18,1,8,'Engineering Development','High Risk',0,0,0,2014.0,2018.0,'','Lorely Bec',NULL,NULL,NULL,NULL,1,'Requires waterborne top coat paint'),(209,209,1256,1,19,5,10,'Engineering Development','High Risk',0,0,0,2014.0,2018.0,'FNG1100302','Mary Suzuki',0,0,0,6699895,1,''),(225,225,1266,5,20,2,11,'Engineering Development','High Risk',0,0,1,2014.0,2019.0,'','Christina Els',0,0,0,0,1,'These are the front bumper pods for the 2014 Tundra Only. There is no assembly at this time. There are Chrome and Painted Versions. This is for SE Level Data released 11-18-2011.'),(227,227,1276,1,21,1,8,'Unannounced','Low Risk',0,0,0,2012.0,2015.0,'','Ernest Schmatz',NULL,NULL,NULL,NULL,NULL,''),(228,228,1286,1,22,1,1,'Engineering Development','High Risk',0,0,0,2014.0,2018.0,'','Lorely Bec',0,0,0,0,1,'Requires waterborne top coat'),(229,229,1296,1,18,1,1,'Engineering Development','High Risk',0,0,0,2014.0,2018.0,'','Lorely Bec',NULL,NULL,NULL,NULL,1,'Requires waterborne top coat paint'),(230,325,1306,2,11,2,17,'Engineering Development','High Risk',1,0,0,2015.0,2018.0,'','Curtis Kitchens',NULL,NULL,NULL,NULL,1,''),(231,326,1316,2,15,1,8,'Engineering Development','High Risk',1,0,0,2014.0,2018.0,'','',NULL,NULL,NULL,NULL,4,''),(233,361,1336,1,24,1,1,'Engineering Development','Low Risk',0,0,1,2014.0,2015.0,'','Ernest Schmatz',0,0,0,0,NULL,''),(234,362,1346,2,25,1,3,'Production','Low Risk',1,0,1,2013.0,2018.0,'','Beth Handley',0,0,0,0,1,'CPA signed at 300,200.  Volume updated to match CPV2 study.'),(235,363,1356,2,11,1,4,'Engineering Development','High Risk',1,0,0,2015.0,2020.0,'','',0,0,0,0,1,''),(236,427,1366,2,26,1,4,'Engineering Development','Low Risk',1,0,0,2014.0,2019.0,'','Leeanne O\'Hara',NULL,NULL,NULL,NULL,1,''),(237,428,1376,2,15,1,8,'Engineering Development','High Risk',1,0,0,2014.0,2018.0,'','Mary Ellen Briges',NULL,NULL,NULL,NULL,NULL,''),(238,430,1386,1,27,2,14,'Engineering Development','Low Risk',0,0,1,2014.0,2020.0,'','Bob Stirling',0,0,0,7605841,1,''),(239,432,1396,1,28,3,15,'Pending Approval','High Risk',1,0,0,2015.0,2021.0,'RFQ # 2400702652-3; -5','Jose Hernando',NULL,NULL,NULL,NULL,1,'Global pedal program supporting GM\'s Delta platform in Canada, Mexico, China, Korea & Thailand.  FNG to work with Korean Tier 1 supplier (SMC) to support GM for all Asian production.  FNG to produce all NA parts and is responsible for Design globally.'),(240,450,1440,3,29,1,8,'Engineering Development','High Risk',1,0,0,2013.5,2012.0,'','Bojarczyk',84000,0,0,1002080,1,'Program is a new Lwr Fascia assembled to an existing Upr Fascia. Piece Price will change in the following manner: '),(241,559,1459,1,27,1,16,'Engineering Development','High Risk',0,0,0,2014.0,0.0,'','',NULL,NULL,NULL,NULL,NULL,''),(242,560,1470,1,27,1,16,'Engineering Development','High Risk',0,0,0,2014.0,0.0,'','',NULL,NULL,NULL,NULL,NULL,''),(243,561,1482,1,27,2,17,'Engineering Development','High Risk',0,0,1,2014.0,2019.0,'','Bob Stirling',NULL,NULL,NULL,NULL,1,''),(245,595,1508,2,11,1,4,'Engineering Development','Low Risk',0,0,0,2015.0,2020.0,'','Beth Handley',174400,NULL,0,302000,1,'Replacement for current P221/P415 stone cuffs.'),(246,606,1519,2,11,1,4,'Engineering Development','Low Risk',0,0,0,2015.0,2020.0,'',' Beth Handley',NULL,NULL,0,425000,1,'Replacement for current P221/P415 stone cuffs.'),(248,614,1553,2,30,1,3,'Pending Approval','Low Risk',1,0,1,2013.0,2018.0,'','Beth Handley',NULL,NULL,NULL,NULL,1,'CD533 internal capacity planning volume agreed to 42,504/yr (on 5/2/2012)'),(249,628,1570,5,20,2,14,'Engineering Development','High Risk',0,0,1,2014.0,2018.0,'','Christina Els',NULL,NULL,NULL,1985273,1,'These are chrome and painted rear bumper pods. Will be manufactured at San Jose.'),(250,658,1581,2,31,1,4,'Engineering Development','Low Risk',1,0,0,2015.0,2019.0,'','Carol Jackson',0,0,0,0,2,''),(251,660,1592,8,32,1,8,'Unannounced','High Risk',1,0,0,2013.0,2013.0,'','Athilakshme Natarajan',NULL,NULL,NULL,NULL,NULL,'This Program is currently on hold '),(252,661,1603,2,13,1,3,'Pending Approval','Low Risk',1,0,0,2015.0,2018.0,'','',0,0,0,0,NULL,'All CD539N fuel tank shields are common with U540.  11779-B (Large) fuel tank shield is for FWD, 11779-A is AWD.  Battery tray is common with U540.'),(253,674,1622,2,12,1,4,'Engineering Development','Low Risk',0,0,1,2013.0,2015.0,'','Beth Handley',0,0,0,0,1,'2013 MCA Ford Fiesta Black Plastic Trim.  Please Note that all tools were kicked off late and timing on parts is behind program timing.'),(254,704,1636,2,31,1,3,'Engineering Development','Low Risk',1,0,0,2015.0,2018.0,'','',0,0,0,0,NULL,''),(255,786,1668,2,11,2,14,'Engineering Development','High Risk',1,0,0,2015.0,2015.0,'','Curtis Kitchens',0,0,0,0,1,''),(256,841,1679,3,14,2,18,'Engineering Development','High Risk',0,0,1,2014.0,2019.0,'SP15091','Mark Westemeier',0,493700,0,2143990,2,''),(257,899,1691,2,11,1,3,'Engineering Development','Low Risk',1,0,1,2015.0,2020.0,'','Beth Handley',0,0,0,2335000,NULL,''),(259,912,1717,1,27,3,6,'Engineering Development','High Risk',1,0,0,2014.0,2018.0,'1900632662','Pamela Hernandez',0,0,0,3313600,1,''),(261,931,1762,2,11,1,8,'Engineering Development','High Risk',1,0,0,2015.0,2020.0,'','',0,0,0,0,1,''),(262,938,1773,2,13,1,8,'Engineering Development','High Risk',1,0,1,2015.0,2011.0,'','M.E. Bridges',0,0,0,0,1,'2015 REAR fascia assemblies (including Base, GCC and Sport)'),(263,941,1784,4,33,3,20,'Pending Approval','Low Risk',0,0,0,2014.0,2020.0,'','T. Lawson - Henderson',NULL,NULL,12882,262500,1,''),(265,1000,1811,5,34,1,23,'Unannounced','Low Risk',0,0,0,2013.0,2018.0,'','Desiree Sova',NULL,NULL,NULL,NULL,1,''),(266,1012,1822,3,29,1,3,'Engineering Development','Low Risk',1,0,0,2013.0,2014.0,'FNG1200071','S. Palicke',NULL,NULL,NULL,156000,1,'Part is End Item to CHrysler Belvidere Assy.'),(267,1013,1833,3,35,2,17,'Pending Approval','High Risk',1,0,1,2013.0,2012.0,'','Michelle Norwood',0,148565,644150,5128242,1,''),(268,1116,1847,1,24,1,8,'Engineering Development','High Risk',0,0,1,2014.0,2015.0,'','Ernest Schmatz',0,0,0,0,NULL,''),(269,1123,1862,9,36,5,24,'Engineering Development','Low Risk',0,0,1,2013.0,2017.0,'FNG1000169','Randy Champion',NULL,NULL,NULL,1065100,1,'Painted high-gloss monocoat paint.  First new program with Calsonic since Blackhawk was purchased by FNG.'),(270,1124,1873,10,41,5,27,'Engineering Development','Low Risk',0,0,1,2013.0,2016.0,'','Paula Witters',0,0,0,0,1,'Lambda Interior trim awarded by Inteva'),(271,1125,1884,1,39,5,31,'Engineering Development','Low Risk',0,0,1,2013.0,2016.0,'','Tom Barbone',NULL,NULL,NULL,NULL,1,'GM Lambda Decor Trim awarded direct from GM.  Some parts will ship to Tier 1 suppliers. '),(272,1126,1895,11,40,5,24,'Engineering Development','Low Risk',0,0,1,2013.0,2020.0,'','Johnna Mabbitt',NULL,NULL,NULL,NULL,1,'Mold and painted Demister Bezels'),(273,1127,1906,1,27,5,27,'Engineering Development','Low Risk',0,0,1,2014.0,2020.0,'FNG1100346','Jason Symons',0,0,0,2880350,1,'I/P Hang-on trim'),(274,1128,1917,1,27,5,24,'Engineering Development','Low Risk',0,0,1,2014.0,2020.0,'FNG1100204','Tom Barbone',0,0,0,1647150,1,'GM K2XX Decor Trim.  IP Trim ships direct to GM.  Console and Door Trim ship to IAC.  Cadillac Seat Trim ships to Lear.'),(275,1192,1932,5,42,1,23,'Engineering Development','Low Risk',0,0,1,2013.0,2018.0,'','Desiree Sova',NULL,NULL,NULL,273000,NULL,'*Painted Part.\r\n*SHIPPING TO (2) locations: VOLUME: TMMC = 65,412   TMMMS = 47,628'),(276,1198,2042,12,43,5,24,'Engineering Development','High Risk',0,0,0,2013.0,2016.0,'FNG1100209','Craig Holmes',NULL,NULL,NULL,46200,1,'Awarded new program from new Customer.  High risk only because it is a new customer.  Part design is feasible.  Injection mold will be provided by M-Tek.  '),(277,1201,2053,3,44,2,28,'Engineering Development','High Risk',0,0,0,2014.0,2018.0,'','Mark Weistemeier',NULL,934580,50000,686174,1,'INTERNAL QUOTE SPREADSHEET - SEE DOCUMENTS - CUSTOMER PO FOLDER - '),(279,1218,2076,5,45,1,29,'Engineering Development','Low Risk',0,0,0,2013.0,2018.0,'','Kelly Curtis',NULL,NULL,0,625000,NULL,'This is a painted part.'),(280,1342,2114,4,46,2,28,'Unannounced','Low Risk',0,0,0,2013.0,2018.0,'','GALA CHUNG',NULL,NULL,NULL,NULL,1,''),(281,1349,2161,2,47,1,4,'Engineering Development','Low Risk',1,0,0,2015.0,2019.0,'','',375000,0,0,0,1,''),(282,1350,2172,2,26,1,30,'Engineering Development','High Risk',1,0,0,2014.0,2018.0,'','Suzanne Brooks',396000,370000,106200,2217000,1,''),(283,1387,2220,2,56,1,8,'Engineering Development','Low Risk',1,0,0,2015.0,2014.0,'','Sue Fabian ',0,0,0,0,1,'MY2015 U222 (U222) Front fasica assembly, Grille assy supplied from SGR'),(284,1422,2233,5,20,2,28,'Unannounced','High Risk',0,0,0,2014.0,2019.0,'','Christina Els',NULL,NULL,NULL,1550518,1,'This is for one RH and one LH bumper reinforcment. Pricing is per hand. Tooling is total for both parts.'),(285,1425,2251,2,49,1,4,'Engineering Development','High Risk',0,0,0,2014.0,2018.0,'','Steven Kelly',0,0,0,0,2,''),(287,1443,2276,2,50,1,8,'Engineering Development','High Risk',1,1,0,2014.0,2018.0,'','',NULL,NULL,NULL,NULL,4,''),(288,1448,2289,4,46,2,28,'Unannounced','Low Risk',0,0,0,2013.0,2018.0,'','GALA CHUNG',NULL,NULL,NULL,NULL,1,''),(289,1449,2300,2,11,1,4,'Engineering Development','Low Risk',1,0,0,2015.0,2021.0,'','BHANDLE1',NULL,NULL,NULL,NULL,1,''),(290,1454,2311,2,49,1,4,'Engineering Development','High Risk',0,0,0,2014.0,2013.0,'','',0,0,0,0,1,''),(291,1509,2324,2,51,2,32,'Unannounced','Low Risk',1,0,0,2012.0,2005.0,'','',0,0,0,0,3,''),(292,1510,2350,2,49,1,13,'Unannounced','Low Risk',0,0,0,2014.0,2018.0,'','Beth Handley',NULL,NULL,NULL,NULL,NULL,''),(293,1513,2371,2,13,1,3,'Engineering Development','Low Risk',1,0,0,2015.0,2018.0,'','Bridges',NULL,NULL,NULL,NULL,NULL,''),(294,1514,2382,2,31,1,3,'Engineering Development','Low Risk',0,0,0,2015.0,2018.0,'','Bridges',NULL,NULL,NULL,910000,NULL,''),(295,1515,2393,2,52,1,1,'Engineering Development','Low Risk',0,0,1,2013.0,2016.0,'','LKULLMA2',0,0,0,0,NULL,''),(296,1516,2404,2,52,1,1,'Engineering Development','Low Risk',0,0,1,2013.0,2016.0,'','LKULLMA2',0,0,0,0,NULL,''),(297,1543,2415,2,53,1,1,'Engineering Development','Low Risk',1,0,1,2013.0,2016.0,'','SFABIAN',0,0,0,0,NULL,''),(298,1544,2426,2,53,1,1,'Engineering Development','Low Risk',1,0,1,2013.0,2017.0,'','SFABIAN',0,0,0,0,NULL,''),(299,1593,2441,2,31,1,8,'Engineering Development','High Risk',1,0,0,2015.0,2018.0,'','Karen Watkins',0,0,0,0,1,'U388 Lincoln MKX Replacement'),(300,1597,2452,2,31,1,8,'Engineering Development','High Risk',0,0,1,2015.0,2018.0,'','Karen Watkins',0,0,0,0,1,'U388 Lincoln MKX Replacement'),(301,1638,2463,2,25,1,4,'Engineering Development','Low Risk',1,0,0,2013.0,2018.0,'','Greg Rasmussen',45000,0,0,153000,1,''),(302,1684,2488,3,54,2,28,'Unannounced','High Risk',0,0,1,2011.0,2016.0,'','Mark Westemeier',NULL,NULL,NULL,NULL,NULL,''),(303,1686,2500,2,13,4,33,'Pending Approval','High Risk',1,0,0,2015.0,2018.0,'','Jeff Lampkins',0,0,0,0,1,''),(304,1696,2512,3,35,1,8,'Engineering Development','Low Risk',1,0,0,2014.0,2016.0,'291626','Lynda Bojarczyk',0,0,0,0,1,''),(305,1705,2525,2,31,4,34,'Engineering Development','High Risk',1,0,0,2015.0,2018.0,'','Jeff Lampkins',0,0,0,0,1,''),(307,1707,2547,2,48,4,42,'Engineering Development','High Risk',1,0,0,2015.0,2018.0,'','',0,0,0,0,1,''),(308,1708,2558,2,55,2,35,'Unannounced','Low Risk',0,0,0,2013.8,2023.0,'TBD','CHRIS SHIH',NULL,NULL,NULL,133082,1,''),(309,1709,2569,2,31,4,36,'Engineering Development','Medium Risk',0,0,0,2015.0,2018.0,'','Jeff Lampkins',0,0,0,0,1,''),(317,1718,2646,2,47,4,42,'Engineering Development','Medium Risk',1,0,0,2015.0,2018.0,'','Roxy Perdue',0,0,0,0,1,''),(318,1732,2786,2,49,1,26,'Engineering Development','Low Risk',0,0,0,2014.0,2018.0,'','Leeanne O\'Hara',0,0,0,0,1,''),(324,1739,2846,2,13,4,42,'Pending Approval','Medium Risk',1,0,0,2015.0,2018.0,'','',0,0,0,0,1,'Order Finkle Steel by Wed 7/18/12'),(325,1765,2859,2,57,1,3,'Engineering Development','Low Risk',1,0,0,2015.0,2017.0,'','Beth Handley',NULL,NULL,NULL,NULL,2,''),(326,1767,2871,2,58,1,8,'Engineering Development','Low Risk',1,0,0,2015.0,2017.0,'','Sue Fabian ',0,0,0,0,1,''),(327,1768,2891,2,13,1,4,'Engineering Development','High Risk',1,0,0,2015.0,2019.0,'','Steven Kelly',0,0,0,0,2,''),(328,1776,2903,2,31,1,4,'Engineering Development','High Risk',1,0,1,2015.0,2019.0,'','Steve Kelly',0,0,0,0,2,''),(329,1822,2917,2,31,4,41,'Pending Approval','High Risk',1,0,0,2015.0,2018.0,'','Jeff Lampkins',0,0,0,0,1,''),(330,1824,2931,2,59,4,41,'Pending Approval','Low Risk',0,0,0,2016.0,2019.5,'','Stacey Gartland',0,0,0,0,1,''),(331,1825,2943,2,60,4,41,'Pending Approval','Low Risk',0,0,0,2016.0,2019.0,'','Stacey Gartland',0,0,0,0,1,''),(333,1889,2968,1,18,5,31,'Unannounced','Medium Risk',0,0,0,2014.0,2019.0,'','Tom Barbone',NULL,NULL,NULL,257800,1,'Additional content added to K2XX SUV Decor Trim'),(334,1890,2980,1,18,5,31,'Engineering Development','Low Risk',0,0,0,2014.0,2019.0,'','Tom Barbone',NULL,NULL,NULL,257800,1,'Additional content added to K2XX Decor Trim'),(335,1936,3122,14,62,3,44,'Pending Approval','Low Risk',0,0,0,2013.0,2015.0,'','Ed Wu',0,0,0,591915,NULL,'Award letter issued 7/5/12. Authorized to begin design portion for tooling development. Tooling detail to be issued to SIA 8/10/12'),(336,1937,3135,14,62,3,44,'Pending Approval','Low Risk',0,0,0,2013.0,2015.0,'','Ed Wu',0,0,0,0,NULL,'Award letter issued 7/5/12.  Authorized to begin design portion of tooling development.  Tooling detail to be issued to SIA 8/10/12.'),(337,1948,3148,2,48,4,45,'Pending Approval','Low Risk',0,0,0,2015.0,2017.0,'','Stacey Gartland',0,0,0,0,NULL,''),(338,1980,3162,2,11,4,46,'Pending Approval','Low Risk',1,0,0,2015.0,2011.0,'','Roxy Purdue',338900,0,0,933275,1,''),(339,1993,3175,2,13,1,4,'Pending Approval','Low Risk',1,0,0,2015.0,2018.0,'','Leeanne O\'Hara',NULL,NULL,NULL,NULL,1,''),(340,2010,3189,1,19,1,8,'Pending Approval','Low Risk',NULL,0,0,2014.0,2018.0,'FNG1200301','Doug Smolinski',0,0,0,2519550,1,'Brackets for Rear Fascia Assys for FNG Arlington. K2XX Chevy & GMC'),(341,2018,3203,1,19,3,47,'Engineering Development','High Risk',1,0,0,2015.0,2019.0,'','',0,0,0,0,1,'asdfsdsd dsd'),(342,2026,3220,3,35,1,9,'Engineering Development','Low Risk',0,0,0,2015.0,2019.0,'','',NULL,NULL,NULL,NULL,NULL,'');
/*!40000 ALTER TABLE `tblprogramcommon` ENABLE KEYS */;
UNLOCK TABLES;

--
-- Table structure for table `tblprogramdata`
--

DROP TABLE IF EXISTS `tblprogramdata`;
/*!40101 SET @saved_cs_client     = @@character_set_client */;
/*!40101 SET character_set_client = utf8 */;
CREATE TABLE `tblprogramdata` (
  `intProgramDataID` int(10) unsigned NOT NULL AUTO_INCREMENT,
  `intProgramID` int(10) unsigned DEFAULT NULL,
  `blnHasConfigurations` tinyint(3) unsigned NOT NULL DEFAULT '0',
  PRIMARY KEY (`intProgramDataID`),
  KEY `fkcProgramData1` (`intProgramID`),
  CONSTRAINT `fkcProgramData1` FOREIGN KEY (`intProgramID`) REFERENCES `tblproduct` (`intProgramID`) ON DELETE CASCADE ON UPDATE CASCADE
) ENGINE=InnoDB AUTO_INCREMENT=248 DEFAULT CHARSET=latin1;
/*!40101 SET character_set_client = @saved_cs_client */;

--
-- Dumping data for table `tblprogramdata`
--

LOCK TABLES `tblprogramdata` WRITE;
/*!40000 ALTER TABLE `tblprogramdata` DISABLE KEYS */;
INSERT INTO `tblprogramdata` VALUES (115,115,0),(116,116,0),(118,118,1),(120,141,0),(121,148,1),(123,178,0),(124,179,0),(125,180,0),(126,206,1),(127,207,0),(128,208,1),(129,209,1),(130,225,0),(131,227,0),(132,228,1),(133,229,1),(134,325,1),(135,326,1),(137,361,1),(138,362,0),(139,363,0),(140,427,0),(141,428,0),(142,430,0),(143,432,0),(144,450,0),(145,559,0),(146,560,0),(147,561,1),(149,595,0),(150,606,0),(152,614,0),(153,628,0),(154,658,0),(155,660,0),(156,661,0),(157,674,0),(158,704,0),(159,786,1),(160,841,1),(161,899,0),(163,912,0),(165,931,0),(166,938,1),(167,941,0),(169,1000,0),(170,1012,0),(171,1013,1),(172,1116,1),(173,1123,0),(174,1124,0),(175,1125,0),(176,1126,0),(177,1127,0),(178,1128,0),(179,1192,1),(180,1198,0),(181,1201,0),(183,1218,1),(184,1342,0),(185,1349,0),(186,1350,0),(187,1387,1),(188,1422,1),(189,1425,0),(191,1443,1),(192,1448,0),(193,1449,1),(194,1454,1),(195,1509,0),(196,1510,0),(197,1513,1),(198,1514,0),(199,1515,1),(200,1516,1),(201,1543,1),(202,1544,1),(203,1593,1),(204,1597,1),(205,1638,0),(206,1684,0),(207,1686,1),(208,1696,1),(209,1705,0),(211,1707,0),(212,1708,0),(213,1709,0),(220,1718,0),(221,1732,0),(226,1739,1),(227,1765,0),(228,1767,1),(229,1768,0),(230,1776,0),(231,1822,0),(232,1824,0),(233,1825,0),(235,1889,0),(236,1890,1),(237,NULL,1),(238,1936,0),(239,1937,0),(240,1948,0),(241,NULL,1),(242,1980,0),(243,1993,0),(244,2010,0),(245,2018,1),(246,2026,1);
/*!40000 ALTER TABLE `tblprogramdata` ENABLE KEYS */;
UNLOCK TABLES;

--
-- Table structure for table `tblprogramproduct`
--

DROP TABLE IF EXISTS `tblprogramproduct`;
/*!40101 SET @saved_cs_client     = @@character_set_client */;
/*!40101 SET character_set_client = utf8 */;
CREATE TABLE `tblprogramproduct` (
  `intProgramProductID` int(10) unsigned NOT NULL AUTO_INCREMENT,
  `intProgramCommonID` int(10) unsigned DEFAULT NULL,
  `intProductID` int(10) unsigned DEFAULT NULL,
  `dblPiecePrice` decimal(11,6) DEFAULT NULL,
  `intSupplierID` int(10) unsigned DEFAULT NULL COMMENT 'Only used if Product is purchased.',
  PRIMARY KEY (`intProgramProductID`),
  UNIQUE KEY `idxProgramCommonProductID` (`intProgramCommonID`,`intProductID`),
  KEY `fkcProgramProduct2` (`intProductID`),
  KEY `fkcProgramProduct3` (`intSupplierID`),
  CONSTRAINT `fkcProgramProduct1` FOREIGN KEY (`intProgramCommonID`) REFERENCES `tblprogramcommon` (`intProgramCommonID`) ON DELETE CASCADE ON UPDATE CASCADE,
  CONSTRAINT `fkcProgramProduct2` FOREIGN KEY (`intProductID`) REFERENCES `tblproduct` (`intProgramID`) ON DELETE CASCADE ON UPDATE CASCADE,
  CONSTRAINT `fkcProgramProduct3` FOREIGN KEY (`intSupplierID`) REFERENCES `tblsupplier` (`intSupplierID`) ON UPDATE CASCADE
) ENGINE=InnoDB AUTO_INCREMENT=3650 DEFAULT CHARSET=latin1;
/*!40101 SET character_set_client = @saved_cs_client */;

--
-- Dumping data for table `tblprogramproduct`
--

LOCK TABLES `tblprogramproduct` WRITE;
/*!40000 ALTER TABLE `tblprogramproduct` DISABLE KEYS */;
INSERT INTO `tblprogramproduct` VALUES (1,275,1192,2.285000,NULL),(2,275,1233,2.285000,NULL),(3,275,1234,2.285000,NULL),(4,279,1219,19.100300,NULL),(5,279,1222,0.590000,NULL),(6,279,1223,0.270000,117),(7,279,1224,2.830000,46),(8,279,1225,0.042000,118),(9,279,1226,0.027000,119),(10,279,1227,0.395000,120),(11,279,1228,0.029000,116),(12,279,1229,0.026000,116),(13,279,1230,0.010000,116),(14,279,1220,19.100300,NULL),(15,225,225,36.506800,NULL),(16,225,226,36.506800,NULL),(17,249,628,31.893500,NULL),(18,253,676,0.520000,NULL),(19,253,438,NULL,75),(20,253,680,0.520000,NULL),(21,253,681,0.630000,NULL),(22,253,682,0.630000,NULL),(23,253,685,1.000000,NULL),(24,253,687,NULL,85),(25,253,688,1.000000,NULL),(26,253,690,4.000000,NULL),(27,253,691,4.000000,NULL),(28,253,693,2.550000,NULL),(29,253,694,10.620000,NULL),(30,253,701,NULL,45),(31,253,543,NULL,77),(32,253,702,12.590000,NULL),(33,253,136,5.060000,NULL),(34,253,703,NULL,86),(35,253,706,NULL,87),(36,253,707,NULL,87),(37,253,733,2.620000,NULL),(38,180,180,8.330000,NULL),(39,180,730,8.330000,NULL),(40,180,438,NULL,75),(41,180,731,0.050000,48),(42,180,732,8.330000,NULL),(43,236,593,13.510000,NULL),(44,236,587,13.510000,NULL),(45,236,426,NULL,45),(46,236,552,0.070000,45),(47,236,553,0.100000,45),(48,236,399,2.050000,80),(49,236,286,1.420000,79),(50,236,598,11.800000,NULL),(51,236,1002,11.800000,NULL),(52,236,600,9.100000,NULL),(53,236,1003,9.100000,NULL),(54,236,288,4.400000,46),(55,236,604,3.190000,NULL),(56,236,1006,3.190000,NULL),(57,236,731,0.050000,48),(58,236,602,4.000000,NULL),(59,236,1008,19.620000,NULL),(60,236,1001,13.510000,NULL),(61,236,1004,10.560000,NULL),(62,236,999,11.970000,NULL),(63,236,1005,9.100000,NULL),(64,236,1007,3.190000,NULL),(65,236,1009,4.000000,NULL),(66,236,1010,19.620000,NULL),(67,236,1011,19.620000,NULL),(68,234,437,8.070000,NULL),(69,234,439,NULL,70),(70,234,440,NULL,48),(71,234,438,NULL,75),(72,234,534,8.070000,NULL),(73,234,535,NULL,48),(74,234,536,2.480000,NULL),(75,234,537,2.220000,NULL),(76,234,538,3.320000,NULL),(77,234,539,1.530000,NULL),(78,234,540,NULL,76),(79,234,541,1.460000,NULL),(80,234,542,7.410000,NULL),(81,234,543,NULL,77),(82,234,544,2.536380,NULL),(83,234,545,NULL,78),(84,234,546,1.140000,NULL),(85,234,547,1.140000,NULL),(86,234,548,12.270000,NULL),(87,234,549,NULL,79),(88,234,550,NULL,80),(89,234,551,NULL,80),(90,234,552,0.070000,45),(91,234,553,0.100000,45),(92,234,554,12.270000,NULL),(93,234,555,NULL,80),(94,234,556,NULL,80),(95,234,557,7.690000,NULL),(96,234,558,NULL,90),(97,248,615,10.280000,NULL),(98,248,438,NULL,75),(99,248,439,NULL,70),(100,248,440,NULL,48),(101,248,616,10.280000,NULL),(102,248,535,NULL,48),(103,248,617,5.530000,NULL),(104,248,545,NULL,78),(105,248,618,8.700000,NULL),(106,248,558,NULL,90),(107,248,619,8.800000,NULL),(108,248,543,NULL,77),(109,248,620,2.500000,NULL),(110,248,540,NULL,76),(111,248,621,2.500000,NULL),(112,248,622,1.380000,NULL),(113,248,623,1.380000,NULL),(115,141,286,1.420000,79),(116,141,155,NULL,45),(117,141,143,2.435000,NULL),(118,141,144,6.988000,NULL),(119,141,145,5.957000,NULL),(121,141,625,2.435000,NULL),(122,141,626,6.988000,NULL),(123,141,627,5.957000,NULL),(124,118,155,NULL,45),(125,252,671,6.690000,NULL),(126,252,438,NULL,75),(127,252,439,NULL,70),(128,252,677,8.330000,NULL),(129,252,712,NULL,48),(130,252,679,8.330000,NULL),(131,252,678,NULL,48),(132,252,683,9.790000,NULL),(133,252,543,NULL,77),(134,252,684,3.950000,NULL),(135,252,545,NULL,78),(136,252,686,1.900000,NULL),(137,252,689,1.900000,NULL),(138,252,695,2.100000,NULL),(139,252,540,NULL,76),(140,252,675,2.100000,NULL),(141,252,697,3.250000,NULL),(142,252,698,3.250000,NULL),(143,252,699,4.680000,NULL),(144,272,1186,0.698500,NULL),(145,272,1187,0.698500,NULL),(146,239,491,52.885000,NULL),(147,239,492,34.493200,NULL),(148,239,493,42.743200,NULL),(149,239,494,50.135000,NULL),(150,239,495,50.735000,NULL),(151,239,499,60.965000,NULL),(152,239,502,63.715000,NULL),(153,239,441,39402.000000,NULL),(154,239,512,47621.000000,NULL),(155,239,513,53645.000000,NULL),(156,239,514,63548.000000,NULL),(157,239,515,63076.000000,NULL),(158,239,526,34.190000,NULL),(159,239,527,42.360000,NULL),(160,239,528,53562.000000,NULL),(161,239,529,35.755000,NULL),(162,239,530,45.195000,NULL),(163,239,531,52.285000,NULL),(164,239,532,62.485000,NULL),(165,239,533,63.085000,NULL),(166,115,132,100.000000,NULL),(167,115,133,120.000000,NULL),(168,267,1030,140.491000,NULL),(169,267,1029,NULL,101),(170,267,1079,NULL,103),(171,267,1028,144.510000,NULL),(172,267,1031,140.337000,NULL),(173,267,1032,144.361524,NULL),(174,267,1033,176.056100,NULL),(175,267,1026,NULL,100),(176,267,1027,NULL,100),(177,267,1070,NULL,102),(178,267,1037,180.534281,NULL),(179,267,1038,176.484000,NULL),(180,267,1039,176.638100,NULL),(181,267,1040,180.661900,NULL),(182,267,1041,162.324834,NULL),(183,267,1042,202.642197,NULL),(184,267,1043,162.314400,NULL),(185,267,1044,166.364629,NULL),(186,267,1045,198.307500,NULL),(187,267,1046,202.629872,NULL),(188,267,1047,198.461600,NULL),(189,267,1048,166.482797,NULL),(190,267,1049,197.983900,NULL),(191,270,1149,3.170000,NULL),(192,270,1150,4.940000,NULL),(193,270,1151,16.470000,NULL),(194,270,1156,5.270000,114),(195,270,1157,NULL,115),(196,270,1152,21.850000,NULL),(197,270,1171,5.200000,114),(198,270,1172,4.860000,114),(199,270,1153,21.850000,NULL),(200,268,1141,NULL,113),(201,268,1142,NULL,113),(202,207,207,21.050000,NULL),(203,209,210,8.890000,NULL),(204,209,242,0.070000,55),(205,228,459,NULL,46),(206,228,460,NULL,46),(207,228,461,NULL,46),(208,206,1095,NULL,73),(209,206,569,NULL,73),(210,206,1103,NULL,73),(213,206,1111,NULL,73),(214,229,449,NULL,71),(215,229,467,NULL,71),(216,229,486,NULL,71),(221,229,496,NULL,73),(222,229,497,NULL,73),(223,229,500,NULL,73),(224,229,501,NULL,73),(226,229,472,NULL,71),(228,229,476,NULL,71),(229,229,478,NULL,71),(230,229,498,NULL,73),(231,259,913,32.362359,NULL),(232,259,914,32.782359,NULL),(233,259,915,60.303406,NULL),(234,259,916,60.303406,NULL),(235,259,917,60.303406,NULL),(236,274,1147,11.250000,NULL),(237,274,1216,NULL,116),(238,274,1148,8.420000,NULL),(239,274,1217,NULL,116),(240,274,1158,15.840000,NULL),(241,274,1159,5.070000,NULL),(242,274,1160,5.070000,NULL),(246,274,1164,4.310000,NULL),(247,274,1165,4.310000,NULL),(248,274,1166,8.580000,NULL),(249,274,1167,8.580000,NULL),(250,274,1168,8.530000,NULL),(251,274,1169,8.530000,NULL),(252,273,1174,6.060000,NULL),(253,273,1175,6.060000,NULL),(254,273,1176,5.250000,NULL),(255,273,1177,2.900000,NULL),(256,273,1178,1.600000,NULL),(257,273,1179,12.830000,NULL),(258,273,1180,20.990000,NULL),(259,273,1181,22.010000,NULL),(260,273,1182,4.550000,NULL),(261,273,1183,4.590000,NULL),(262,273,1184,4.260000,NULL),(263,273,1185,4.300000,NULL),(264,256,841,21.524800,NULL),(265,256,842,21.524800,NULL),(266,256,846,NULL,97),(267,256,843,21.524800,NULL),(268,256,852,NULL,97),(269,148,148,30.108900,NULL),(270,148,853,32.135300,NULL),(271,277,1201,16.265500,NULL),(272,277,1206,16.265500,NULL),(273,277,1204,10.015400,NULL),(274,277,1207,0.142700,NULL),(275,277,1208,0.178400,NULL),(276,277,1209,0.225900,69),(277,277,1210,0.225900,69),(278,277,1211,0.778000,69),(279,277,1212,0.007100,69),(280,277,1214,16.265500,NULL),(281,263,941,3.530000,NULL),(282,263,942,3.530000,NULL),(283,263,943,3.530000,NULL),(284,266,1114,1.200000,NULL),(285,266,1115,1.130000,NULL),(286,276,1198,2.649700,NULL),(287,276,1199,2.649700,NULL),(288,276,1200,2.649700,NULL),(289,235,364,3.560000,NULL),(290,235,243,NULL,48),(291,235,365,3.560000,NULL),(292,235,138,4.480000,NULL),(293,235,366,4.480000,NULL),(294,235,367,4.590000,NULL),(295,235,399,2.050000,80),(296,235,368,4.590000,NULL),(297,235,369,5.180000,NULL),(298,235,370,5.180000,NULL),(299,235,371,3.500000,NULL),(300,235,411,NULL,55),(301,235,372,3.500000,NULL),(302,235,373,5.390000,NULL),(303,235,374,5.390000,NULL),(304,235,375,6.870000,NULL),(305,235,426,NULL,45),(306,235,376,6.870000,NULL),(307,261,411,NULL,45),(308,230,975,10.920000,NULL),(309,230,976,9.930000,NULL),(310,245,595,0.510000,NULL),(311,245,596,0.510000,NULL),(312,245,549,NULL,79),(313,245,597,0.510000,NULL),(314,257,900,7.180000,NULL),(315,257,901,NULL,79),(316,257,902,0.110000,NULL),(317,257,903,0.260000,NULL),(318,257,904,0.130000,NULL),(319,257,905,5.680000,NULL),(320,257,907,2.000000,NULL),(321,257,908,5.470000,NULL),(322,257,438,NULL,75),(323,257,909,0.060000,NULL),(324,257,910,5.470000,NULL),(325,116,196,9.880000,NULL),(326,116,199,12.440000,NULL),(327,116,200,17.920000,NULL),(328,116,894,1.130000,NULL),(329,116,895,NULL,79),(330,116,896,5.230000,NULL),(331,116,897,4.650000,NULL),(333,246,606,0.640000,NULL),(334,246,607,0.640000,NULL),(335,246,549,NULL,79),(336,246,608,0.640000,NULL),(337,250,659,7.305000,NULL),(338,250,286,1.420000,79),(339,250,411,NULL,55),(340,250,662,7.305000,NULL),(341,250,663,19.932000,NULL),(342,250,288,4.400000,46),(343,250,664,19.932000,NULL),(344,250,665,6.285000,NULL),(345,250,666,6.285000,NULL),(346,250,667,17.860000,NULL),(347,250,668,17.860000,NULL),(348,250,669,7.543000,NULL),(349,250,670,7.543000,NULL),(350,250,672,7.407000,NULL),(351,250,673,7.407000,NULL),(352,254,438,NULL,75),(353,254,540,NULL,76),(354,254,439,NULL,70),(355,254,713,NULL,48),(356,254,715,NULL,48),(357,254,543,NULL,77),(358,254,545,NULL,78),(359,269,1188,13.271600,NULL),(360,269,1189,13.271600,NULL),(361,269,1190,15.937600,NULL),(362,269,1191,15.937600,NULL),(363,279,1218,NULL,NULL),(364,268,1116,NULL,NULL),(365,235,363,NULL,NULL),(366,208,208,NULL,NULL),(367,208,1273,NULL,46),(371,206,206,NULL,NULL),(372,280,1342,17.150000,NULL),(373,261,931,NULL,NULL),(374,235,1246,9.590000,NULL),(375,235,1247,9.590000,NULL),(376,235,1235,7.340000,NULL),(377,235,1243,7.340000,NULL),(378,235,1244,7.900000,NULL),(379,235,1245,7.900000,NULL),(380,282,1350,91.620000,NULL),(381,281,1349,NULL,NULL),(382,261,907,NULL,NULL),(384,261,1351,NULL,NULL),(385,274,1128,NULL,NULL),(386,271,1125,NULL,NULL),(387,228,228,NULL,NULL),(388,238,430,NULL,NULL),(389,281,1356,7.100000,NULL),(390,281,1357,4.920000,NULL),(391,281,1358,25.100000,NULL),(392,281,1359,1.640000,NULL),(393,281,1360,1.640000,NULL),(394,281,1361,6.640000,NULL),(395,281,1362,3.520000,NULL),(396,281,1363,1.640000,NULL),(397,281,1364,1.640000,NULL),(398,281,1365,4.920000,NULL),(399,281,1366,13.930000,NULL),(400,281,1367,1.640000,NULL),(401,281,1368,1.640000,NULL),(402,281,1369,29.550000,NULL),(403,281,1370,25.120000,NULL),(404,281,1371,22.960000,NULL),(405,281,1372,22.960000,NULL),(406,237,428,NULL,NULL),(408,229,229,NULL,NULL),(409,284,1422,NULL,NULL),(410,284,1423,20.337100,NULL),(411,284,1424,20.413100,NULL),(412,285,1425,NULL,NULL),(413,285,1426,4.060000,NULL),(414,285,1427,4.060000,NULL),(415,285,1428,4.230000,NULL),(416,285,1429,3.960000,NULL),(417,285,1430,3.960000,NULL),(418,285,1431,3.620000,NULL),(419,285,1432,3.620000,NULL),(420,254,704,NULL,NULL),(421,254,709,2.100000,NULL),(422,254,710,2.100000,NULL),(423,254,711,9.630000,NULL),(424,254,714,9.630000,NULL),(425,254,716,10.230000,NULL),(426,254,718,1.530000,NULL),(427,254,719,1.530000,NULL),(428,254,720,5.210000,NULL),(429,254,722,3.950000,NULL),(430,287,1443,NULL,NULL),(431,252,661,NULL,NULL),(432,265,NULL,NULL,NULL),(433,279,1231,NULL,NULL),(434,279,1232,NULL,NULL),(435,253,NULL,NULL,NULL),(436,253,696,NULL,NULL),(437,253,700,NULL,NULL),(439,253,717,NULL,NULL),(440,253,705,NULL,NULL),(441,287,1444,NULL,NULL),(442,287,1445,NULL,NULL),(443,287,1446,NULL,NULL),(444,287,1447,NULL,NULL),(445,179,NULL,NULL,NULL),(446,179,783,NULL,NULL),(447,179,784,NULL,NULL),(448,179,785,NULL,NULL),(449,179,918,NULL,NULL),(450,179,919,NULL,NULL),(451,179,920,NULL,NULL),(452,231,NULL,NULL,NULL),(453,231,327,NULL,NULL),(454,231,341,NULL,NULL),(455,231,745,NULL,127),(456,231,734,NULL,NULL),(457,231,746,NULL,NULL),(458,231,336,NULL,NULL),(459,231,747,NULL,NULL),(460,231,339,NULL,NULL),(461,231,340,NULL,NULL),(462,231,342,NULL,NULL),(463,231,343,NULL,NULL),(464,231,344,NULL,NULL),(465,231,334,NULL,NULL),(466,231,748,NULL,NULL),(467,231,335,NULL,NULL),(468,231,749,NULL,NULL),(469,231,333,NULL,NULL),(471,231,338,NULL,NULL),(473,231,337,NULL,NULL),(475,231,328,NULL,NULL),(487,231,735,NULL,NULL),(489,231,736,NULL,NULL),(491,231,744,NULL,NULL),(492,231,739,NULL,NULL),(493,231,740,NULL,NULL),(494,231,741,NULL,NULL),(495,231,742,NULL,NULL),(496,231,743,NULL,NULL),(501,231,329,NULL,NULL),(523,231,751,NULL,NULL),(524,231,752,NULL,NULL),(525,231,750,NULL,NULL),(526,231,753,NULL,NULL),(528,178,NULL,NULL,NULL),(529,178,761,NULL,NULL),(530,178,745,NULL,NULL),(533,178,763,NULL,NULL),(534,178,758,NULL,NULL),(535,178,764,NULL,NULL),(536,178,765,NULL,NULL),(537,178,766,NULL,NULL),(538,178,767,NULL,NULL),(540,237,745,NULL,NULL),(541,237,755,NULL,NULL),(542,237,758,NULL,NULL),(543,237,756,NULL,NULL),(544,237,759,NULL,NULL),(545,237,757,NULL,NULL),(546,237,760,NULL,NULL),(547,237,1386,NULL,NULL),(548,236,NULL,NULL,NULL),(549,236,588,NULL,NULL),(551,234,NULL,NULL,NULL),(552,285,386,NULL,NULL),(553,285,1433,NULL,NULL),(554,285,1434,NULL,NULL),(557,285,1435,NULL,NULL),(560,285,1436,NULL,NULL),(561,285,1437,NULL,NULL),(564,285,1438,NULL,NULL),(567,285,1439,NULL,NULL),(570,285,1440,NULL,NULL),(573,285,1441,NULL,NULL),(574,248,NULL,NULL,NULL),(575,141,NULL,NULL,NULL),(576,118,NULL,NULL,NULL),(577,118,646,NULL,NULL),(578,118,723,NULL,NULL),(579,118,724,NULL,NULL),(580,118,728,NULL,NULL),(581,118,729,NULL,NULL),(583,118,862,NULL,NULL),(584,118,863,NULL,NULL),(587,118,647,NULL,NULL),(595,118,648,NULL,NULL),(600,118,857,NULL,NULL),(603,118,649,NULL,NULL),(611,118,650,NULL,NULL),(613,118,726,NULL,NULL),(619,118,651,NULL,NULL),(627,118,866,NULL,133),(628,118,867,NULL,133),(629,118,868,NULL,133),(630,118,869,NULL,133),(631,118,870,NULL,133),(632,118,652,NULL,NULL),(634,118,725,NULL,NULL),(638,118,860,NULL,NULL),(639,118,861,NULL,NULL),(642,118,653,NULL,NULL),(652,118,654,NULL,NULL),(657,118,858,NULL,NULL),(662,118,655,NULL,NULL),(672,118,656,NULL,NULL),(674,118,727,NULL,NULL),(682,118,657,NULL,NULL),(696,252,692,NULL,90),(697,262,NULL,NULL,NULL),(698,262,1050,NULL,NULL),(699,262,1083,NULL,NULL),(700,262,1084,NULL,NULL),(701,262,1053,NULL,NULL),(704,262,1054,NULL,NULL),(707,262,1087,NULL,NULL),(708,262,1055,NULL,NULL),(711,262,1056,NULL,NULL),(715,262,1057,NULL,NULL),(718,262,1058,NULL,NULL),(720,262,1085,NULL,NULL),(721,262,1059,NULL,NULL),(724,262,1060,NULL,NULL),(727,262,1061,NULL,NULL),(730,262,1062,NULL,NULL),(733,262,1063,NULL,NULL),(737,262,1064,NULL,NULL),(740,262,1065,NULL,NULL),(756,272,NULL,NULL,NULL),(757,239,NULL,NULL,NULL),(758,115,NULL,NULL,NULL),(759,267,NULL,NULL,NULL),(760,267,1014,NULL,NULL),(761,267,1015,NULL,NULL),(762,267,1016,NULL,NULL),(763,267,1017,NULL,NULL),(764,267,1018,NULL,NULL),(765,267,1019,NULL,NULL),(766,267,1020,NULL,NULL),(767,267,1021,NULL,NULL),(768,267,1022,NULL,NULL),(769,267,1023,NULL,NULL),(770,267,1024,NULL,NULL),(771,267,1025,NULL,NULL),(772,267,1072,NULL,NULL),(773,267,1074,NULL,NULL),(774,267,1075,NULL,NULL),(775,267,1076,NULL,NULL),(776,267,1077,NULL,NULL),(777,267,1078,NULL,NULL),(778,267,1080,NULL,NULL),(779,267,1081,NULL,NULL),(780,267,1082,NULL,NULL),(793,267,1073,NULL,NULL),(812,267,1051,NULL,NULL),(813,267,1052,NULL,NULL),(844,267,1035,NULL,NULL),(856,267,1071,NULL,NULL),(970,267,1034,NULL,NULL),(991,267,1036,NULL,NULL),(1138,270,NULL,NULL,NULL),(1139,270,1154,NULL,NULL),(1140,270,1155,NULL,NULL),(1141,270,1170,NULL,NULL),(1142,270,274,0.032900,55),(1143,270,1173,NULL,NULL),(1145,227,NULL,NULL,NULL),(1146,268,1118,87.000000,NULL),(1147,268,1130,123.000000,NULL),(1148,268,1131,98.000000,NULL),(1149,268,1134,NULL,NULL),(1150,268,1135,NULL,NULL),(1151,268,1138,NULL,NULL),(1152,268,1139,NULL,NULL),(1153,268,1145,NULL,NULL),(1155,268,1140,NULL,NULL),(1156,268,1119,NULL,NULL),(1157,268,1129,NULL,NULL),(1159,268,1133,NULL,NULL),(1161,268,1136,NULL,NULL),(1162,268,1137,NULL,NULL),(1164,268,1117,NULL,NULL),(1171,268,1120,NULL,NULL),(1173,268,1132,NULL,NULL),(1178,268,1143,NULL,NULL),(1180,268,1121,76.000000,NULL),(1188,268,1122,65.000000,NULL),(1198,233,NULL,NULL,NULL),(1199,233,825,NULL,NULL),(1200,233,832,NULL,NULL),(1201,233,833,NULL,NULL),(1202,233,837,NULL,NULL),(1203,233,838,NULL,NULL),(1204,233,839,NULL,156),(1205,233,840,NULL,NULL),(1206,233,921,NULL,NULL),(1207,233,922,NULL,NULL),(1208,233,923,NULL,NULL),(1209,233,927,NULL,NULL),(1210,233,928,NULL,NULL),(1211,233,929,NULL,NULL),(1212,233,826,NULL,NULL),(1222,233,926,NULL,NULL),(1225,233,827,NULL,NULL),(1232,233,924,NULL,NULL),(1233,233,925,NULL,NULL),(1235,233,828,NULL,NULL),(1237,233,834,NULL,NULL),(1248,233,829,NULL,NULL),(1261,233,830,NULL,NULL),(1271,233,831,NULL,NULL),(1273,233,835,NULL,NULL),(1282,233,1248,NULL,NULL),(1283,209,NULL,NULL,NULL),(1284,209,211,4.670000,NULL),(1285,209,232,0.100000,45),(1286,209,233,0.150000,48),(1287,209,214,22.080000,NULL),(1288,209,215,16.210000,NULL),(1289,209,234,2.220000,48),(1290,209,235,0.050000,146),(1291,209,237,0.050000,146),(1293,209,221,0.010000,NULL),(1294,209,238,1.620000,147),(1295,209,239,0.100000,148),(1297,209,230,19.140000,NULL),(1298,209,231,10.500000,NULL),(1301,209,244,7.090000,NULL),(1302,209,264,4.480000,NULL),(1303,209,245,5.570000,NULL),(1304,209,265,2.580000,NULL),(1305,209,266,0.740000,149),(1306,209,267,0.050000,142),(1307,209,246,4.610000,NULL),(1308,209,268,2.290000,NULL),(1309,209,247,26.890000,NULL),(1310,209,269,NULL,NULL),(1311,209,270,NULL,NULL),(1312,209,271,NULL,NULL),(1313,209,291,NULL,NULL),(1314,209,306,NULL,NULL),(1315,209,274,NULL,NULL),(1316,209,275,NULL,NULL),(1317,209,276,NULL,NULL),(1318,209,277,NULL,NULL),(1319,209,219,NULL,NULL),(1320,209,248,NULL,NULL),(1321,209,278,NULL,NULL),(1322,209,279,NULL,NULL),(1331,209,281,NULL,NULL),(1332,209,282,NULL,NULL),(1333,209,249,NULL,NULL),(1344,209,250,NULL,NULL),(1357,209,251,NULL,NULL),(1358,209,295,NULL,NULL),(1359,209,296,NULL,NULL),(1360,209,297,NULL,NULL),(1361,209,298,NULL,NULL),(1362,209,299,NULL,NULL),(1368,209,252,NULL,NULL),(1381,209,253,NULL,NULL),(1392,209,254,NULL,NULL),(1405,209,255,NULL,NULL),(1406,209,307,NULL,NULL),(1407,209,308,NULL,NULL),(1408,209,309,NULL,NULL),(1409,209,310,NULL,NULL),(1412,209,311,NULL,NULL),(1414,209,256,NULL,NULL),(1425,209,313,NULL,NULL),(1426,209,314,NULL,NULL),(1427,209,257,NULL,NULL),(1436,209,316,NULL,NULL),(1438,209,258,NULL,NULL),(1447,209,259,NULL,NULL),(1460,209,260,NULL,NULL),(1471,209,261,NULL,NULL),(1472,209,320,NULL,NULL),(1474,209,321,NULL,NULL),(1475,209,323,NULL,NULL),(1479,209,262,NULL,NULL),(1491,209,263,NULL,NULL),(1501,228,345,NULL,NULL),(1502,228,349,NULL,NULL),(1503,228,353,NULL,NULL),(1504,228,354,NULL,NULL),(1505,228,355,NULL,NULL),(1506,228,356,NULL,NULL),(1507,228,357,NULL,NULL),(1508,228,350,NULL,NULL),(1509,228,351,NULL,NULL),(1510,228,352,NULL,NULL),(1511,228,451,NULL,NULL),(1512,228,452,NULL,NULL),(1513,228,453,NULL,NULL),(1514,228,454,NULL,NULL),(1515,228,455,NULL,NULL),(1516,228,456,NULL,NULL),(1517,228,462,NULL,NULL),(1518,228,463,NULL,NULL),(1519,228,346,NULL,NULL),(1533,228,457,NULL,NULL),(1534,228,458,NULL,NULL),(1535,228,464,NULL,NULL),(1536,228,465,NULL,NULL),(1537,228,468,NULL,NULL),(1538,228,469,NULL,NULL),(1539,228,445,NULL,NULL),(1559,228,444,NULL,NULL),(1565,228,358,NULL,NULL),(1579,228,347,NULL,NULL),(1599,228,348,NULL,NULL),(1619,228,1352,NULL,NULL),(1636,228,1353,NULL,NULL),(1653,228,1354,NULL,NULL),(1673,228,1355,NULL,NULL),(1692,228,1385,NULL,NULL),(1693,206,1106,NULL,NULL),(1694,206,1089,NULL,NULL),(1695,206,1090,NULL,NULL),(1696,206,1091,NULL,NULL),(1697,206,1092,NULL,NULL),(1698,206,1093,NULL,NULL),(1699,206,1094,NULL,NULL),(1701,206,1097,NULL,NULL),(1702,206,1098,NULL,NULL),(1703,206,1099,NULL,NULL),(1704,206,1100,NULL,NULL),(1705,206,1112,NULL,NULL),(1706,206,1113,NULL,NULL),(1707,206,1101,NULL,NULL),(1708,206,507,NULL,NULL),(1709,206,1104,NULL,NULL),(1710,206,1105,NULL,NULL),(1711,206,1197,NULL,NULL),(1712,206,1107,NULL,NULL),(1731,206,1108,NULL,NULL),(1748,206,1195,NULL,NULL),(1750,206,1109,NULL,NULL),(1767,206,1196,NULL,NULL),(1769,206,1110,NULL,NULL),(1788,206,1193,NULL,NULL),(1807,206,1194,NULL,NULL),(1826,229,433,NULL,NULL),(1827,229,442,NULL,NULL),(1828,229,446,NULL,NULL),(1829,229,480,NULL,NULL),(1830,229,466,NULL,NULL),(1831,229,481,NULL,NULL),(1832,229,503,NULL,NULL),(1833,229,504,NULL,NULL),(1834,229,507,NULL,NULL),(1835,229,508,NULL,NULL),(1836,229,509,NULL,NULL),(1837,229,1408,NULL,NULL),(1838,229,1409,NULL,NULL),(1839,229,1418,NULL,NULL),(1840,229,1410,NULL,NULL),(1841,229,1411,NULL,NULL),(1843,229,1412,NULL,NULL),(1844,229,1413,NULL,NULL),(1846,229,1414,NULL,NULL),(1847,229,1415,NULL,NULL),(1849,229,1416,NULL,NULL),(1850,229,1417,NULL,NULL),(1852,229,1419,NULL,NULL),(1854,229,1420,NULL,NULL),(1855,229,1421,NULL,NULL),(1856,229,434,NULL,NULL),(1857,229,470,NULL,NULL),(1858,229,471,NULL,NULL),(1860,229,475,NULL,NULL),(1861,229,477,NULL,NULL),(1862,229,505,NULL,NULL),(1863,229,506,NULL,NULL),(1866,229,510,NULL,NULL),(1867,229,511,NULL,NULL),(1887,229,435,NULL,NULL),(1917,229,436,NULL,NULL),(1948,208,1258,NULL,NULL),(1949,208,1266,NULL,NULL),(1950,208,1268,NULL,NULL),(1951,208,1270,NULL,NULL),(1952,208,1271,NULL,NULL),(1953,208,1272,NULL,NULL),(1954,208,1274,NULL,NULL),(1955,208,1275,NULL,NULL),(1956,208,1276,NULL,NULL),(1957,208,1279,NULL,NULL),(1958,208,1280,NULL,NULL),(1959,208,1328,NULL,NULL),(1960,208,1331,NULL,68),(1961,208,1332,NULL,68),(1962,208,1333,NULL,NULL),(1963,208,1334,NULL,NULL),(1964,208,1338,NULL,NULL),(1965,208,1339,NULL,135),(1966,208,1340,NULL,135),(1967,208,1341,NULL,135),(1968,208,1259,NULL,NULL),(1979,208,1329,NULL,NULL),(1984,208,1335,NULL,136),(1985,208,1336,NULL,136),(1990,208,1260,NULL,NULL),(2001,208,1330,NULL,NULL),(2008,208,1337,NULL,137),(2013,208,1261,NULL,NULL),(2014,208,1267,NULL,NULL),(2015,208,1269,NULL,NULL),(2020,208,1277,NULL,NULL),(2021,208,1278,NULL,NULL),(2033,208,1262,NULL,NULL),(2055,208,1263,NULL,NULL),(2064,208,1281,NULL,NULL),(2065,208,1282,NULL,NULL),(2074,208,1264,NULL,NULL),(2097,208,1265,NULL,NULL),(2116,259,NULL,NULL,NULL),(2117,243,NULL,NULL,NULL),(2118,243,562,NULL,NULL),(2119,243,577,NULL,NULL),(2120,243,565,NULL,NULL),(2121,243,578,NULL,NULL),(2122,243,566,NULL,NULL),(2123,243,567,NULL,NULL),(2124,243,571,NULL,NULL),(2125,243,572,NULL,NULL),(2126,243,573,NULL,NULL),(2127,243,574,NULL,NULL),(2128,243,579,NULL,NULL),(2129,243,580,NULL,NULL),(2130,243,581,NULL,NULL),(2131,243,582,NULL,NULL),(2132,243,583,NULL,NULL),(2133,243,584,NULL,NULL),(2134,243,576,NULL,NULL),(2135,243,585,NULL,NULL),(2136,242,NULL,NULL,NULL),(2137,241,NULL,NULL,NULL),(2138,273,NULL,NULL,NULL),(2139,256,844,NULL,NULL),(2140,256,845,NULL,NULL),(2141,256,847,NULL,NULL),(2142,256,848,NULL,NULL),(2143,256,849,NULL,NULL),(2147,256,850,NULL,NULL),(2148,256,851,NULL,NULL),(2149,148,854,NULL,NULL),(2150,148,855,NULL,NULL),(2151,266,NULL,NULL,NULL),(2152,240,NULL,NULL,NULL),(2153,251,NULL,NULL,NULL),(2154,280,1343,NULL,NULL),(2155,280,1344,NULL,NULL),(2156,280,1345,NULL,NULL),(2157,280,1346,NULL,NULL),(2158,235,377,NULL,NULL),(2159,235,378,NULL,NULL),(2160,235,379,NULL,NULL),(2162,235,381,NULL,NULL),(2164,235,386,NULL,NULL),(2165,235,384,NULL,NULL),(2168,235,388,NULL,NULL),(2170,235,390,NULL,NULL),(2172,235,392,NULL,NULL),(2175,235,395,NULL,NULL),(2178,235,400,NULL,NULL),(2180,235,402,NULL,NULL),(2182,235,404,NULL,NULL),(2185,235,407,NULL,NULL),(2188,235,412,NULL,NULL),(2189,235,413,NULL,NULL),(2190,235,414,NULL,NULL),(2191,235,415,NULL,NULL),(2192,235,416,NULL,NULL),(2193,235,417,NULL,NULL),(2194,235,418,NULL,NULL),(2195,235,419,NULL,NULL),(2196,235,420,NULL,NULL),(2197,235,421,NULL,NULL),(2198,235,422,NULL,NULL),(2199,235,423,NULL,NULL),(2200,235,424,NULL,NULL),(2201,235,425,NULL,NULL),(2202,235,1283,NULL,NULL),(2203,235,1284,NULL,NULL),(2204,235,1285,NULL,NULL),(2205,235,1286,NULL,NULL),(2206,235,1287,NULL,NULL),(2207,235,1288,NULL,NULL),(2208,235,1289,NULL,NULL),(2209,235,1290,NULL,NULL),(2210,235,1291,NULL,NULL),(2211,235,1236,NULL,NULL),(2214,235,1237,NULL,NULL),(2215,235,1242,NULL,NULL),(2216,235,1238,NULL,NULL),(2217,235,1239,NULL,NULL),(2218,235,1240,NULL,NULL),(2219,235,1241,NULL,NULL),(2220,235,1292,NULL,NULL),(2221,235,1293,NULL,NULL),(2222,235,1294,NULL,NULL),(2223,235,1295,NULL,NULL),(2224,235,1296,NULL,NULL),(2225,235,1297,NULL,NULL),(2226,235,1298,NULL,NULL),(2227,235,1299,NULL,NULL),(2228,235,1300,NULL,NULL),(2229,235,1301,NULL,NULL),(2230,235,1302,NULL,NULL),(2231,235,1303,NULL,NULL),(2232,235,1304,NULL,NULL),(2233,235,1305,NULL,NULL),(2234,235,1306,NULL,NULL),(2235,235,1307,NULL,NULL),(2236,235,1308,NULL,NULL),(2237,235,1309,NULL,NULL),(2238,235,1310,NULL,NULL),(2239,235,1311,NULL,NULL),(2240,235,1312,NULL,NULL),(2241,235,1313,NULL,NULL),(2242,235,1314,NULL,NULL),(2243,235,1315,NULL,NULL),(2244,235,1316,NULL,NULL),(2245,235,1317,NULL,NULL),(2246,235,1318,NULL,NULL),(2247,235,1319,NULL,NULL),(2248,235,1320,NULL,NULL),(2249,235,1321,NULL,NULL),(2250,235,1322,NULL,NULL),(2251,235,1323,NULL,NULL),(2252,235,1324,NULL,NULL),(2253,235,1325,NULL,NULL),(2254,235,1326,NULL,NULL),(2255,235,1327,NULL,NULL),(2256,261,932,NULL,NULL),(2257,261,933,NULL,NULL),(2258,261,934,NULL,NULL),(2259,261,935,NULL,NULL),(2260,261,939,NULL,NULL),(2261,261,940,NULL,NULL),(2262,261,936,NULL,NULL),(2263,261,1381,NULL,NULL),(2264,261,937,NULL,NULL),(2265,261,1382,NULL,NULL),(2266,261,1347,NULL,NULL),(2267,261,1383,NULL,NULL),(2268,261,1348,NULL,NULL),(2269,261,1384,NULL,NULL),(2270,230,NULL,NULL,NULL),(2271,230,945,NULL,NULL),(2272,230,962,NULL,NULL),(2273,230,964,NULL,NULL),(2274,230,965,NULL,NULL),(2275,230,966,NULL,NULL),(2276,230,967,NULL,NULL),(2277,230,968,NULL,NULL),(2278,230,969,NULL,NULL),(2279,230,970,NULL,NULL),(2280,230,971,NULL,NULL),(2281,230,972,NULL,NULL),(2282,230,973,NULL,NULL),(2283,230,974,NULL,NULL),(2284,230,978,NULL,NULL),(2285,230,981,NULL,NULL),(2286,230,990,NULL,NULL),(2287,230,997,NULL,NULL),(2288,230,946,NULL,NULL),(2305,230,947,NULL,NULL),(2306,230,963,NULL,NULL),(2319,230,979,NULL,NULL),(2320,230,980,NULL,NULL),(2324,230,948,NULL,NULL),(2343,230,949,NULL,NULL),(2344,230,959,NULL,NULL),(2361,230,950,NULL,NULL),(2379,230,951,NULL,NULL),(2397,230,952,NULL,NULL),(2415,230,953,NULL,NULL),(2416,230,960,NULL,NULL),(2417,230,961,NULL,NULL),(2435,230,954,NULL,NULL),(2454,230,955,NULL,NULL),(2473,230,956,NULL,NULL),(2492,230,957,NULL,NULL),(2504,230,977,NULL,NULL),(2509,230,982,NULL,NULL),(2510,230,983,NULL,NULL),(2511,230,984,NULL,NULL),(2512,230,985,NULL,NULL),(2513,230,986,NULL,NULL),(2515,230,991,NULL,NULL),(2516,230,992,NULL,NULL),(2517,230,993,NULL,NULL),(2518,230,994,NULL,NULL),(2519,230,995,NULL,NULL),(2521,230,987,NULL,NULL),(2522,230,988,NULL,NULL),(2523,230,989,NULL,NULL),(2524,230,996,NULL,NULL),(2525,230,1088,NULL,NULL),(2526,257,NULL,NULL,NULL),(2527,257,906,NULL,NULL),(2528,255,NULL,NULL,NULL),(2529,255,787,NULL,NULL),(2530,255,790,NULL,NULL),(2531,255,791,NULL,NULL),(2532,255,792,NULL,NULL),(2533,255,793,NULL,NULL),(2534,255,794,NULL,NULL),(2535,255,795,NULL,NULL),(2536,255,796,NULL,NULL),(2537,255,797,NULL,NULL),(2538,255,798,NULL,NULL),(2539,255,799,NULL,NULL),(2540,255,813,NULL,NULL),(2541,255,815,NULL,NULL),(2542,255,816,NULL,NULL),(2543,255,817,NULL,NULL),(2544,255,818,NULL,NULL),(2545,255,819,NULL,NULL),(2546,255,820,NULL,NULL),(2547,255,821,NULL,NULL),(2548,255,836,NULL,NULL),(2549,255,788,NULL,NULL),(2553,255,800,NULL,NULL),(2554,255,802,NULL,NULL),(2555,255,803,NULL,NULL),(2556,255,804,NULL,NULL),(2557,255,806,NULL,NULL),(2558,255,807,NULL,NULL),(2559,255,808,NULL,NULL),(2560,255,809,NULL,NULL),(2561,255,811,NULL,NULL),(2562,255,812,NULL,NULL),(2563,255,814,NULL,NULL),(2571,255,824,NULL,NULL),(2572,255,789,NULL,NULL),(2576,255,801,NULL,NULL),(2579,255,805,NULL,NULL),(2583,255,810,NULL,NULL),(2595,255,871,NULL,NULL),(2613,255,822,NULL,NULL),(2614,255,823,NULL,NULL),(2616,255,883,NULL,NULL),(2617,255,872,NULL,NULL),(2642,255,873,NULL,NULL),(2643,255,884,NULL,NULL),(2644,255,885,NULL,NULL),(2645,255,886,NULL,NULL),(2646,255,887,NULL,NULL),(2647,255,888,NULL,NULL),(2671,255,889,NULL,NULL),(2672,255,893,NULL,NULL),(2673,255,874,NULL,NULL),(2698,255,875,NULL,NULL),(2729,255,876,NULL,NULL),(2756,255,890,NULL,NULL),(2758,255,877,NULL,NULL),(2787,255,878,NULL,NULL),(2806,255,891,NULL,NULL),(2807,255,879,NULL,NULL),(2832,255,880,NULL,NULL),(2861,255,892,NULL,NULL),(2863,255,881,NULL,NULL),(2888,255,882,NULL,NULL),(2919,116,NULL,NULL,NULL),(2920,116,197,NULL,NULL),(2921,116,198,NULL,NULL),(2922,116,201,NULL,NULL),(2923,116,202,NULL,NULL),(2924,116,205,NULL,NULL),(2925,116,203,NULL,NULL),(2926,116,204,NULL,NULL),(2928,281,1390,NULL,NULL),(2929,281,1391,NULL,NULL),(2931,281,1392,NULL,NULL),(2934,281,1393,NULL,NULL),(2935,281,1388,NULL,NULL),(2936,281,1394,NULL,NULL),(2937,281,1395,NULL,NULL),(2938,281,1400,NULL,NULL),(2939,281,1401,NULL,NULL),(2940,281,1402,NULL,NULL),(2941,281,1403,NULL,NULL),(2942,281,1404,NULL,NULL),(2943,281,1405,NULL,NULL),(2944,281,1406,NULL,NULL),(2949,281,1396,NULL,NULL),(2950,281,1397,NULL,NULL),(2955,281,1375,NULL,NULL),(2957,281,1376,NULL,NULL),(2958,281,1407,NULL,NULL),(2959,281,1379,NULL,NULL),(2960,281,1377,NULL,NULL),(2962,281,1378,NULL,NULL),(2963,281,745,NULL,NULL),(2964,281,1380,NULL,NULL),(2965,281,1373,NULL,NULL),(2967,281,1374,NULL,NULL),(2969,283,NULL,NULL,NULL),(2970,250,NULL,NULL,NULL),(2971,254,721,NULL,90),(2972,269,NULL,NULL,NULL),(2973,116,116,NULL,NULL),(2974,236,427,NULL,NULL),(2975,141,141,NULL,NULL),(2976,250,658,NULL,NULL),(2977,288,1448,22.640300,NULL),(2978,269,1123,NULL,NULL),(2979,234,362,NULL,NULL),(2980,255,786,NULL,NULL),(2981,230,325,NULL,NULL),(2982,115,115,NULL,NULL),(2983,289,1449,NULL,NULL),(2984,243,561,NULL,NULL),(2986,261,1451,NULL,NULL),(2988,261,1453,NULL,NULL),(2989,290,1454,NULL,NULL),(2990,290,1455,20.300000,NULL),(2991,290,1456,70.570000,NULL),(2992,290,1457,NULL,NULL),(2993,290,1458,2.200000,124),(2994,290,1459,NULL,162),(2995,290,1460,0.062000,125),(2996,290,1461,0.052000,45),(2997,290,1462,0.025000,48),(2998,290,1463,0.046000,48),(2999,290,1464,NULL,162),(3000,290,1465,NULL,125),(3001,290,1466,NULL,NULL),(3002,290,1467,NULL,NULL),(3003,290,1468,NULL,NULL),(3004,290,1469,43.390000,126),(3005,206,1470,NULL,NULL),(3006,206,1471,NULL,NULL),(3007,206,1472,NULL,NULL),(3008,206,1473,NULL,NULL),(3009,206,1474,NULL,NULL),(3010,206,1420,NULL,NULL),(3011,206,1475,NULL,NULL),(3012,206,1418,NULL,NULL),(3013,257,899,NULL,NULL),(3014,229,1476,NULL,NULL),(3015,229,1471,NULL,NULL),(3016,229,1475,NULL,NULL),(3017,229,1477,NULL,NULL),(3018,229,1478,NULL,NULL),(3019,229,1479,NULL,NULL),(3020,283,1387,NULL,NULL),(3021,283,1480,NULL,NULL),(3022,283,1481,NULL,NULL),(3023,283,1482,NULL,NULL),(3024,283,1483,NULL,NULL),(3025,283,1484,NULL,NULL),(3026,283,1485,NULL,NULL),(3027,283,1486,NULL,NULL),(3028,283,1487,NULL,NULL),(3029,283,1488,NULL,NULL),(3030,283,1489,NULL,NULL),(3031,283,1490,NULL,NULL),(3032,283,1491,NULL,NULL),(3033,283,1492,NULL,NULL),(3034,283,1493,NULL,NULL),(3035,283,1494,NULL,NULL),(3036,283,1495,NULL,NULL),(3037,283,1496,NULL,NULL),(3038,283,1497,NULL,NULL),(3039,283,1498,NULL,NULL),(3040,283,1499,NULL,NULL),(3041,283,1500,NULL,NULL),(3042,283,1501,NULL,NULL),(3043,283,1502,NULL,NULL),(3044,283,1503,NULL,NULL),(3049,283,1508,NULL,NULL),(3050,291,1509,NULL,NULL),(3051,292,1510,NULL,NULL),(3052,292,1511,4.110000,NULL),(3053,292,1512,2.280000,NULL),(3054,272,1126,NULL,NULL),(3055,293,1513,NULL,NULL),(3056,294,1514,NULL,NULL),(3057,295,1515,NULL,NULL),(3058,296,1516,NULL,NULL),(3061,296,1519,NULL,NULL),(3063,296,1521,NULL,NULL),(3064,296,1522,NULL,NULL),(3065,296,1523,NULL,NULL),(3066,296,1524,NULL,NULL),(3067,296,1525,NULL,128),(3068,296,1526,NULL,128),(3070,296,1528,NULL,NULL),(3071,296,1529,NULL,129),(3072,295,1530,NULL,NULL),(3073,295,1531,NULL,NULL),(3074,295,1532,NULL,NULL),(3075,295,1533,NULL,NULL),(3076,295,1534,NULL,130),(3077,295,1535,NULL,NULL),(3078,295,1536,NULL,NULL),(3079,295,1537,NULL,131),(3080,295,1538,NULL,132),(3081,295,1539,NULL,133),(3082,295,1540,NULL,NULL),(3083,295,1541,NULL,NULL),(3084,295,1528,NULL,NULL),(3085,295,1542,NULL,129),(3086,297,1543,NULL,NULL),(3087,298,1544,NULL,NULL),(3088,297,1545,NULL,NULL),(3089,297,1546,NULL,NULL),(3090,297,1547,NULL,NULL),(3091,297,1548,NULL,NULL),(3092,297,1549,NULL,NULL),(3093,297,1550,NULL,NULL),(3094,297,1551,NULL,NULL),(3095,297,1552,NULL,73),(3096,297,1553,NULL,NULL),(3097,297,1554,NULL,73),(3098,297,1555,NULL,73),(3099,297,1556,NULL,NULL),(3100,297,1557,NULL,NULL),(3101,297,1558,NULL,NULL),(3102,297,1559,NULL,73),(3103,297,1560,NULL,73),(3104,297,1561,NULL,134),(3105,297,1562,NULL,134),(3106,297,1539,NULL,NULL),(3107,297,1540,NULL,NULL),(3108,297,1541,NULL,NULL),(3109,297,1563,NULL,133),(3110,297,1564,NULL,133),(3111,297,1565,NULL,133),(3112,297,1566,NULL,133),(3113,297,1567,NULL,133),(3114,297,1568,NULL,133),(3115,297,1569,NULL,NULL),(3116,297,1570,NULL,133),(3117,297,1571,NULL,129),(3118,297,1572,NULL,129),(3119,297,1573,NULL,NULL),(3121,298,1575,NULL,NULL),(3122,298,1576,NULL,NULL),(3123,298,1577,NULL,NULL),(3124,298,1578,NULL,NULL),(3125,298,1579,NULL,NULL),(3126,298,1580,NULL,NULL),(3127,298,1581,NULL,NULL),(3128,298,1582,NULL,133),(3129,298,1583,NULL,133),(3130,298,1565,NULL,133),(3131,298,1569,NULL,NULL),(3132,298,1541,NULL,NULL),(3133,298,1584,NULL,NULL),(3134,298,1585,NULL,NULL),(3135,298,1586,NULL,135),(3136,298,1587,NULL,135),(3137,298,1588,NULL,135),(3138,298,1589,NULL,129),(3139,298,1590,NULL,129),(3140,298,1591,NULL,129),(3141,298,1592,NULL,NULL),(3142,248,614,NULL,NULL),(3143,208,1421,NULL,NULL),(3144,208,921,NULL,NULL),(3145,208,352,NULL,NULL),(3146,208,1473,NULL,NULL),(3147,299,1593,NULL,NULL),(3148,208,1594,NULL,138),(3149,208,1595,NULL,138),(3150,208,1596,NULL,138),(3151,300,1597,NULL,NULL),(3152,208,1475,NULL,NULL),(3153,208,1598,NULL,NULL),(3154,208,1471,NULL,NULL),(3155,208,1472,NULL,NULL),(3156,299,1599,NULL,NULL),(3157,267,1013,NULL,NULL),(3158,299,1600,NULL,NULL),(3159,118,118,NULL,NULL),(3160,262,938,NULL,NULL),(3161,299,1601,NULL,NULL),(3162,208,1420,NULL,NULL),(3163,299,1602,NULL,NULL),(3164,208,1470,NULL,NULL),(3165,299,1603,NULL,NULL),(3166,208,1604,NULL,NULL),(3167,299,1605,NULL,NULL),(3168,208,1606,NULL,NULL),(3169,299,1607,NULL,NULL),(3170,299,1608,NULL,NULL),(3171,299,1609,NULL,NULL),(3172,299,1610,NULL,NULL),(3175,299,1613,NULL,NULL),(3176,299,1614,NULL,NULL),(3177,299,1615,NULL,NULL),(3178,299,1616,NULL,NULL),(3179,299,1617,NULL,NULL),(3180,299,1618,NULL,NULL),(3181,299,1619,NULL,NULL),(3182,299,1620,NULL,139),(3183,299,1621,NULL,77),(3184,299,1622,NULL,77),(3185,299,1623,NULL,NULL),(3186,299,1624,NULL,NULL),(3187,299,1625,NULL,NULL),(3188,299,1626,NULL,NULL),(3189,299,1627,NULL,133),(3190,299,1628,NULL,NULL),(3191,299,1629,NULL,NULL),(3192,299,1630,NULL,NULL),(3193,299,1631,NULL,NULL),(3194,299,1632,NULL,NULL),(3195,299,1633,NULL,NULL),(3196,299,1634,NULL,NULL),(3197,299,1635,NULL,NULL),(3198,299,1636,NULL,NULL),(3199,299,1637,NULL,NULL),(3200,301,1638,1.850000,NULL),(3201,301,1639,1.850000,NULL),(3202,300,1640,NULL,NULL),(3203,300,1641,NULL,NULL),(3204,300,1642,NULL,NULL),(3205,300,1643,NULL,NULL),(3206,300,1644,NULL,NULL),(3207,300,1645,NULL,NULL),(3208,300,1646,NULL,NULL),(3209,300,1647,NULL,NULL),(3210,300,1648,NULL,NULL),(3211,300,1649,NULL,NULL),(3212,300,1650,NULL,NULL),(3213,300,1651,NULL,NULL),(3214,300,1652,NULL,NULL),(3215,300,1653,NULL,NULL),(3216,300,1654,NULL,NULL),(3217,300,1655,NULL,NULL),(3218,300,1656,NULL,NULL),(3219,300,1657,NULL,NULL),(3220,300,1658,NULL,NULL),(3221,300,1659,NULL,NULL),(3222,300,1660,NULL,NULL),(3223,300,1661,NULL,NULL),(3224,300,1662,NULL,NULL),(3225,300,1621,NULL,77),(3226,300,1663,NULL,NULL),(3227,300,1664,NULL,NULL),(3228,300,1665,NULL,NULL),(3229,300,1620,NULL,139),(3230,300,1666,NULL,NULL),(3231,300,1667,NULL,NULL),(3232,300,1668,NULL,NULL),(3233,300,1669,NULL,NULL),(3234,300,1670,NULL,NULL),(3235,300,1671,NULL,NULL),(3236,300,1672,NULL,NULL),(3237,300,1673,NULL,NULL),(3240,229,1676,NULL,NULL),(3241,229,1677,NULL,73),(3242,229,1678,NULL,NULL),(3243,297,1592,NULL,NULL),(3244,229,1679,NULL,NULL),(3245,229,1680,NULL,NULL),(3246,229,1681,NULL,NULL),(3247,229,1682,NULL,NULL),(3248,270,1683,NULL,NULL),(3249,270,1124,NULL,NULL),(3250,302,1684,NULL,NULL),(3251,302,1685,NULL,NULL),(3252,303,1686,NULL,NULL),(3253,303,1687,NULL,NULL),(3254,303,1688,NULL,NULL),(3255,303,1689,NULL,NULL),(3256,303,1690,NULL,NULL),(3257,303,1691,NULL,NULL),(3258,303,1692,NULL,NULL),(3259,303,1693,NULL,NULL),(3260,303,1694,NULL,NULL),(3261,303,1695,NULL,NULL),(3262,304,1696,NULL,NULL),(3263,231,1697,NULL,NULL),(3264,231,1698,NULL,NULL),(3265,231,1699,NULL,NULL),(3266,231,1700,NULL,NULL),(3267,231,1701,NULL,NULL),(3268,231,1702,NULL,NULL),(3269,231,1703,NULL,NULL),(3270,231,1704,NULL,NULL),(3271,209,209,NULL,NULL),(3272,305,1705,NULL,NULL),(3274,307,1707,NULL,NULL),(3275,308,1708,NULL,NULL),(3276,309,1709,NULL,NULL),(3284,317,1718,NULL,NULL),(3294,307,1728,NULL,NULL),(3295,307,1729,NULL,NULL),(3296,307,1730,NULL,NULL),(3297,307,1731,NULL,NULL),(3298,318,1732,NULL,NULL),(3299,318,1733,25.120000,NULL),(3300,318,1734,25.120000,NULL),(3305,324,1739,NULL,NULL),(3306,324,1740,NULL,NULL),(3307,324,1741,NULL,NULL),(3308,324,1742,NULL,NULL),(3309,324,1743,NULL,NULL),(3310,324,1744,NULL,NULL),(3311,324,1745,NULL,NULL),(3312,324,1746,NULL,NULL),(3313,324,1747,NULL,NULL),(3314,324,1748,NULL,NULL),(3315,324,1749,NULL,NULL),(3316,324,1750,NULL,NULL),(3317,324,1751,NULL,NULL),(3318,324,1752,NULL,140),(3319,324,1753,NULL,NULL),(3320,324,1754,NULL,NULL),(3321,324,1755,NULL,140),(3322,324,1756,NULL,NULL),(3323,324,1757,NULL,NULL),(3324,324,1758,NULL,NULL),(3325,324,1759,NULL,NULL),(3326,324,1760,NULL,NULL),(3327,324,1761,NULL,NULL),(3328,324,1762,NULL,NULL),(3329,324,1763,NULL,NULL),(3330,324,1764,NULL,NULL),(3331,325,1765,NULL,NULL),(3332,325,1766,2.210000,NULL),(3333,326,1767,NULL,NULL),(3334,327,1768,NULL,NULL),(3335,327,1769,4.916000,NULL),(3336,327,1770,4.916000,NULL),(3337,327,1771,4.848000,NULL),(3338,327,1772,4.771000,NULL),(3339,327,1773,4.771000,NULL),(3340,327,1774,5.213000,NULL),(3341,327,1775,5.213000,NULL),(3342,328,1776,NULL,NULL),(3343,328,1777,5.009000,NULL),(3344,328,1778,4.939000,NULL),(3345,328,1779,4.863000,NULL),(3346,328,1780,4.863000,NULL),(3347,328,1781,5.305000,NULL),(3348,328,1782,5.305000,NULL),(3349,327,386,NULL,NULL),(3350,327,1783,NULL,NULL),(3351,327,1434,NULL,NULL),(3352,327,1437,NULL,NULL),(3353,328,386,NULL,115),(3354,328,1783,NULL,NULL),(3355,328,1434,NULL,NULL),(3356,328,1437,NULL,NULL),(3357,304,1784,NULL,NULL),(3359,317,1786,NULL,NULL),(3360,317,1787,NULL,NULL),(3361,317,1788,NULL,140),(3362,317,1789,NULL,141),(3363,317,1790,NULL,NULL),(3364,317,1791,NULL,NULL),(3365,317,1792,NULL,NULL),(3366,317,1793,NULL,NULL),(3367,317,1794,NULL,142),(3368,317,1795,NULL,143),(3369,317,1796,NULL,NULL),(3370,317,1797,NULL,NULL),(3371,317,1798,NULL,140),(3372,317,1799,NULL,144),(3373,317,1800,NULL,NULL),(3374,317,1801,NULL,NULL),(3375,317,1802,NULL,NULL),(3376,317,1803,NULL,NULL),(3377,317,1804,NULL,NULL),(3378,317,1805,NULL,145),(3379,317,1806,NULL,NULL),(3380,317,1807,NULL,NULL),(3381,317,1808,NULL,NULL),(3382,317,1809,NULL,NULL),(3383,317,1810,NULL,NULL),(3384,317,1811,NULL,NULL),(3385,317,1812,NULL,NULL),(3386,317,1813,NULL,NULL),(3387,317,1814,NULL,NULL),(3388,209,1815,0.030000,69),(3389,NULL,NULL,NULL,NULL),(3390,229,1470,NULL,NULL),(3391,229,1816,NULL,NULL),(3392,229,1817,NULL,NULL),(3393,229,1818,NULL,NULL),(3394,304,1819,NULL,NULL),(3395,118,1820,NULL,NULL),(3396,118,1821,NULL,NULL),(3397,329,1822,NULL,NULL),(3398,118,1823,NULL,NULL),(3399,330,1824,NULL,NULL),(3400,331,1825,NULL,NULL),(3401,262,1826,NULL,NULL),(3402,262,1827,NULL,NULL),(3403,262,1569,NULL,133),(3404,262,993,NULL,133),(3405,262,1828,NULL,NULL),(3406,262,1829,NULL,NULL),(3407,262,1830,NULL,NULL),(3408,262,1831,NULL,NULL),(3409,262,1832,NULL,133),(3410,262,1833,NULL,133),(3411,262,1834,NULL,133),(3412,262,1835,NULL,133),(3413,262,1836,NULL,133),(3414,262,1837,NULL,133),(3415,262,1838,NULL,NULL),(3416,262,1839,NULL,NULL),(3417,262,1840,NULL,NULL),(3418,262,1841,NULL,NULL),(3419,262,1842,NULL,135),(3420,262,1843,NULL,135),(3421,262,1844,NULL,135),(3422,209,1845,0.040000,45),(3423,262,1846,NULL,NULL),(3424,118,1847,NULL,NULL),(3425,118,1848,NULL,NULL),(3426,118,1849,NULL,NULL),(3427,118,1850,NULL,NULL),(3428,118,1851,NULL,NULL),(3429,118,1852,NULL,NULL),(3430,118,1853,NULL,NULL),(3431,118,1854,NULL,NULL),(3432,118,1855,NULL,NULL),(3433,118,1856,NULL,NULL),(3434,118,1857,NULL,NULL),(3435,118,1858,NULL,NULL),(3436,118,1859,NULL,NULL),(3437,118,1860,NULL,NULL),(3438,118,1861,NULL,46),(3439,118,1862,NULL,46),(3440,118,1863,NULL,46),(3441,118,1864,NULL,46),(3442,118,1865,NULL,46),(3443,118,1866,NULL,46),(3444,118,1867,NULL,46),(3445,118,1868,NULL,46),(3446,118,1869,NULL,46),(3447,118,1870,NULL,NULL),(3448,118,1871,NULL,NULL),(3449,118,1872,NULL,NULL),(3450,118,1873,NULL,NULL),(3451,118,1874,NULL,NULL),(3452,118,1875,NULL,NULL),(3453,118,1876,NULL,NULL),(3454,118,1877,NULL,46),(3455,118,1878,NULL,46),(3456,118,1879,NULL,NULL),(3457,118,1880,NULL,NULL),(3458,118,1881,NULL,45),(3459,NULL,NULL,NULL,NULL),(3460,NULL,NULL,NULL,NULL),(3461,NULL,NULL,NULL,NULL),(3462,NULL,NULL,NULL,NULL),(3464,262,1883,NULL,135),(3465,262,1884,NULL,135),(3466,262,1885,NULL,135),(3467,262,1886,NULL,NULL),(3468,262,1887,NULL,NULL),(3469,262,1888,NULL,NULL),(3470,333,1889,NULL,NULL),(3471,334,1890,NULL,NULL),(3472,334,1891,25.610000,NULL),(3474,268,1893,NULL,151),(3475,268,1894,NULL,151),(3476,268,1895,NULL,NULL),(3477,268,1896,NULL,152),(3478,268,1897,NULL,153),(3479,268,1898,NULL,154),(3480,268,1899,NULL,154),(3481,268,1900,NULL,154),(3482,268,1901,NULL,NULL),(3483,268,1902,NULL,155),(3484,268,1903,NULL,155),(3485,268,1904,NULL,155),(3486,268,1905,NULL,NULL),(3487,268,1906,NULL,NULL),(3488,268,1907,NULL,45),(3489,268,1908,NULL,NULL),(3490,268,1475,NULL,NULL),(3491,268,1420,NULL,NULL),(3492,268,1909,NULL,156),(3493,268,921,NULL,NULL),(3494,268,1910,NULL,157),(3495,268,1911,NULL,NULL),(3496,233,1912,NULL,NULL),(3497,233,1913,NULL,158),(3498,233,1894,NULL,151),(3499,233,1893,NULL,151),(3500,233,1914,NULL,68),(3501,233,1915,NULL,68),(3502,233,1916,NULL,159),(3503,233,1472,NULL,NULL),(3504,233,1917,NULL,160),(3505,209,1918,0.980000,71),(3506,259,912,NULL,NULL),(3507,230,1919,NULL,NULL),(3508,230,1920,NULL,55),(3509,230,1921,NULL,NULL),(3510,230,1922,NULL,NULL),(3511,230,1923,NULL,NULL),(3512,230,1924,NULL,NULL),(3513,230,1925,NULL,NULL),(3514,230,1926,NULL,NULL),(3515,230,1927,NULL,NULL),(3516,230,1928,NULL,NULL),(3517,230,1929,NULL,NULL),(3518,230,1930,NULL,NULL),(3519,230,1931,NULL,NULL),(3520,266,1012,NULL,NULL),(3521,300,1932,NULL,NULL),(3522,300,1933,NULL,NULL),(3523,300,1934,NULL,NULL),(3524,300,1935,NULL,NULL),(3525,335,1936,7.581000,NULL),(3526,336,1937,7.814800,NULL),(3527,252,1938,NULL,NULL),(3529,252,1940,NULL,NULL),(3530,252,1941,NULL,78),(3531,252,1942,NULL,161),(3532,252,1943,NULL,NULL),(3533,252,1944,NULL,NULL),(3534,330,1945,NULL,NULL),(3535,330,1946,NULL,NULL),(3536,330,1947,NULL,NULL),(3537,337,1948,NULL,NULL),(3538,331,1949,NULL,NULL),(3539,331,1950,NULL,NULL),(3540,331,1951,NULL,NULL),(3541,331,1952,NULL,NULL),(3542,331,1953,NULL,NULL),(3543,331,1954,NULL,NULL),(3545,331,1956,NULL,NULL),(3546,331,1957,NULL,NULL),(3547,337,1958,NULL,NULL),(3548,337,1959,NULL,NULL),(3549,337,1960,NULL,NULL),(3550,337,1961,NULL,NULL),(3551,326,1962,NULL,NULL),(3552,326,1963,NULL,NULL),(3554,326,1965,NULL,NULL),(3555,326,1966,NULL,NULL),(3556,293,1967,NULL,NULL),(3557,326,1968,NULL,NULL),(3558,326,1969,NULL,NULL),(3559,326,1970,NULL,NULL),(3560,326,1971,NULL,NULL),(3561,326,1972,NULL,NULL),(3562,326,1973,NULL,NULL),(3563,326,1974,NULL,NULL),(3564,326,1975,NULL,NULL),(3565,326,1976,NULL,46),(3566,326,1977,NULL,46),(3567,326,1978,NULL,46),(3568,252,1979,NULL,NULL),(3569,338,1980,NULL,NULL),(3570,338,1981,13.888000,NULL),(3571,338,1982,13.902000,NULL),(3572,338,1983,11.524000,NULL),(3573,338,1984,3.439000,NULL),(3574,338,1985,NULL,NULL),(3575,289,1986,NULL,NULL),(3576,289,1987,NULL,NULL),(3577,289,1988,NULL,NULL),(3578,289,1989,NULL,NULL),(3579,289,1990,NULL,45),(3580,289,1991,NULL,NULL),(3581,289,1992,NULL,NULL),(3582,NULL,NULL,NULL,NULL),(3583,339,1993,NULL,NULL),(3584,339,1994,NULL,NULL),(3585,339,1995,NULL,NULL),(3586,339,1996,NULL,NULL),(3587,339,1997,NULL,NULL),(3588,339,1998,NULL,NULL),(3589,339,1999,NULL,NULL),(3590,NULL,NULL,NULL,NULL),(3591,NULL,NULL,NULL,NULL),(3592,NULL,NULL,NULL,NULL),(3593,290,2000,NULL,162),(3594,290,2001,0.092000,125),(3595,300,2002,NULL,NULL),(3596,300,2003,NULL,NULL),(3597,300,2004,NULL,NULL),(3598,289,2005,NULL,NULL),(3599,289,2006,NULL,NULL),(3600,300,2007,NULL,NULL),(3601,300,2008,NULL,135),(3602,300,2009,NULL,NULL),(3603,340,2010,NULL,NULL),(3604,300,2011,NULL,135),(3605,300,2012,NULL,135),(3606,300,2013,NULL,135),(3607,300,2014,NULL,135),(3608,300,2015,NULL,135),(3609,300,2016,NULL,NULL),(3610,298,2017,NULL,NULL),(3611,341,2018,NULL,NULL),(3612,341,2019,NULL,NULL),(3613,341,2020,NULL,NULL),(3614,341,1095,1.350000,137),(3615,341,2021,NULL,NULL),(3616,341,2022,NULL,NULL),(3617,341,1596,NULL,NULL),(3618,341,476,NULL,NULL),(3619,341,2023,NULL,NULL),(3620,341,2024,NULL,NULL),(3621,341,2025,NULL,NULL),(3622,341,1141,NULL,NULL),(3623,341,921,NULL,NULL),(3624,NULL,NULL,NULL,NULL),(3625,342,2026,NULL,NULL),(3628,334,2029,NULL,NULL),(3629,334,2030,NULL,NULL),(3630,342,2031,NULL,NULL),(3631,342,2032,NULL,NULL),(3632,256,2033,NULL,NULL),(3633,256,1027,NULL,NULL),(3634,283,1462,NULL,NULL),(3635,339,801,222.000000,NULL),(3637,268,2035,56.000000,NULL),(3638,268,2036,1234.000000,NULL),(3640,299,2038,NULL,NULL),(3641,299,1537,NULL,NULL),(3642,299,1798,NULL,NULL),(3643,233,361,NULL,NULL),(3645,328,2040,NULL,NULL),(3646,328,901,NULL,NULL),(3647,328,2041,4.863000,NULL),(3648,262,901,NULL,76),(3649,262,1528,NULL,NULL);
/*!40000 ALTER TABLE `tblprogramproduct` ENABLE KEYS */;
UNLOCK TABLES;

--
-- Table structure for table `tblprogramproductionfacility`
--

DROP TABLE IF EXISTS `tblprogramproductionfacility`;
/*!40101 SET @saved_cs_client     = @@character_set_client */;
/*!40101 SET character_set_client = utf8 */;
CREATE TABLE `tblprogramproductionfacility` (
  `intProgramProductionFacilityID` int(10) unsigned NOT NULL AUTO_INCREMENT,
  `intProgramCommonID` int(10) unsigned DEFAULT NULL,
  `intProductionFacilityID` int(10) unsigned DEFAULT NULL,
  `intOccurrences` smallint(5) unsigned DEFAULT NULL,
  PRIMARY KEY (`intProgramProductionFacilityID`),
  UNIQUE KEY `ukcProgramProductionFacility1` (`intProgramCommonID`,`intProductionFacilityID`),
  KEY `fkcProgramProductionFacility2` (`intProductionFacilityID`),
  CONSTRAINT `fkcProgramProductionFacility1` FOREIGN KEY (`intProgramCommonID`) REFERENCES `tblprogramcommon` (`intProgramCommonID`) ON DELETE CASCADE ON UPDATE CASCADE,
  CONSTRAINT `fkcProgramProductionFacility2` FOREIGN KEY (`intProductionFacilityID`) REFERENCES `tblfacility` (`intFacilityID`) ON DELETE CASCADE ON UPDATE CASCADE
) ENGINE=InnoDB AUTO_INCREMENT=139 DEFAULT CHARSET=latin1;
/*!40101 SET character_set_client = @saved_cs_client */;

--
-- Dumping data for table `tblprogramproductionfacility`
--

LOCK TABLES `tblprogramproductionfacility` WRITE;
/*!40000 ALTER TABLE `tblprogramproductionfacility` DISABLE KEYS */;
INSERT INTO `tblprogramproductionfacility` VALUES (1,275,12,3),(2,279,12,5),(3,279,11,2),(4,225,40,2),(5,249,42,1),(6,253,39,19),(7,287,49,5),(8,179,49,1),(9,231,49,30),(10,180,49,3),(11,178,49,5),(12,237,49,5),(13,297,29,28),(14,298,29,14),(15,295,29,7),(16,296,29,6),(17,236,23,27),(18,282,35,1),(19,234,39,14),(20,234,23,1),(21,301,39,2),(22,292,27,2),(23,285,12,8),(24,290,35,8),(25,248,39,9),(26,248,23,1),(27,141,11,7),(28,118,8,28),(29,303,31,5),(30,303,99,1),(31,252,13,6),(32,252,11,8),(33,262,8,15),(34,262,12,47),(35,262,13,1),(37,272,35,3),(38,239,42,12),(39,239,4,2),(40,239,62,6),(41,267,33,154),(42,267,29,54),(43,270,35,10),(44,227,12,1),(45,268,53,7),(46,268,12,12),(47,268,11,43),(48,233,53,7),(49,233,12,27),(50,233,11,35),(51,207,35,1),(52,209,36,31),(53,228,38,11),(54,228,36,30),(55,206,36,85),(56,206,38,7),(57,229,38,16),(58,229,36,42),(59,208,38,9),(60,208,36,72),(61,259,27,2),(62,259,42,3),(63,243,40,10),(64,243,33,8),(65,274,35,12),(66,273,35,13),(67,238,40,1),(68,256,71,1),(69,256,9,5),(70,148,9,3),(71,277,33,7),(72,277,32,2),(73,263,7,3),(74,271,35,1),(75,266,13,3),(76,240,19,1),(77,276,35,3),(78,288,15,1),(79,280,15,5),(80,235,23,12),(81,235,35,34),(82,261,35,17),(83,230,33,27),(84,245,13,3),(85,257,23,4),(86,257,13,1),(87,255,33,19),(88,116,23,12),(89,116,13,3),(90,246,13,3),(91,289,35,13),(92,281,29,5),(93,281,27,13),(94,283,30,16),(95,250,11,13),(96,305,31,1),(97,254,11,6),(98,254,13,3),(99,299,8,9),(100,299,12,2),(101,299,13,16),(102,300,8,13),(103,300,12,4),(104,300,13,8),(105,302,28,1),(106,269,35,5),(107,317,31,16),(109,307,31,4),(110,318,30,1),(111,324,31,34),(112,325,13,1),(113,326,30,21),(114,327,12,3),(115,328,12,3),(116,304,29,3),(117,118,11,129),(118,329,31,1),(119,262,11,15),(120,118,12,59),(121,118,13,60),(122,334,35,1),(123,300,11,12),(124,230,23,6),(125,335,7,1),(126,336,7,1),(127,330,31,3),(128,337,111,4),(129,331,111,8),(130,293,11,1),(131,326,31,14),(132,338,31,5),(133,339,35,2),(134,230,35,4),(135,341,42,4),(136,283,29,1),(137,339,9,1);
/*!40000 ALTER TABLE `tblprogramproductionfacility` ENABLE KEYS */;
UNLOCK TABLES;

--
-- Table structure for table `tblprogramsubtype`
--

DROP TABLE IF EXISTS `tblprogramsubtype`;
/*!40101 SET @saved_cs_client     = @@character_set_client */;
/*!40101 SET character_set_client = utf8 */;
CREATE TABLE `tblprogramsubtype` (
  `intProgramSubTypeID` int(10) unsigned NOT NULL AUTO_INCREMENT,
  `intProgramTypeID` int(10) unsigned DEFAULT NULL,
  `strProgramSubType` varchar(50) DEFAULT NULL,
  `blnAdminApproved` tinyint(3) unsigned NOT NULL DEFAULT '0',
  PRIMARY KEY (`intProgramSubTypeID`),
  KEY `fkcProgramSubType1` (`intProgramTypeID`),
  CONSTRAINT `fkcProgramSubType1` FOREIGN KEY (`intProgramTypeID`) REFERENCES `tblprogramtype` (`intProgramTypeID`) ON DELETE CASCADE ON UPDATE CASCADE
) ENGINE=InnoDB AUTO_INCREMENT=48 DEFAULT CHARSET=latin1;
/*!40101 SET character_set_client = @saved_cs_client */;

--
-- Dumping data for table `tblprogramsubtype`
--

LOCK TABLES `tblprogramsubtype` WRITE;
/*!40000 ALTER TABLE `tblprogramsubtype` DISABLE KEYS */;
INSERT INTO `tblprogramsubtype` VALUES (1,1,'Bumper System',1),(2,1,'Cowl/Leaf Screen',1),(3,1,'Functional',1),(4,1,'Trim',1),(5,3,'Winch',1),(6,3,'Brake',1),(7,3,'Door Check',1),(8,1,'Fascia',1),(9,1,'Bolster',1),(10,5,'Garnish Trim',1),(11,2,'Front Bumper Pods',1),(12,1,'Sunroof',1),(13,1,'Battery Tray',1),(14,2,'Rear Bumper',0),(15,2,'Pedal',0),(16,1,'Front Grille',0),(17,2,'Front Bumper',0),(18,2,'B pillar',0),(19,2,'Sunroof Reinf',0),(20,3,'Hood Hinge',0),(21,1,'Hinge',0),(22,3,'EG Hinge',0),(23,1,'Fog Lamp Cover',0),(24,5,'Painted Trim',0),(25,1,'Interior Trim',0),(26,1,'Decor Trim',0),(27,5,'IP Trim',0),(28,2,'Welded Assembly',0),(29,1,'Back Door Garnish',0),(30,1,'Spoiler Assembly',0),(31,5,'Decorative trim',0),(32,2,'Hood Hinges',0),(33,4,'Front Signature Lamp',0),(34,4,'Fog Lamp',0),(35,2,'STAMPING',0),(36,4,'Redundant Rr TL',0),(37,4,'CHMSL',0),(38,4,'Backup Lamp',0),(39,4,'Reflex Rear',0),(40,4,'Side Marker',0),(41,4,'Tail Lamp',0),(42,4,'Lighting',0),(43,4,'Applique',0),(44,3,'Jack',0),(45,4,'Headlamp',0),(46,4,'Exterior Lighting',0),(47,3,'Pedal Assembly',0);
/*!40000 ALTER TABLE `tblprogramsubtype` ENABLE KEYS */;
UNLOCK TABLES;

--
-- Table structure for table `tblprogramtype`
--

DROP TABLE IF EXISTS `tblprogramtype`;
/*!40101 SET @saved_cs_client     = @@character_set_client */;
/*!40101 SET character_set_client = utf8 */;
CREATE TABLE `tblprogramtype` (
  `intProgramTypeID` int(10) unsigned NOT NULL AUTO_INCREMENT,
  `strProgramType` varchar(40) DEFAULT NULL,
  `intApprovalProcessID` int(10) unsigned DEFAULT NULL,
  PRIMARY KEY (`intProgramTypeID`),
  KEY `fkcProgramType1` (`intApprovalProcessID`),
  CONSTRAINT `fkcProgramType1` FOREIGN KEY (`intApprovalProcessID`) REFERENCES `tblapprovalprocess` (`intApprovalProcessID`) ON UPDATE CASCADE
) ENGINE=InnoDB AUTO_INCREMENT=6 DEFAULT CHARSET=latin1;
/*!40101 SET character_set_client = @saved_cs_client */;

--
-- Dumping data for table `tblprogramtype`
--

LOCK TABLES `tblprogramtype` WRITE;
/*!40000 ALTER TABLE `tblprogramtype` DISABLE KEYS */;
INSERT INTO `tblprogramtype` VALUES (1,'Plastic',1),(2,'Metal',6),(3,'Mechanical Assembly',7),(4,'Lighting',1),(5,'Interior',1);
/*!40000 ALTER TABLE `tblprogramtype` ENABLE KEYS */;
UNLOCK TABLES;

--
-- Table structure for table `tblrole`
--

DROP TABLE IF EXISTS `tblrole`;
/*!40101 SET @saved_cs_client     = @@character_set_client */;
/*!40101 SET character_set_client = utf8 */;
CREATE TABLE `tblrole` (
  `intRoleID` int(10) unsigned NOT NULL AUTO_INCREMENT,
  `strRoleName` varchar(80) DEFAULT NULL,
  `strStatus` enum('Active','Disabled') DEFAULT 'Active',
  `blnPlantLevel` tinyint(3) unsigned NOT NULL DEFAULT '0',
  `blnOverrideProgramSecurity` tinyint(3) unsigned DEFAULT '0',
  `intCreatedByUserID` int(10) unsigned DEFAULT NULL,
  `dtmCreatedOn` datetime DEFAULT NULL,
  PRIMARY KEY (`intRoleID`),
  KEY `fkcRole1` (`intCreatedByUserID`),
  CONSTRAINT `fkcRole1` FOREIGN KEY (`intCreatedByUserID`) REFERENCES `tbluser` (`intUserID`) ON DELETE CASCADE ON UPDATE CASCADE
) ENGINE=InnoDB AUTO_INCREMENT=60 DEFAULT CHARSET=latin1;
/*!40101 SET character_set_client = @saved_cs_client */;

--
-- Dumping data for table `tblrole`
--

LOCK TABLES `tblrole` WRITE;
/*!40000 ALTER TABLE `tblrole` DISABLE KEYS */;
INSERT INTO `tblrole` VALUES (1,'System Administrator','Active',0,1,1,'2011-10-17 15:19:00'),(2,'Program Manager','Active',1,0,1,'2011-10-17 15:19:00'),(3,'Director of Engineering','Active',0,1,1,'2011-10-17 15:19:17'),(4,'Account Manager','Active',0,0,1,'2011-10-17 15:19:17'),(5,'Director of Sales','Active',0,0,1,'2011-10-17 16:32:00'),(6,'Plant Manager','Active',1,0,1,'2011-10-25 08:19:11'),(7,'Senior Program Manager','Active',0,0,1,'2011-10-25 08:19:11'),(8,'Engineering Manager','Active',0,0,1,'2011-10-25 08:19:11'),(9,'Sales Coordinator','Active',1,0,1,'2011-10-25 08:19:11'),(10,'Director of Tooling','Disabled',0,0,1,'2011-10-25 08:19:11'),(11,'Tooling Manager','Active',1,1,1,'2011-10-25 08:19:11'),(12,'CAD Manager','Active',0,0,1,'2011-10-25 08:19:11'),(13,'CAD Design Leader','Disabled',0,0,1,'2011-10-25 08:19:11'),(14,'CAD Designer','Disabled',0,0,1,'2011-10-25 08:19:11'),(15,'Estimating Manager','Active',0,0,1,'2011-10-25 08:19:11'),(16,'Cost Estimating','Active',0,0,1,'2011-10-25 08:19:11'),(17,'Director of Quality','Active',0,0,1,'2011-10-25 08:19:11'),(18,'Quality Engineer','Active',1,0,1,'2011-10-25 08:19:11'),(19,'Resource Planning Manager','Disabled',0,0,1,'2011-10-25 08:19:11'),(20,'VP of Purchasing','Active',0,0,1,'2011-10-25 08:19:11'),(21,'Director of Purchasing','Active',0,1,1,'2011-10-25 08:19:11'),(22,'Purchasing','Active',0,0,1,'2011-10-25 08:19:11'),(23,'Manufacturing Manager','Disabled',1,0,1,'2011-10-25 08:19:11'),(24,'Manufacturing Engineer','Active',1,0,1,'2011-10-25 08:19:11'),(25,'Packaging Engineer','Active',0,1,1,'2011-10-25 08:19:11'),(26,'Scheduler','Active',1,0,1,'2011-10-25 08:19:11'),(27,'Materials Manager','Active',1,0,1,'2011-10-25 08:19:11'),(28,'Logistics Specialist','Active',0,0,1,'2011-11-16 09:55:36'),(29,'Quality Systems Manager','Active',0,0,1,'2011-12-07 16:04:12'),(30,'Tooling Engineer','Active',1,0,1,'2011-12-19 13:36:13'),(31,'Quality Manager','Active',1,0,1,'2011-12-21 08:47:54'),(32,'Read Only User','Active',0,0,1,'2012-01-13 12:30:47'),(33,'Secondary Engineer','Active',1,0,1,'2012-01-31 14:06:14'),(34,'Director of Manufacturing','Active',0,0,1,'2012-02-02 09:44:50'),(35,'Supplier Quality','Active',0,0,1,'2012-02-02 12:04:04'),(36,'General Manager','Active',0,0,1,'2012-02-02 15:57:00'),(37,'Senior Accountant','Active',0,0,1,'2012-02-03 16:23:25'),(38,'Quotation Manager','Active',0,0,1,'2012-02-03 16:25:40'),(39,'Controller','Active',1,0,1,'2012-02-09 21:19:23'),(40,'Creative Director','Active',0,0,1,'2012-02-13 12:08:48'),(41,'Industrial Engineer','Active',1,0,1,'2012-02-13 13:05:24'),(42,'Launch Manager','Active',1,0,1,'2012-02-16 08:20:26'),(43,'Materials Purchasing','Active',1,0,1,'2012-02-16 08:23:02'),(44,'Assembly Engineer','Active',1,0,1,'2012-02-24 11:18:53'),(45,'Production Manager','Active',1,0,1,'2012-02-27 10:38:57'),(46,'R&D Engineering','Active',0,0,1,'2012-02-27 10:54:00'),(47,'VP of Manufacturing','Active',0,0,1,'2012-02-28 13:45:42'),(48,'Director of Operations','Active',0,0,1,'2012-02-29 10:25:11'),(49,'Tool Room Supervisor','Active',1,0,1,'2012-03-13 11:54:07'),(50,'APQP Coordinator','Active',1,0,1,'2012-03-28 08:24:37'),(51,'Operations Manager','Active',0,0,1,'2012-04-18 13:58:45'),(52,'Product Testing','Active',1,0,1,'2012-04-23 16:16:30'),(53,'Technical Manager','Active',0,0,1,'2012-04-25 13:05:00'),(54,'Process Engineer','Active',1,0,1,'2012-05-07 08:35:17'),(55,'Plant Program Manager','Active',1,0,1,'2012-05-22 13:27:25'),(57,'Engineering Change Coordinator','Active',1,0,1,'2012-07-11 14:58:16'),(58,'Project Engineer','Active',1,0,1,'2012-07-17 11:44:18'),(59,'Capacity Planner','Active',0,0,1,'2012-07-27 08:20:07');
/*!40000 ALTER TABLE `tblrole` ENABLE KEYS */;
UNLOCK TABLES;

--
-- Table structure for table `tblrolepermission`
--

DROP TABLE IF EXISTS `tblrolepermission`;
/*!40101 SET @saved_cs_client     = @@character_set_client */;
/*!40101 SET character_set_client = utf8 */;
CREATE TABLE `tblrolepermission` (
  `intRolePermissionID` int(10) unsigned NOT NULL AUTO_INCREMENT,
  `intRoleID` int(10) unsigned DEFAULT NULL,
  `intPermissionID` int(10) unsigned DEFAULT NULL,
  `intCreatedByUserID` int(10) unsigned DEFAULT NULL,
  `dtmCreatedOn` datetime DEFAULT NULL,
  PRIMARY KEY (`intRolePermissionID`),
  UNIQUE KEY `idxRolePermissionID` (`intRoleID`,`intPermissionID`),
  KEY `fkcRolePermission2` (`intPermissionID`),
  KEY `fkcRolePermission3` (`intCreatedByUserID`),
  CONSTRAINT `fkcRolePermission1` FOREIGN KEY (`intRoleID`) REFERENCES `tblrole` (`intRoleID`) ON DELETE CASCADE ON UPDATE CASCADE,
  CONSTRAINT `fkcRolePermission2` FOREIGN KEY (`intPermissionID`) REFERENCES `tblpermission` (`intPermissionID`) ON DELETE CASCADE ON UPDATE CASCADE,
  CONSTRAINT `fkcRolePermission3` FOREIGN KEY (`intCreatedByUserID`) REFERENCES `tbluser` (`intUserID`) ON DELETE CASCADE ON UPDATE CASCADE
) ENGINE=InnoDB AUTO_INCREMENT=972 DEFAULT CHARSET=latin1;
/*!40101 SET character_set_client = @saved_cs_client */;

--
-- Dumping data for table `tblrolepermission`
--

LOCK TABLES `tblrolepermission` WRITE;
/*!40000 ALTER TABLE `tblrolepermission` DISABLE KEYS */;
INSERT INTO `tblrolepermission` VALUES (1,4,13,NULL,NULL),(3,2,13,1,'2011-11-02 10:00:53'),(4,3,13,1,'2011-11-02 10:00:53'),(5,5,13,1,'2011-11-02 10:00:53'),(6,6,13,1,'2011-11-02 10:00:53'),(7,7,13,1,'2011-11-02 10:00:53'),(8,8,13,1,'2011-11-02 10:00:53'),(9,9,13,1,'2011-11-02 10:00:53'),(10,10,13,1,'2011-11-02 10:00:53'),(11,11,13,1,'2011-11-02 10:00:53'),(12,12,13,1,'2011-11-02 10:00:53'),(13,13,13,1,'2011-11-02 10:00:53'),(14,14,13,1,'2011-11-02 10:00:53'),(15,15,13,1,'2011-11-02 10:00:53'),(16,16,13,1,'2011-11-02 10:00:53'),(17,17,13,1,'2011-11-02 10:00:53'),(18,18,13,1,'2011-11-02 10:00:53'),(19,19,13,1,'2011-11-02 10:00:53'),(20,20,13,1,'2011-11-02 10:00:53'),(21,21,13,1,'2011-11-02 10:00:53'),(22,22,13,1,'2011-11-02 10:00:53'),(23,23,13,1,'2011-11-02 10:00:53'),(24,24,13,1,'2011-11-02 10:00:53'),(25,25,13,1,'2011-11-02 10:00:53'),(26,26,13,1,'2011-11-02 10:00:53'),(27,27,13,1,'2011-11-02 10:00:53'),(34,2,4,1,'2011-11-02 10:02:02'),(35,3,4,1,'2011-11-02 10:02:02'),(36,4,4,1,'2011-11-02 10:02:02'),(37,5,4,1,'2011-11-02 10:02:02'),(38,6,4,1,'2011-11-02 10:02:02'),(39,7,4,1,'2011-11-02 10:02:02'),(40,8,4,1,'2011-11-02 10:02:02'),(41,9,4,1,'2011-11-02 10:02:02'),(42,10,4,1,'2011-11-02 10:02:02'),(43,11,4,1,'2011-11-02 10:02:02'),(44,12,4,1,'2011-11-02 10:02:02'),(45,13,4,1,'2011-11-02 10:02:02'),(46,14,4,1,'2011-11-02 10:02:02'),(47,15,4,1,'2011-11-02 10:02:02'),(48,16,4,1,'2011-11-02 10:02:02'),(49,17,4,1,'2011-11-02 10:02:02'),(50,18,4,1,'2011-11-02 10:02:02'),(51,19,4,1,'2011-11-02 10:02:02'),(52,20,4,1,'2011-11-02 10:02:02'),(53,21,4,1,'2011-11-02 10:02:02'),(54,22,4,1,'2011-11-02 10:02:02'),(55,23,4,1,'2011-11-02 10:02:02'),(56,24,4,1,'2011-11-02 10:02:02'),(57,25,4,1,'2011-11-02 10:02:02'),(58,26,4,1,'2011-11-02 10:02:02'),(59,27,4,1,'2011-11-02 10:02:02'),(65,2,5,1,'2011-11-02 10:02:02'),(66,3,5,1,'2011-11-02 10:02:02'),(67,4,5,1,'2011-11-02 10:02:02'),(68,5,5,1,'2011-11-02 10:02:02'),(69,6,5,1,'2011-11-02 10:02:02'),(70,7,5,1,'2011-11-02 10:02:02'),(71,8,5,1,'2011-11-02 10:02:02'),(72,9,5,1,'2011-11-02 10:02:02'),(73,10,5,1,'2011-11-02 10:02:02'),(74,11,5,1,'2011-11-02 10:02:02'),(75,12,5,1,'2011-11-02 10:02:02'),(76,13,5,1,'2011-11-02 10:02:02'),(77,14,5,1,'2011-11-02 10:02:02'),(78,15,5,1,'2011-11-02 10:02:02'),(79,16,5,1,'2011-11-02 10:02:02'),(80,17,5,1,'2011-11-02 10:02:02'),(81,18,5,1,'2011-11-02 10:02:02'),(82,19,5,1,'2011-11-02 10:02:02'),(83,20,5,1,'2011-11-02 10:02:02'),(84,21,5,1,'2011-11-02 10:02:02'),(85,22,5,1,'2011-11-02 10:02:02'),(86,23,5,1,'2011-11-02 10:02:02'),(87,24,5,1,'2011-11-02 10:02:02'),(88,25,5,1,'2011-11-02 10:02:02'),(89,26,5,1,'2011-11-02 10:02:02'),(90,27,5,1,'2011-11-02 10:02:02'),(96,2,6,1,'2011-11-02 10:02:03'),(97,3,6,1,'2011-11-02 10:02:03'),(98,4,6,1,'2011-11-02 10:02:03'),(99,5,6,1,'2011-11-02 10:02:03'),(100,6,6,1,'2011-11-02 10:02:03'),(101,7,6,1,'2011-11-02 10:02:03'),(102,8,6,1,'2011-11-02 10:02:03'),(103,9,6,1,'2011-11-02 10:02:03'),(104,10,6,1,'2011-11-02 10:02:03'),(105,11,6,1,'2011-11-02 10:02:03'),(106,12,6,1,'2011-11-02 10:02:03'),(107,13,6,1,'2011-11-02 10:02:03'),(108,14,6,1,'2011-11-02 10:02:03'),(109,15,6,1,'2011-11-02 10:02:03'),(110,16,6,1,'2011-11-02 10:02:03'),(111,17,6,1,'2011-11-02 10:02:03'),(112,18,6,1,'2011-11-02 10:02:03'),(113,19,6,1,'2011-11-02 10:02:03'),(114,20,6,1,'2011-11-02 10:02:03'),(115,21,6,1,'2011-11-02 10:02:03'),(116,22,6,1,'2011-11-02 10:02:03'),(117,23,6,1,'2011-11-02 10:02:03'),(118,24,6,1,'2011-11-02 10:02:03'),(119,25,6,1,'2011-11-02 10:02:03'),(120,26,6,1,'2011-11-02 10:02:03'),(121,27,6,1,'2011-11-02 10:02:03'),(138,1,9,NULL,NULL),(140,1,8,NULL,NULL),(145,1,13,NULL,NULL),(146,1,4,NULL,NULL),(147,1,5,NULL,NULL),(148,1,6,NULL,NULL),(183,2,37,NULL,NULL),(186,4,23,NULL,NULL),(189,5,37,1,'2011-11-02 10:49:07'),(192,8,37,1,'2011-11-02 10:49:07'),(220,1,23,NULL,NULL),(221,1,NULL,NULL,NULL),(222,1,NULL,NULL,NULL),(223,1,NULL,NULL,NULL),(224,1,NULL,NULL,NULL),(225,1,NULL,NULL,NULL),(227,1,57,NULL,NULL),(228,4,57,NULL,NULL),(229,8,23,NULL,NULL),(230,8,57,NULL,NULL),(231,3,23,NULL,NULL),(232,3,57,NULL,NULL),(233,2,57,NULL,NULL),(234,7,23,NULL,NULL),(235,7,57,NULL,NULL),(236,5,23,NULL,NULL),(237,5,57,NULL,NULL),(238,1,37,NULL,NULL),(239,28,4,NULL,NULL),(240,28,6,NULL,NULL),(241,28,5,NULL,NULL),(242,28,13,NULL,NULL),(244,1,95,NULL,NULL),(245,3,98,NULL,NULL),(246,3,95,NULL,NULL),(248,30,4,NULL,NULL),(249,30,6,NULL,NULL),(251,30,5,NULL,NULL),(252,30,13,NULL,NULL),(253,1,91,NULL,NULL),(254,1,108,NULL,NULL),(255,1,12,NULL,NULL),(256,29,4,NULL,NULL),(257,29,6,NULL,NULL),(258,29,5,NULL,NULL),(259,29,13,NULL,NULL),(261,1,109,1,'2012-01-12 16:01:40'),(262,32,4,NULL,NULL),(263,32,6,NULL,NULL),(264,32,5,NULL,NULL),(265,32,13,NULL,NULL),(266,25,23,NULL,NULL),(268,32,12,NULL,NULL),(269,30,108,NULL,NULL),(270,30,12,NULL,NULL),(271,29,108,NULL,NULL),(272,29,12,NULL,NULL),(273,28,108,NULL,NULL),(274,28,12,NULL,NULL),(276,21,12,NULL,NULL),(277,25,108,NULL,NULL),(278,25,12,NULL,NULL),(279,6,108,NULL,NULL),(280,6,12,NULL,NULL),(282,7,12,NULL,NULL),(284,8,12,NULL,NULL),(286,5,12,NULL,NULL),(288,4,12,NULL,NULL),(290,3,12,NULL,NULL),(292,2,12,NULL,NULL),(293,11,108,NULL,NULL),(294,11,12,NULL,NULL),(295,1,127,NULL,NULL),(297,1,168,NULL,NULL),(298,1,169,NULL,NULL),(300,18,12,NULL,NULL),(301,17,12,NULL,NULL),(302,10,12,NULL,NULL),(303,15,12,NULL,NULL),(304,24,12,NULL,NULL),(305,23,12,NULL,NULL),(306,31,4,NULL,NULL),(307,31,6,NULL,NULL),(309,31,5,NULL,NULL),(310,31,13,NULL,NULL),(311,31,12,NULL,NULL),(312,20,12,NULL,NULL),(313,33,4,NULL,NULL),(314,33,6,NULL,NULL),(316,33,5,NULL,NULL),(317,33,13,NULL,NULL),(318,33,12,NULL,NULL),(319,19,12,NULL,NULL),(320,3,37,NULL,NULL),(321,7,37,NULL,NULL),(322,9,23,NULL,NULL),(323,9,12,NULL,NULL),(324,34,4,NULL,NULL),(325,34,6,NULL,NULL),(326,34,5,NULL,NULL),(327,34,13,NULL,NULL),(328,34,12,NULL,NULL),(330,21,23,NULL,NULL),(331,27,12,NULL,NULL),(332,22,12,NULL,NULL),(333,35,4,NULL,NULL),(334,35,6,NULL,NULL),(335,35,5,NULL,NULL),(336,35,13,NULL,NULL),(337,35,12,NULL,NULL),(338,37,4,NULL,NULL),(339,37,6,NULL,NULL),(340,37,5,NULL,NULL),(341,37,13,NULL,NULL),(342,37,12,NULL,NULL),(343,38,4,NULL,NULL),(344,38,6,NULL,NULL),(345,38,5,NULL,NULL),(346,38,13,NULL,NULL),(347,38,12,NULL,NULL),(348,12,12,NULL,NULL),(349,39,4,NULL,NULL),(350,39,6,NULL,NULL),(351,39,5,NULL,NULL),(352,39,13,NULL,NULL),(353,39,12,NULL,NULL),(354,1,205,NULL,NULL),(355,40,4,NULL,NULL),(356,40,6,NULL,NULL),(357,40,5,NULL,NULL),(358,40,13,NULL,NULL),(359,40,12,NULL,NULL),(360,41,4,NULL,NULL),(361,41,6,NULL,NULL),(362,41,5,NULL,NULL),(363,41,13,NULL,NULL),(364,41,12,NULL,NULL),(365,42,4,NULL,NULL),(366,42,6,NULL,NULL),(367,42,5,NULL,NULL),(368,42,13,NULL,NULL),(369,42,12,NULL,NULL),(370,43,4,NULL,NULL),(371,43,6,NULL,NULL),(372,43,5,NULL,NULL),(373,43,13,NULL,NULL),(374,43,12,NULL,NULL),(375,36,4,NULL,NULL),(376,36,6,NULL,NULL),(377,36,5,NULL,NULL),(378,36,13,NULL,NULL),(379,36,12,NULL,NULL),(380,16,12,NULL,NULL),(383,1,266,NULL,NULL),(385,21,266,NULL,NULL),(386,21,292,NULL,NULL),(387,40,266,NULL,NULL),(388,40,292,NULL,NULL),(389,25,266,NULL,NULL),(390,25,292,NULL,NULL),(391,1,98,NULL,NULL),(392,1,300,NULL,NULL),(393,1,311,NULL,NULL),(394,1,326,NULL,NULL),(395,1,362,NULL,NULL),(396,1,395,NULL,NULL),(397,1,393,NULL,NULL),(398,1,397,NULL,NULL),(400,5,108,NULL,NULL),(401,4,108,NULL,NULL),(402,12,108,NULL,NULL),(403,39,108,NULL,NULL),(404,16,108,NULL,NULL),(405,40,108,NULL,NULL),(406,3,108,NULL,NULL),(407,34,108,NULL,NULL),(408,21,108,NULL,NULL),(409,17,108,NULL,NULL),(410,10,108,NULL,NULL),(411,8,108,NULL,NULL),(412,36,108,NULL,NULL),(413,15,108,NULL,NULL),(414,41,108,NULL,NULL),(415,42,108,NULL,NULL),(416,24,108,NULL,NULL),(417,23,108,NULL,NULL),(418,27,108,NULL,NULL),(419,43,108,NULL,NULL),(420,20,108,NULL,NULL),(421,35,108,NULL,NULL),(422,7,108,NULL,NULL),(423,37,108,NULL,NULL),(424,33,108,NULL,NULL),(425,26,108,NULL,NULL),(426,26,12,NULL,NULL),(427,9,108,NULL,NULL),(428,19,108,NULL,NULL),(429,32,108,NULL,NULL),(430,38,108,NULL,NULL),(431,31,108,NULL,NULL),(432,22,108,NULL,NULL),(433,18,108,NULL,NULL),(434,2,108,NULL,NULL),(435,4,471,NULL,NULL),(436,3,471,NULL,NULL),(437,5,471,NULL,NULL),(438,8,471,NULL,NULL),(439,2,471,NULL,NULL),(440,7,471,NULL,NULL),(441,2,23,NULL,NULL),(442,1,471,NULL,NULL),(443,41,266,NULL,NULL),(444,44,4,NULL,NULL),(445,44,6,NULL,NULL),(446,44,5,NULL,NULL),(447,44,108,NULL,NULL),(448,44,13,NULL,NULL),(449,44,12,NULL,NULL),(450,45,4,NULL,NULL),(451,45,6,NULL,NULL),(452,45,5,NULL,NULL),(453,45,108,NULL,NULL),(454,45,13,NULL,NULL),(455,45,12,NULL,NULL),(456,46,4,NULL,NULL),(457,46,6,NULL,NULL),(458,46,5,NULL,NULL),(459,46,108,NULL,NULL),(460,46,13,NULL,NULL),(461,46,12,NULL,NULL),(462,47,4,NULL,NULL),(463,47,6,NULL,NULL),(464,47,5,NULL,NULL),(465,47,108,NULL,NULL),(466,47,13,NULL,NULL),(467,47,12,NULL,NULL),(468,48,4,NULL,NULL),(469,48,6,NULL,NULL),(470,48,5,NULL,NULL),(471,48,108,NULL,NULL),(472,48,13,NULL,NULL),(473,48,12,NULL,NULL),(474,1,292,NULL,NULL),(475,49,4,NULL,NULL),(476,49,6,NULL,NULL),(477,49,5,NULL,NULL),(478,49,108,NULL,NULL),(479,49,13,NULL,NULL),(480,49,12,NULL,NULL),(481,3,473,NULL,NULL),(482,5,473,NULL,NULL),(483,8,473,NULL,NULL),(484,15,471,NULL,NULL),(485,2,473,NULL,NULL),(486,7,473,NULL,NULL),(487,1,473,NULL,NULL),(488,2,8,NULL,NULL),(489,2,9,NULL,NULL),(490,1,474,NULL,NULL),(491,2,474,NULL,NULL),(492,50,4,NULL,NULL),(493,50,471,NULL,NULL),(494,50,6,NULL,NULL),(495,50,5,NULL,NULL),(496,50,108,NULL,NULL),(497,50,13,NULL,NULL),(498,50,12,NULL,NULL),(499,25,8,NULL,NULL),(500,1,475,NULL,NULL),(501,15,475,NULL,NULL),(502,51,4,NULL,NULL),(503,51,471,NULL,NULL),(504,51,6,NULL,NULL),(505,51,5,NULL,NULL),(506,51,108,NULL,NULL),(507,51,13,NULL,NULL),(508,51,12,NULL,NULL),(509,3,475,NULL,NULL),(510,3,127,NULL,NULL),(511,3,109,NULL,NULL),(512,3,168,NULL,NULL),(513,3,169,NULL,NULL),(514,4,127,NULL,NULL),(515,4,475,NULL,NULL),(516,50,475,NULL,NULL),(517,50,127,NULL,NULL),(519,44,127,NULL,NULL),(521,13,127,NULL,NULL),(523,14,127,NULL,NULL),(524,34,475,NULL,NULL),(525,34,127,NULL,NULL),(526,48,475,NULL,NULL),(527,48,127,NULL,NULL),(528,12,127,NULL,NULL),(529,14,12,NULL,NULL),(530,14,108,NULL,NULL),(531,4,473,NULL,NULL),(532,39,127,NULL,NULL),(533,16,127,NULL,NULL),(534,40,127,NULL,NULL),(535,34,471,NULL,NULL),(536,21,475,NULL,NULL),(537,21,127,NULL,NULL),(538,21,471,NULL,NULL),(539,17,475,NULL,NULL),(540,17,127,NULL,NULL),(541,5,475,NULL,NULL),(542,5,127,NULL,NULL),(543,5,109,NULL,NULL),(544,5,168,NULL,NULL),(545,10,475,NULL,NULL),(546,10,127,NULL,NULL),(547,8,475,NULL,NULL),(548,8,127,NULL,NULL),(549,8,109,NULL,NULL),(550,8,168,NULL,NULL),(551,15,127,NULL,NULL),(552,36,475,NULL,NULL),(553,36,127,NULL,NULL),(554,36,471,NULL,NULL),(555,41,127,NULL,NULL),(556,42,127,NULL,NULL),(557,28,127,NULL,NULL),(558,24,127,NULL,NULL),(559,23,127,NULL,NULL),(560,23,475,NULL,NULL),(561,27,127,NULL,NULL),(562,43,127,NULL,NULL),(563,51,127,NULL,NULL),(564,51,475,NULL,NULL),(565,25,127,NULL,NULL),(566,6,475,NULL,NULL),(567,6,127,NULL,NULL),(568,45,127,NULL,NULL),(569,2,475,NULL,NULL),(570,2,127,NULL,NULL),(571,2,109,NULL,NULL),(572,2,168,NULL,NULL),(573,22,127,NULL,NULL),(574,18,127,NULL,NULL),(575,31,127,NULL,NULL),(576,29,475,NULL,NULL),(577,29,127,NULL,NULL),(578,38,127,NULL,NULL),(579,38,475,NULL,NULL),(580,46,127,NULL,NULL),(581,32,127,NULL,NULL),(582,19,475,NULL,NULL),(583,19,127,NULL,NULL),(584,9,127,NULL,NULL),(585,26,127,NULL,NULL),(586,33,127,NULL,NULL),(587,37,127,NULL,NULL),(588,7,475,NULL,NULL),(589,7,127,NULL,NULL),(590,7,109,NULL,NULL),(591,7,168,NULL,NULL),(592,35,127,NULL,NULL),(593,49,127,NULL,NULL),(594,30,127,NULL,NULL),(595,11,127,NULL,NULL),(596,47,475,NULL,NULL),(597,47,127,NULL,NULL),(598,20,475,NULL,NULL),(599,20,127,NULL,NULL),(600,20,471,NULL,NULL),(601,20,266,NULL,NULL),(602,20,292,NULL,NULL),(603,11,475,NULL,NULL),(604,52,4,NULL,NULL),(605,52,127,NULL,NULL),(606,52,6,NULL,NULL),(607,52,5,NULL,NULL),(608,52,108,NULL,NULL),(609,52,13,NULL,NULL),(610,52,12,NULL,NULL),(611,53,475,NULL,NULL),(612,53,4,NULL,NULL),(613,53,127,NULL,NULL),(614,53,6,NULL,NULL),(615,53,5,NULL,NULL),(616,53,108,NULL,NULL),(617,53,13,NULL,NULL),(618,53,12,NULL,NULL),(619,45,475,NULL,NULL),(620,2,476,NULL,NULL),(621,4,476,NULL,NULL),(622,3,476,NULL,NULL),(623,5,476,NULL,NULL),(624,8,476,NULL,NULL),(625,25,476,NULL,NULL),(626,7,476,NULL,NULL),(627,1,476,NULL,NULL),(628,1,477,NULL,NULL),(629,1,478,NULL,NULL),(630,54,4,NULL,NULL),(631,54,127,NULL,NULL),(632,54,6,NULL,NULL),(633,54,5,NULL,NULL),(634,54,108,NULL,NULL),(635,54,13,NULL,NULL),(636,54,12,NULL,NULL),(637,1,479,NULL,NULL),(638,22,471,NULL,NULL),(639,54,23,NULL,NULL),(640,25,475,NULL,NULL),(641,55,475,NULL,NULL),(642,55,4,NULL,NULL),(643,55,127,NULL,NULL),(644,55,109,NULL,NULL),(645,55,168,NULL,NULL),(646,55,471,NULL,NULL),(647,55,6,NULL,NULL),(648,55,5,NULL,NULL),(649,55,108,NULL,NULL),(650,55,13,NULL,NULL),(651,55,23,NULL,NULL),(652,55,12,NULL,NULL),(653,55,37,NULL,NULL),(654,55,473,NULL,NULL),(655,1,480,1,'2012-05-25 10:37:30'),(656,2,480,1,'2012-05-25 10:37:30'),(657,3,480,1,'2012-05-25 10:37:30'),(658,4,480,1,'2012-05-25 10:37:30'),(659,5,480,1,'2012-05-25 10:37:30'),(660,6,480,1,'2012-05-25 10:37:30'),(661,7,480,1,'2012-05-25 10:37:30'),(662,8,480,1,'2012-05-25 10:37:30'),(663,9,480,1,'2012-05-25 10:37:30'),(664,10,480,1,'2012-05-25 10:37:30'),(665,11,480,1,'2012-05-25 10:37:30'),(666,12,480,1,'2012-05-25 10:37:30'),(667,13,480,1,'2012-05-25 10:37:30'),(668,14,480,1,'2012-05-25 10:37:30'),(669,15,480,1,'2012-05-25 10:37:30'),(670,16,480,1,'2012-05-25 10:37:30'),(671,17,480,1,'2012-05-25 10:37:30'),(672,18,480,1,'2012-05-25 10:37:30'),(673,19,480,1,'2012-05-25 10:37:30'),(674,20,480,1,'2012-05-25 10:37:30'),(675,21,480,1,'2012-05-25 10:37:30'),(676,22,480,1,'2012-05-25 10:37:30'),(677,23,480,1,'2012-05-25 10:37:30'),(678,24,480,1,'2012-05-25 10:37:30'),(679,25,480,1,'2012-05-25 10:37:30'),(680,26,480,1,'2012-05-25 10:37:30'),(681,27,480,1,'2012-05-25 10:37:30'),(682,28,480,1,'2012-05-25 10:37:30'),(683,29,480,1,'2012-05-25 10:37:30'),(684,30,480,1,'2012-05-25 10:37:30'),(685,31,480,1,'2012-05-25 10:37:30'),(686,32,480,1,'2012-05-25 10:37:30'),(687,33,480,1,'2012-05-25 10:37:30'),(688,34,480,1,'2012-05-25 10:37:30'),(689,35,480,1,'2012-05-25 10:37:30'),(690,36,480,1,'2012-05-25 10:37:30'),(691,37,480,1,'2012-05-25 10:37:30'),(692,38,480,1,'2012-05-25 10:37:30'),(693,39,480,1,'2012-05-25 10:37:30'),(694,40,480,1,'2012-05-25 10:37:30'),(695,41,480,1,'2012-05-25 10:37:30'),(696,42,480,1,'2012-05-25 10:37:30'),(697,43,480,1,'2012-05-25 10:37:30'),(698,44,480,1,'2012-05-25 10:37:30'),(699,45,480,1,'2012-05-25 10:37:30'),(700,46,480,1,'2012-05-25 10:37:30'),(701,47,480,1,'2012-05-25 10:37:30'),(702,48,480,1,'2012-05-25 10:37:30'),(703,49,480,1,'2012-05-25 10:37:30'),(704,50,480,1,'2012-05-25 10:37:30'),(705,51,480,1,'2012-05-25 10:37:30'),(706,52,480,1,'2012-05-25 10:37:30'),(707,53,480,1,'2012-05-25 10:37:30'),(708,54,480,1,'2012-05-25 10:37:30'),(709,55,480,1,'2012-05-25 10:37:30'),(718,1,481,NULL,NULL),(719,55,57,NULL,NULL),(720,1,482,NULL,NULL),(721,11,483,NULL,NULL),(722,1,483,NULL,NULL),(723,20,483,NULL,NULL),(724,47,483,NULL,NULL),(725,30,483,NULL,NULL),(727,3,483,NULL,NULL),(728,5,483,NULL,NULL),(729,10,483,NULL,NULL),(730,1,484,1,'2012-06-12 13:26:02'),(731,1,485,1,'2012-06-12 14:30:06'),(732,15,483,NULL,NULL),(733,11,23,NULL,NULL),(734,11,471,NULL,NULL),(735,11,473,NULL,NULL),(736,15,473,NULL,NULL),(737,9,57,NULL,NULL),(738,4,486,NULL,NULL),(739,50,486,NULL,NULL),(740,3,486,NULL,NULL),(741,34,486,NULL,NULL),(742,48,486,NULL,NULL),(743,21,486,NULL,NULL),(744,17,486,NULL,NULL),(745,5,486,NULL,NULL),(746,10,486,NULL,NULL),(747,8,486,NULL,NULL),(748,15,486,NULL,NULL),(749,36,486,NULL,NULL),(750,41,486,NULL,NULL),(751,24,486,NULL,NULL),(752,23,486,NULL,NULL),(753,27,486,NULL,NULL),(754,51,486,NULL,NULL),(755,25,486,NULL,NULL),(756,6,486,NULL,NULL),(757,55,486,NULL,NULL),(758,54,486,NULL,NULL),(759,2,486,NULL,NULL),(760,18,486,NULL,NULL),(761,31,486,NULL,NULL),(762,9,486,NULL,NULL),(763,33,486,NULL,NULL),(764,7,486,NULL,NULL),(765,1,486,NULL,NULL),(766,30,486,NULL,NULL),(767,11,486,NULL,NULL),(768,47,486,NULL,NULL),(769,20,486,NULL,NULL),(770,1,491,NULL,NULL),(771,1,490,NULL,NULL),(774,57,4,NULL,NULL),(775,57,127,NULL,NULL),(776,57,109,NULL,NULL),(777,57,6,NULL,NULL),(778,57,480,NULL,NULL),(779,57,5,NULL,NULL),(780,57,108,NULL,NULL),(782,57,13,NULL,NULL),(783,57,23,NULL,NULL),(784,57,12,NULL,NULL),(786,1,492,1,'2012-07-13 09:33:11'),(787,1,493,1,'2012-07-13 09:33:12'),(788,58,4,NULL,NULL),(789,58,127,NULL,NULL),(790,58,6,NULL,NULL),(791,58,480,NULL,NULL),(792,58,5,NULL,NULL),(793,58,108,NULL,NULL),(795,58,13,NULL,NULL),(796,58,23,NULL,NULL),(797,58,12,NULL,NULL),(798,58,486,NULL,NULL),(817,1,487,1,'2012-07-17 13:10:07'),(818,2,487,1,'2012-07-17 13:10:07'),(819,3,487,1,'2012-07-17 13:10:07'),(820,4,487,1,'2012-07-17 13:10:07'),(821,5,487,1,'2012-07-17 13:10:07'),(822,6,487,1,'2012-07-17 13:10:07'),(823,7,487,1,'2012-07-17 13:10:07'),(824,8,487,1,'2012-07-17 13:10:07'),(825,9,487,1,'2012-07-17 13:10:07'),(826,10,487,1,'2012-07-17 13:10:07'),(827,11,487,1,'2012-07-17 13:10:07'),(828,12,487,1,'2012-07-17 13:10:07'),(829,13,487,1,'2012-07-17 13:10:07'),(830,14,487,1,'2012-07-17 13:10:07'),(831,15,487,1,'2012-07-17 13:10:07'),(832,16,487,1,'2012-07-17 13:10:07'),(833,17,487,1,'2012-07-17 13:10:07'),(834,18,487,1,'2012-07-17 13:10:07'),(835,19,487,1,'2012-07-17 13:10:07'),(836,20,487,1,'2012-07-17 13:10:07'),(837,21,487,1,'2012-07-17 13:10:07'),(838,22,487,1,'2012-07-17 13:10:07'),(839,23,487,1,'2012-07-17 13:10:07'),(840,24,487,1,'2012-07-17 13:10:07'),(841,25,487,1,'2012-07-17 13:10:07'),(842,26,487,1,'2012-07-17 13:10:07'),(843,27,487,1,'2012-07-17 13:10:07'),(844,28,487,1,'2012-07-17 13:10:07'),(845,29,487,1,'2012-07-17 13:10:07'),(846,30,487,1,'2012-07-17 13:10:07'),(847,31,487,1,'2012-07-17 13:10:07'),(848,32,487,1,'2012-07-17 13:10:07'),(849,33,487,1,'2012-07-17 13:10:07'),(850,34,487,1,'2012-07-17 13:10:07'),(851,35,487,1,'2012-07-17 13:10:07'),(852,36,487,1,'2012-07-17 13:10:07'),(853,37,487,1,'2012-07-17 13:10:07'),(854,38,487,1,'2012-07-17 13:10:07'),(855,39,487,1,'2012-07-17 13:10:07'),(856,40,487,1,'2012-07-17 13:10:07'),(857,41,487,1,'2012-07-17 13:10:07'),(858,42,487,1,'2012-07-17 13:10:07'),(859,43,487,1,'2012-07-17 13:10:07'),(860,44,487,1,'2012-07-17 13:10:07'),(861,45,487,1,'2012-07-17 13:10:07'),(862,46,487,1,'2012-07-17 13:10:07'),(863,47,487,1,'2012-07-17 13:10:07'),(864,48,487,1,'2012-07-17 13:10:07'),(865,49,487,1,'2012-07-17 13:10:07'),(866,50,487,1,'2012-07-17 13:10:07'),(867,51,487,1,'2012-07-17 13:10:07'),(868,52,487,1,'2012-07-17 13:10:07'),(869,53,487,1,'2012-07-17 13:10:07'),(870,54,487,1,'2012-07-17 13:10:07'),(871,55,487,1,'2012-07-17 13:10:07'),(872,57,487,1,'2012-07-17 13:10:07'),(873,58,487,1,'2012-07-17 13:10:07'),(882,1,496,1,'2012-07-23 15:38:20'),(888,59,498,1,'2012-07-27 08:22:32'),(889,NULL,13,NULL,NULL),(890,NULL,23,NULL,NULL),(891,NULL,57,NULL,NULL),(892,NULL,95,NULL,NULL),(893,NULL,481,NULL,NULL),(894,NULL,4,NULL,NULL),(895,NULL,326,NULL,NULL),(896,NULL,5,NULL,NULL),(897,NULL,476,NULL,NULL),(898,NULL,98,NULL,NULL),(899,NULL,300,NULL,NULL),(900,NULL,6,NULL,NULL),(901,NULL,37,NULL,NULL),(902,NULL,480,NULL,NULL),(903,NULL,8,NULL,NULL),(904,NULL,205,NULL,NULL),(905,NULL,362,NULL,NULL),(906,NULL,9,NULL,NULL),(907,NULL,393,NULL,NULL),(908,NULL,474,NULL,NULL),(909,NULL,395,NULL,NULL),(910,NULL,397,NULL,NULL),(911,NULL,12,NULL,NULL),(912,NULL,486,NULL,NULL),(913,NULL,483,NULL,NULL),(914,NULL,91,NULL,NULL),(915,NULL,311,NULL,NULL),(916,NULL,108,NULL,NULL),(917,NULL,127,NULL,NULL),(918,NULL,109,NULL,NULL),(919,NULL,168,NULL,NULL),(920,NULL,169,NULL,NULL),(921,NULL,266,NULL,NULL),(922,NULL,292,NULL,NULL),(923,NULL,471,NULL,NULL),(924,NULL,473,NULL,NULL),(925,NULL,475,NULL,NULL),(926,NULL,497,NULL,NULL),(927,NULL,477,NULL,NULL),(928,NULL,478,NULL,NULL),(929,NULL,490,NULL,NULL),(930,NULL,479,NULL,NULL),(931,NULL,482,NULL,NULL),(932,NULL,484,NULL,NULL),(933,NULL,485,NULL,NULL),(934,NULL,487,NULL,NULL),(935,NULL,491,NULL,NULL),(936,NULL,492,NULL,NULL),(937,NULL,493,NULL,NULL),(938,NULL,496,NULL,NULL),(939,1,498,NULL,NULL),(940,1,499,NULL,NULL),(941,1,500,NULL,NULL),(942,1,494,NULL,NULL),(943,50,23,NULL,NULL),(944,59,23,NULL,NULL),(945,40,23,NULL,NULL),(946,34,23,NULL,NULL),(947,48,23,NULL,NULL),(948,17,23,NULL,NULL),(949,15,23,NULL,NULL),(950,36,23,NULL,NULL),(951,41,23,NULL,NULL),(952,24,23,NULL,NULL),(953,27,23,NULL,NULL),(954,51,23,NULL,NULL),(955,6,23,NULL,NULL),(956,18,23,NULL,NULL),(957,31,23,NULL,NULL),(958,33,23,NULL,NULL),(959,30,23,NULL,NULL),(960,47,23,NULL,NULL),(961,20,23,NULL,NULL),(962,25,57,NULL,NULL),(963,59,13,NULL,NULL),(964,1,501,NULL,NULL),(965,1,495,NULL,NULL),(966,8,494,NULL,NULL),(967,1,502,NULL,NULL),(968,1,503,NULL,NULL),(969,1,504,NULL,NULL),(970,1,505,NULL,NULL),(971,1,497,NULL,NULL);
/*!40000 ALTER TABLE `tblrolepermission` ENABLE KEYS */;
UNLOCK TABLES;

--
-- Table structure for table `tblsecurityitem`
--

DROP TABLE IF EXISTS `tblsecurityitem`;
/*!40101 SET @saved_cs_client     = @@character_set_client */;
/*!40101 SET character_set_client = utf8 */;
CREATE TABLE `tblsecurityitem` (
  `intSecurityItemID` int(10) unsigned NOT NULL AUTO_INCREMENT,
  `strSecurityItem` varchar(50) DEFAULT NULL,
  `intCreatedByUserID` int(10) unsigned DEFAULT NULL,
  `dtmCreatedOn` datetime DEFAULT NULL,
  PRIMARY KEY (`intSecurityItemID`),
  KEY `fkcSecurityItem1` (`intCreatedByUserID`),
  CONSTRAINT `fkcSecurityItem1` FOREIGN KEY (`intCreatedByUserID`) REFERENCES `tbluser` (`intUserID`) ON DELETE NO ACTION ON UPDATE CASCADE
) ENGINE=InnoDB AUTO_INCREMENT=30 DEFAULT CHARSET=latin1;
/*!40101 SET character_set_client = @saved_cs_client */;

--
-- Dumping data for table `tblsecurityitem`
--

LOCK TABLES `tblsecurityitem` WRITE;
/*!40000 ALTER TABLE `tblsecurityitem` DISABLE KEYS */;
INSERT INTO `tblsecurityitem` VALUES (1,'Program',1,'2011-11-02 13:40:14'),(2,'Document',1,'2011-11-02 13:40:14'),(3,'Milestone',1,'2011-11-02 13:40:14'),(4,'Issue',1,'2011-11-02 13:40:14'),(6,'User',1,'2011-11-02 13:40:14'),(7,'Role',1,'2011-11-02 13:40:14'),(8,'Permission',1,'2011-11-02 13:40:14'),(9,'Security Item',1,'2011-11-02 13:40:14'),(10,'Tool',1,'2011-11-04 00:52:43'),(11,'Notification',1,'2011-11-04 02:34:05'),(12,'Product',1,'2011-12-23 12:05:12'),(13,'Engineering Change',1,'2012-01-12 16:01:19'),(15,'Container',1,'2012-02-16 14:47:25'),(16,'Financial',1,'2012-02-21 14:52:19'),(17,'Capacity Planning',1,'2012-04-13 10:17:17'),(18,'Customer',1,'2012-05-03 12:50:10'),(19,'Ship To Facility',1,'2012-05-03 13:01:12'),(20,'Platform',1,'2012-05-08 09:05:38'),(21,'Cronjobs',1,'2012-06-07 11:07:50'),(22,'Purchase Order',1,'2012-06-12 13:25:43'),(23,'Production Facility',1,'2012-07-06 12:27:55'),(24,'Operational Change',1,'2012-07-13 09:33:11'),(25,'Time Tracking',1,'2012-07-20 09:58:12'),(26,'Press',1,'2012-07-23 15:38:20'),(27,'Workflow',1,'2012-07-31 10:26:34'),(28,'Plating Lines',1,'2012-08-13 08:08:32'),(29,'Painting Line',1,'2012-08-16 08:16:12');
/*!40000 ALTER TABLE `tblsecurityitem` ENABLE KEYS */;
UNLOCK TABLES;

--
-- Table structure for table `tbluser`
--

DROP TABLE IF EXISTS `tbluser`;
/*!40101 SET @saved_cs_client     = @@character_set_client */;
/*!40101 SET character_set_client = utf8 */;
CREATE TABLE `tbluser` (
  `intUserID` int(10) unsigned NOT NULL AUTO_INCREMENT,
  `strFirstName` varchar(30) DEFAULT NULL,
  `strLastName` varchar(30) DEFAULT NULL,
  `strEmail` varchar(50) DEFAULT NULL,
  `strDisplayName` varchar(30) DEFAULT NULL,
  `strLoginName` varchar(40) DEFAULT NULL,
  `strPassword` varchar(32) DEFAULT NULL,
  `strUserStatus` enum('Active','Disabled') DEFAULT 'Active',
  `intProgramTypeID` int(10) unsigned DEFAULT NULL,
  `intCustomerID` int(10) unsigned DEFAULT NULL,
  `intProductionFacilityID` int(10) unsigned DEFAULT NULL,
  `blnFilterByProductionFacility` tinyint(3) unsigned DEFAULT '0',
  `blnMemberOf` tinyint(3) unsigned DEFAULT '0',
  `blnFNGEmployee` tinyint(3) unsigned DEFAULT '1',
  `blnTimeTracking` tinyint(3) unsigned NOT NULL DEFAULT '0',
  `dtmRegistered` datetime DEFAULT NULL,
  `dtmLastLogin` datetime DEFAULT NULL,
  PRIMARY KEY (`intUserID`),
  UNIQUE KEY `ukcUser1` (`strEmail`),
  UNIQUE KEY `ukcUser2` (`strDisplayName`),
  UNIQUE KEY `idxLoginName` (`strLoginName`)
) ENGINE=InnoDB AUTO_INCREMENT=421 DEFAULT CHARSET=latin1;
/*!40101 SET character_set_client = @saved_cs_client */;

--
-- Dumping data for table `tbluser`
--

LOCK TABLES `tbluser` WRITE;
/*!40000 ALTER TABLE `tbluser` DISABLE KEYS */;
INSERT INTO `tbluser` VALUES (1,'TJ','Bourke','tbourke@flexngate-mi.com','TJ Bourke','tbourke','098f6bcd4621d373cade4e832627b4f6','Active',0,0,9,1,0,1,1,'2011-11-14 13:49:26','2012-09-04 10:30:31'),(2,'Guido','Benvenuto','gbenvenuto@flexngate-mi.com','Guido Benvenuto','gbenvenuto','098f6bcd4621d373cade4e832627b4f6','Active',NULL,NULL,27,0,0,1,1,'2011-11-14 13:49:26','2012-07-19 11:54:44'),(3,'Mark','Lazarra','mlazzara@flexngate-mi.com','Mark Lazzara','mlazzara','098f6bcd4621d373cade4e832627b4f6','Active',NULL,NULL,27,0,0,1,1,'2011-11-14 13:49:26','2012-06-06 13:40:08'),(4,'Mark','Clark','mclark@flexngate-mi.com','Mark Clark','mclark','098f6bcd4621d373cade4e832627b4f6','Active',NULL,NULL,27,0,0,1,1,'2011-12-15 10:16:18','2012-07-19 09:58:23'),(5,'Patrick','Davidson','pdavidson@flexngate-mi.com','Patrick Davidson','pdavidson','098f6bcd4621d373cade4e832627b4f6','Active',NULL,NULL,27,0,0,1,1,'2011-11-14 13:49:26','2012-05-11 14:44:19'),(6,'David','Petrusha','dpetrusha@flexngate-mi.com','David Petrusha','dpetrusha','098f6bcd4621d373cade4e832627b4f6','Active',1,2,27,0,0,1,1,'2011-11-14 13:49:26','2012-08-08 14:20:50'),(7,'David','Check','dcheck@flexngate-mi.com','David Check','dcheck','098f6bcd4621d373cade4e832627b4f6','Active',NULL,NULL,27,0,0,1,1,'2011-12-07 16:10:54','2012-06-12 13:47:37'),(8,'Adam','Bertoia','abertoia@flexngate-mi.com','Adam Bertoia','abertoia','098f6bcd4621d373cade4e832627b4f6','Active',NULL,NULL,27,0,0,1,1,'2011-11-14 13:49:26','2011-12-21 08:35:06'),(10,'Joe','Zanutto','jzanutto@flexngate-mi.com','Joe Zanutto','jzanutto','098f6bcd4621d373cade4e832627b4f6','Active',1,2,27,1,1,1,1,'2011-12-07 15:37:21','2012-07-11 15:44:42'),(11,'Larry','Cray','lcray@flexngate-mi.com','Larry Cray','lcray','098f6bcd4621d373cade4e832627b4f6','Active',NULL,NULL,27,0,0,1,1,'2011-11-14 13:49:26','2012-07-18 08:58:13'),(12,'Jeff','McKinney','jmckinney@flexngate-mi.com','Jeff McKinney','jmckinney','098f6bcd4621d373cade4e832627b4f6','Active',1,2,27,0,0,1,0,'2011-11-14 13:49:26','2012-07-23 11:25:39'),(13,NULL,NULL,'pheil@flexngate-mi.com','Phil Heil','pheil','098f6bcd4621d373cade4e832627b4f6','Active',NULL,NULL,27,0,0,1,0,'2011-11-14 13:49:26','2012-07-16 13:43:45'),(14,NULL,NULL,'tyee@flexngate-mi.com','Tony Yee','tyee','098f6bcd4621d373cade4e832627b4f6','Active',1,2,27,0,0,1,0,'2011-11-14 13:56:53','2012-07-23 09:54:43'),(15,NULL,NULL,'rnorris@flexngate-mi.com','Ryan Norris','rnorris','098f6bcd4621d373cade4e832627b4f6','Active',NULL,NULL,27,0,0,1,0,'2011-11-14 13:57:05','2012-07-19 09:03:40'),(16,NULL,NULL,'gquitter@flexngate-mi.com','Greg Quitter','gquitter','098f6bcd4621d373cade4e832627b4f6','Active',1,2,27,0,0,1,0,'2011-11-16 09:54:54','2012-07-18 10:23:16'),(17,NULL,NULL,'mdynda@flexngate-mi.com','Micki Dynda','mdynda','098f6bcd4621d373cade4e832627b4f6','Active',0,0,27,0,0,1,0,'2011-11-16 09:54:54','2012-06-20 10:57:38'),(18,NULL,NULL,'creid@flexngate-mi.com','Curtis Reid','creid','098f6bcd4621d373cade4e832627b4f6','Active',1,2,27,0,0,1,0,'2011-11-30 14:52:21','2012-07-16 13:11:33'),(19,NULL,NULL,'rmiller@flexngate-mi.com','Ray Miller','rmiller','098f6bcd4621d373cade4e832627b4f6','Active',2,3,27,0,0,1,0,'2011-12-01 14:04:59','2012-05-21 07:31:18'),(20,NULL,NULL,'bburdy@flexngate-mi.com','Brenda Burdy','bburdy','098f6bcd4621d373cade4e832627b4f6','Active',NULL,NULL,27,0,0,1,0,'2011-12-07 14:28:14','2012-07-23 13:38:18'),(21,NULL,NULL,'ilangford@flexngate-mi.com','Irene Langford','ilangford','098f6bcd4621d373cade4e832627b4f6','Active',NULL,NULL,27,0,0,1,0,'2011-12-07 14:28:14','2012-07-23 14:55:59'),(22,NULL,NULL,'cclark@ventraplastics.com','Clynton Clark','cclark','098f6bcd4621d373cade4e832627b4f6','Active',NULL,NULL,29,0,0,1,0,'2011-12-07 14:28:14','2012-07-23 08:33:08'),(23,NULL,NULL,'brobey@ventraplastics.com','Brian Robey','brobey','098f6bcd4621d373cade4e832627b4f6','Active',NULL,NULL,23,0,0,1,0,'2011-12-07 14:28:14','2012-07-23 11:02:42'),(24,NULL,NULL,'pned@flexngate-mi.com','Paula Nedeljkovic','pnedeljkovic','098f6bcd4621d373cade4e832627b4f6','Active',NULL,NULL,27,0,0,1,0,'2011-12-07 15:19:34','2012-07-13 17:12:13'),(25,NULL,NULL,'bannis@flexngate-mi.com','Brad Annis','bannis','098f6bcd4621d373cade4e832627b4f6','Active',NULL,NULL,27,0,0,1,0,'2011-12-07 15:21:42',NULL),(26,NULL,NULL,'dyee@flexngate-mi.com','Dennis Yee','dyee','098f6bcd4621d373cade4e832627b4f6','Active',NULL,NULL,27,0,0,1,0,'2011-12-07 15:24:47','2012-07-17 13:50:30'),(27,NULL,NULL,'ecarr@flexngate-mi.com','Elliot Carr','ecarr','098f6bcd4621d373cade4e832627b4f6','Active',NULL,NULL,27,0,0,1,0,'2011-12-07 15:24:47','2012-07-13 08:03:29'),(28,NULL,NULL,'jmardeusz@flexngate-mi.com','John Mardeusz','jmardeusz','098f6bcd4621d373cade4e832627b4f6','Active',NULL,NULL,27,0,0,1,0,'2011-12-07 15:24:47','2012-07-23 12:35:47'),(29,NULL,NULL,'pjakovac@flexngate-mi.com','Paul Jakovac','pjakovac','098f6bcd4621d373cade4e832627b4f6','Active',NULL,NULL,27,0,0,1,0,'2011-12-07 15:24:47','2012-05-11 15:32:13'),(30,NULL,NULL,'bbaerg@flexngate-mi.com','Bill Baerg','bbaerg','098f6bcd4621d373cade4e832627b4f6','Active',NULL,NULL,27,0,0,1,0,'2011-12-07 15:24:47','2012-06-06 16:41:51'),(31,NULL,NULL,'rflynn@flexngate-mi.com','Rod Flynn','rflynn','098f6bcd4621d373cade4e832627b4f6','Disabled',NULL,NULL,27,0,0,1,0,'2011-12-07 15:24:47','2012-01-11 08:36:01'),(32,NULL,NULL,'mmarsh@flexngate-mi.com','Matt Marsh','mmarsh','098f6bcd4621d373cade4e832627b4f6','Active',NULL,NULL,27,0,0,1,0,'2011-12-07 15:24:47','2012-04-27 14:19:42'),(33,NULL,NULL,'mpanek@flexngate-mi.com','Mark Panek','mpanek','098f6bcd4621d373cade4e832627b4f6','Active',NULL,NULL,27,0,0,1,0,'2011-12-07 15:24:47','2012-07-13 09:51:03'),(34,NULL,NULL,'mbrown@flexngate-mi.com','Mark Brown','mbrown','098f6bcd4621d373cade4e832627b4f6','Active',NULL,NULL,27,0,0,1,0,'2011-12-07 15:24:47','2012-06-21 10:47:07'),(35,NULL,NULL,'sward@flexngate-mi.com','Steve Ward','sward','098f6bcd4621d373cade4e832627b4f6','Active',NULL,NULL,27,0,0,1,0,'2011-12-07 15:37:21','2012-05-15 08:01:33'),(36,NULL,NULL,'iross@flexngate-mi.com','Ian Ross','iross','098f6bcd4621d373cade4e832627b4f6','Active',0,4,27,0,0,1,0,'2011-12-07 15:37:21','2012-01-03 07:58:30'),(37,NULL,NULL,'dlepp@flexngate-mi.com','David Lepp','dlepp','098f6bcd4621d373cade4e832627b4f6','Active',NULL,NULL,27,0,0,1,0,'2011-12-07 15:37:21','2012-07-23 09:46:58'),(38,NULL,NULL,'dsnyder@flexngate-mi.com','Daniel Snyder','dsnyder','098f6bcd4621d373cade4e832627b4f6','Active',4,2,31,1,0,1,0,'2011-12-07 15:37:21','2012-06-25 09:52:30'),(39,NULL,NULL,'melliott@flexngate-mi.com','Mike Elliott','melliott','098f6bcd4621d373cade4e832627b4f6','Active',NULL,NULL,27,0,0,1,0,'2011-12-07 15:37:21',NULL),(40,NULL,NULL,'mpage@flexngate-mi.com','Mike Page','mpage','098f6bcd4621d373cade4e832627b4f6','Active',NULL,NULL,27,0,0,1,0,'2011-12-07 15:37:21','2012-05-07 15:07:20'),(41,NULL,NULL,'jharrell@flexngate-mi.com','Jeff Harrell','jharrell','098f6bcd4621d373cade4e832627b4f6','Active',NULL,NULL,27,0,0,1,0,'2011-12-07 15:37:21','2012-07-23 14:31:50'),(42,NULL,NULL,'pdazey@flexngate-mi.com','Paul Dazey','pdazey','098f6bcd4621d373cade4e832627b4f6','Active',NULL,NULL,27,0,0,1,0,'2011-12-07 15:37:21','2012-04-03 11:16:41'),(43,NULL,NULL,'dsymons@flexngate-mi.com','Doug Symons','dsymons','098f6bcd4621d373cade4e832627b4f6','Active',NULL,NULL,27,0,0,1,0,'2011-12-07 15:37:21','2012-06-01 14:37:32'),(44,NULL,NULL,'mbrestovansky@flexngate-mi.com','Matt Brestovansky','mbrestovansky','098f6bcd4621d373cade4e832627b4f6','Active',NULL,NULL,27,0,0,1,0,'2011-12-07 15:37:21','2012-07-23 12:59:42'),(45,NULL,NULL,'tbrzyski@flexngate-mi.com','Tony Brzyski','tbrzyski','098f6bcd4621d373cade4e832627b4f6','Active',0,3,27,0,0,1,0,'2011-12-07 15:37:21','2012-07-23 11:39:20'),(46,NULL,NULL,'rsmith@flexngate-mi.com','Robert Smith','rsmith','098f6bcd4621d373cade4e832627b4f6','Active',NULL,NULL,40,0,0,1,0,'2011-12-07 15:37:21','2012-04-30 13:21:02'),(47,NULL,NULL,'mlam@flexngate-mi.com','Mike Lam','mlam','098f6bcd4621d373cade4e832627b4f6','Active',NULL,NULL,27,0,0,1,0,'2011-12-07 15:37:21','2012-07-18 18:20:58'),(48,NULL,NULL,'slaudan@flexngate-mi.com','Sarah Laudan','slaudan','098f6bcd4621d373cade4e832627b4f6','Active',NULL,NULL,27,0,0,1,0,'2011-12-07 15:37:21','2012-07-23 08:45:53'),(49,NULL,NULL,'rfontichiaro@flexngate-mi.com','Rob Fontichiaro','rfontichiaro','098f6bcd4621d373cade4e832627b4f6','Active',0,2,27,0,0,1,0,'2011-12-07 16:00:06','2012-07-10 10:38:00'),(50,NULL,NULL,'gbrooks@flexngate-mi.com','Geoff Brooks','gbrooks','098f6bcd4621d373cade4e832627b4f6','Active',NULL,NULL,27,0,0,1,0,'2011-12-07 16:00:06','2012-02-06 09:08:15'),(51,NULL,NULL,'cdepa@flexngate-mi.com','Chris Depa','cdepa','098f6bcd4621d373cade4e832627b4f6','Active',0,1,27,0,0,1,0,'2011-12-07 16:00:07','2012-07-23 12:57:26'),(52,NULL,NULL,'jpadyiasek@flexngate-mi.com','Jason Padyiasek','jpadyiasek','098f6bcd4621d373cade4e832627b4f6','Active',1,1,27,0,0,1,0,'2011-12-07 16:00:07','2012-07-20 10:52:32'),(53,NULL,NULL,'dbarile@flexngate-mi.com','Dino Barile','dbarile','098f6bcd4621d373cade4e832627b4f6','Active',1,2,27,0,1,1,0,'2011-12-07 16:00:07','2012-07-19 09:53:11'),(54,NULL,NULL,'mscicluna@flexngate-mi.com','Mary Ann Scicluna','mscicluna','098f6bcd4621d373cade4e832627b4f6','Active',NULL,NULL,27,0,0,1,0,'2011-12-07 16:00:07','2012-07-03 08:21:39'),(55,NULL,NULL,'ldesjardins@flexngate-mi.com','Lindsey DesJardins','ldesjardins','098f6bcd4621d373cade4e832627b4f6','Active',5,0,27,0,0,1,0,'2011-12-07 16:00:07','2012-07-03 13:55:45'),(56,NULL,NULL,'mmarlow@flexngate-mi.com','Mike Marlow','mmarlow','098f6bcd4621d373cade4e832627b4f6','Active',1,3,27,0,0,1,0,'2011-12-07 16:00:07','2012-06-12 16:18:11'),(57,NULL,NULL,'charbour@flexngate-mi.com','Craig Harbour','charbour','098f6bcd4621d373cade4e832627b4f6','Active',NULL,NULL,27,0,0,1,0,'2011-12-07 16:10:54','2012-07-09 12:51:51'),(58,NULL,NULL,'mranck@flexngate-mi.com','Mike Ranck','mranck','098f6bcd4621d373cade4e832627b4f6','Active',NULL,NULL,27,0,0,1,0,'2011-12-07 16:10:54',NULL),(60,NULL,NULL,'dromps@flexngate-mi.com','Dave Romps','dromps','098f6bcd4621d373cade4e832627b4f6','Active',NULL,NULL,27,0,0,1,0,'2011-12-07 16:10:54','2012-07-02 12:09:14'),(61,NULL,NULL,'tbommarito@flexngate-mi.com','Tom Bommarito','tbommarito','098f6bcd4621d373cade4e832627b4f6','Active',NULL,NULL,27,0,0,1,0,'2011-12-07 16:10:54','2012-06-25 11:47:09'),(62,NULL,NULL,'dsinnott@flexngate-mi.com','Dave Sinnott','dsinnott','098f6bcd4621d373cade4e832627b4f6','Active',NULL,NULL,27,0,0,1,0,'2011-12-07 16:10:54','2012-07-23 08:12:53'),(63,NULL,NULL,'dkennedy@flexngate-mi.com','Dan Kennedy','dkennedy','098f6bcd4621d373cade4e832627b4f6','Active',NULL,NULL,27,0,0,1,0,'2011-12-07 16:10:54','2012-07-02 09:09:50'),(64,NULL,NULL,'jjacobs@flexngate-mi.com','Jim Jacobs','jjacobs','098f6bcd4621d373cade4e832627b4f6','Active',2,2,27,0,0,1,0,'2011-12-07 16:25:48','2012-07-12 15:14:57'),(65,NULL,NULL,'rminchin@flexngate-mi.com','Rob Minchin','rminchin','098f6bcd4621d373cade4e832627b4f6','Active',NULL,NULL,27,0,0,1,0,'2011-12-07 16:25:48','2012-07-10 09:02:24'),(66,NULL,NULL,'vbuscemi@flexngate-mi.com','Vince Buscemi','vbuscemi','098f6bcd4621d373cade4e832627b4f6','Active',1,1,27,0,0,1,0,'2011-12-07 16:25:48','2012-05-30 10:47:30'),(67,NULL,NULL,'rbadiuk@flexngate-mi.com','Randy Badiuk','rbadiuk','098f6bcd4621d373cade4e832627b4f6','Active',NULL,NULL,27,0,0,1,0,'2011-12-07 16:25:48','2012-06-06 15:10:12'),(68,NULL,NULL,'rgoulette@flexngate-mi.com','Rick Goulette','rgoulette','098f6bcd4621d373cade4e832627b4f6','Active',NULL,NULL,27,0,0,1,0,'2011-12-12 16:35:33','2012-07-10 17:54:49'),(70,NULL,NULL,'paul.connolly@flex-n-gate.com','Paul Connolly','pconnolly','098f6bcd4621d373cade4e832627b4f6','Active',NULL,NULL,36,0,0,1,0,'2011-12-19 12:40:06','2012-06-05 15:03:00'),(71,NULL,NULL,'tstanko@flexngate-mi.com','Tom Stanko','tstanko','098f6bcd4621d373cade4e832627b4f6','Active',NULL,NULL,27,0,0,1,0,'2011-12-19 12:58:31','2012-05-30 10:49:47'),(72,NULL,NULL,'collette.walsh@flex-n-gate.com','Collette Walsh','cwalsh','098f6bcd4621d373cade4e832627b4f6','Active',NULL,NULL,0,0,0,1,0,'2011-12-21 08:50:36','2012-03-07 11:44:54'),(73,NULL,NULL,'mathew.workman@flex-n-gate.com','Matthew Workman','mworkman','098f6bcd4621d373cade4e832627b4f6','Active',NULL,NULL,36,0,0,1,0,'2011-12-21 08:53:39','2012-07-20 08:04:23'),(74,NULL,NULL,'Michael.Luckie@flex-n-gate.com','Mike Luckie','mluckie','098f6bcd4621d373cade4e832627b4f6','Active',NULL,NULL,38,0,0,1,0,'2011-12-21 08:55:44',NULL),(75,NULL,NULL,'Cecle.Doyle@Flex-N-Gate.com','Cecle Doyle','cdoyle','098f6bcd4621d373cade4e832627b4f6','Active',1,1,36,0,0,1,0,'2011-12-21 08:57:47','2012-07-10 17:01:57'),(76,NULL,NULL,'chuck.bigham@flex-n-gate.com','Chuck Bigham','cbigham','098f6bcd4621d373cade4e832627b4f6','Active',NULL,NULL,36,0,0,1,0,'2011-12-21 09:00:19','2012-05-07 16:13:51'),(77,NULL,NULL,'mcray@flexngate-mi.com','Mike Cray','mcray','098f6bcd4621d373cade4e832627b4f6','Active',NULL,NULL,27,0,0,1,0,'2011-12-22 13:27:03','2011-12-22 13:42:38'),(78,NULL,NULL,'kwilliams@flexngate-mi.com','Kevin Williams','kwilliams','098f6bcd4621d373cade4e832627b4f6','Active',NULL,NULL,27,0,0,1,0,'2011-12-22 13:44:31','2012-05-23 13:42:03'),(79,NULL,NULL,'rristovski@flexngate-mi.com','Rick Ristovski','rristovski','098f6bcd4621d373cade4e832627b4f6','Active',NULL,NULL,27,0,0,1,0,'2011-12-22 13:48:41','2012-04-30 15:53:42'),(80,NULL,NULL,'ktaylor@flexngate-mi.com','Kip Taylor','ktaylor','098f6bcd4621d373cade4e832627b4f6','Active',NULL,NULL,27,0,0,1,0,'2011-12-22 13:51:38','2012-04-30 15:53:10'),(81,NULL,NULL,'dwelacky@flexngate-mi.com','David Welacky','dwelacky','098f6bcd4621d373cade4e832627b4f6','Active',NULL,NULL,27,0,0,1,0,'2011-12-22 13:57:08','2012-04-30 15:46:17'),(82,NULL,NULL,'pmiceli@flexngate-mi.com','Phil Miceli','pmiceli','098f6bcd4621d373cade4e832627b4f6','Active',NULL,NULL,27,0,0,1,0,'2012-01-06 11:04:49','2012-07-20 09:22:26'),(83,NULL,NULL,'jlalande@flexngate-mi.com','Jeff Lalande','jlalande','098f6bcd4621d373cade4e832627b4f6','Active',NULL,NULL,27,0,0,1,0,'2012-01-06 11:04:49','2012-05-01 14:02:34'),(89,NULL,NULL,'dave.powell@flex-n-gate.com','Dave Powell','dpowell','098f6bcd4621d373cade4e832627b4f6','Active',NULL,NULL,0,0,0,1,0,'2012-01-06 11:25:33','2012-07-13 11:22:05'),(90,NULL,NULL,'boski@flex-n-gate.com.mx','Bogdan Idzikowski','bidzikowski','098f6bcd4621d373cade4e832627b4f6','Active',NULL,NULL,40,0,0,1,0,'2012-01-06 11:25:33','2012-04-28 11:31:24'),(91,NULL,NULL,'dcumming@flexngate-mi.com','Don Cumming','dcumming','098f6bcd4621d373cade4e832627b4f6','Active',NULL,NULL,27,0,0,1,0,'2012-01-06 16:28:51','2012-07-20 16:03:03'),(92,NULL,NULL,'pjurcak@flexngate-mi.com','Paul Jurcak','pjurcak','098f6bcd4621d373cade4e832627b4f6','Active',1,2,27,0,0,1,0,'2012-01-11 08:39:23','2012-07-18 11:31:37'),(93,NULL,NULL,'jmccarthy@flexngate-mi.com','Joe McCarthy','jmccarthy','098f6bcd4621d373cade4e832627b4f6','Active',2,1,27,0,0,1,0,'2012-01-11 09:31:41','2012-07-09 11:35:49'),(94,NULL,NULL,'dougsuits@flex-n-gate.com','Doug Suits','dsuits','098f6bcd4621d373cade4e832627b4f6','Active',NULL,NULL,0,0,0,1,0,'2012-01-13 08:54:33','2012-07-09 14:41:55'),(95,NULL,NULL,'qimran@ventraplastics.com','Qaisar Imran','qimran','098f6bcd4621d373cade4e832627b4f6','Active',NULL,NULL,8,0,0,1,0,'2012-01-13 12:28:03','2012-03-30 15:20:18'),(96,NULL,NULL,'ming.tang@flex-n-gate.com','Ming Tang','mtang','098f6bcd4621d373cade4e832627b4f6','Active',0,0,0,0,0,1,0,'2012-01-16 08:28:24','2012-04-19 17:27:59'),(97,NULL,NULL,'twilliams@flexngate-mi.com','Tim Williams','twilliams','098f6bcd4621d373cade4e832627b4f6','Active',NULL,NULL,27,0,0,1,0,'2012-01-16 14:43:11','2012-07-03 13:24:21'),(98,NULL,NULL,NULL,'Mark McQueen','mmcqueen','098f6bcd4621d373cade4e832627b4f6','Active',NULL,NULL,27,0,0,1,0,'2012-01-16 14:44:17',NULL),(99,NULL,NULL,'rvidana@flex-n-gate.com.mx','Roberto Vidana','rvidana','098f6bcd4621d373cade4e832627b4f6','Active',NULL,NULL,40,0,0,1,0,'2012-01-16 14:47:49','2012-07-20 10:41:50'),(100,NULL,NULL,'swachowski@flexngate-mi.com','Steve Wachowski','swachowski','098f6bcd4621d373cade4e832627b4f6','Active',NULL,NULL,27,0,0,1,0,'2012-01-17 14:43:01','2012-02-13 12:23:30'),(101,NULL,NULL,'tspagnuolo@flexngate-mi.com','Tom Spagnuolo','tspagnuolo','098f6bcd4621d373cade4e832627b4f6','Active',NULL,NULL,27,0,0,1,0,'2012-01-17 15:11:04','2012-06-28 16:41:52'),(102,NULL,NULL,'ralbert@flexngate-mi.com','Rick Albert','ralbert','098f6bcd4621d373cade4e832627b4f6','Active',NULL,NULL,27,0,0,1,0,'2012-01-17 16:16:44','2012-07-20 14:09:12'),(103,NULL,NULL,'sami.clifford@flex-n-gate.com','Sami Clifford','sclifford','098f6bcd4621d373cade4e832627b4f6','Active',NULL,NULL,36,0,0,1,0,'2012-01-18 13:25:35','2012-07-20 12:01:41'),(104,NULL,NULL,'cleiter@ventraplastics.com','Chad Leiter','cleiter','098f6bcd4621d373cade4e832627b4f6','Active',NULL,NULL,29,0,0,1,0,'2012-01-24 08:14:09','2012-06-22 15:40:07'),(105,NULL,NULL,'mviray@flexngate-mi.com','Manny Viray','mviray','098f6bcd4621d373cade4e832627b4f6','Active',NULL,NULL,27,0,0,1,0,'2012-01-24 08:21:10','2012-07-16 09:50:50'),(106,NULL,NULL,'dsabelli@flexngate-mi.com','Dan Sabelli','dsabelli','098f6bcd4621d373cade4e832627b4f6','Active',NULL,NULL,27,0,0,1,0,'2012-01-25 13:19:35','2012-07-17 08:22:09'),(107,NULL,NULL,'dknapp@flexngate-mi.com','Doug Knapp','dknapp','098f6bcd4621d373cade4e832627b4f6','Active',NULL,NULL,27,0,0,1,0,'2012-01-26 09:51:49','2012-07-18 15:15:22'),(108,NULL,NULL,NULL,'Steve Jarjoura',NULL,'098f6bcd4621d373cade4e832627b4f6','Active',NULL,1,NULL,0,0,0,0,NULL,NULL),(109,NULL,NULL,'rtobin@flexngate-mi.com','Ryan Tobin','rtobin','098f6bcd4621d373cade4e832627b4f6','Active',NULL,1,27,0,0,1,0,'2012-02-01 07:00:24','2012-04-17 14:19:31'),(110,NULL,NULL,'santiagop@flex-n-gate.com.mx','Santiago Pena','spena','098f6bcd4621d373cade4e832627b4f6','Active',NULL,NULL,40,0,0,1,0,'2012-01-27 11:40:44','2012-06-25 13:56:39'),(111,NULL,NULL,'anarvaez@flex-n-gate.com.mx','Adrian Narvaez','anarvaez','098f6bcd4621d373cade4e832627b4f6','Active',NULL,NULL,40,0,0,1,0,'2012-01-27 11:41:44','2012-04-13 11:02:10'),(112,NULL,NULL,'rtoyne@flexngate.com','Rob Toyne','rtoyne','098f6bcd4621d373cade4e832627b4f6','Active',NULL,NULL,9,0,0,1,0,'2012-01-30 08:30:22','2012-07-20 12:20:29'),(113,NULL,NULL,'kcosta@flexngate-mi.com','Karen Costa','kcosta','098f6bcd4621d373cade4e832627b4f6','Active',NULL,NULL,27,0,0,1,0,'2012-01-31 13:47:57','2012-06-06 07:44:45'),(114,NULL,NULL,'tvigrass@flexngate-mi.com','Tom Vigrass','tvigrass','098f6bcd4621d373cade4e832627b4f6','Active',NULL,NULL,27,0,0,1,0,'2012-01-31 14:06:00','2012-06-25 10:36:47'),(115,NULL,NULL,'jray@flexngate-mi.com','Jeff Ray','jray','098f6bcd4621d373cade4e832627b4f6','Active',2,3,27,0,0,1,0,'2012-01-31 15:03:25','2012-05-17 08:05:05'),(116,NULL,NULL,'rtempich@flexngate-mi.com','Ron Tempich','rtempich','098f6bcd4621d373cade4e832627b4f6','Active',NULL,NULL,27,0,0,1,0,'2012-02-01 07:03:26','2012-03-30 11:16:52'),(117,NULL,NULL,'ngeorge@flexngate-mi.com','Nick George','ngeorge','098f6bcd4621d373cade4e832627b4f6','Active',NULL,NULL,27,0,0,1,0,'2012-02-01 08:11:24','2012-05-08 15:11:24'),(118,NULL,NULL,'jfulk@flexngate-mi.com','John Fulk','jfulk','098f6bcd4621d373cade4e832627b4f6','Active',NULL,NULL,27,0,0,1,0,'2012-02-01 08:11:24','2012-03-23 15:15:28'),(119,NULL,NULL,'rsantarossa@veltrimetal.com','Reno Santarossa','rsantarossa','098f6bcd4621d373cade4e832627b4f6','Active',NULL,NULL,10,0,0,1,0,'2012-02-01 08:12:05','2012-02-03 10:08:24'),(120,NULL,NULL,'rverscheure@veltrimetal.com','Roger Verscheure','rverscheure','098f6bcd4621d373cade4e832627b4f6','Active',NULL,NULL,9,0,0,1,0,'2012-02-01 08:12:32','2012-06-05 17:36:55'),(121,NULL,NULL,'thunt@veltrimetal.com','Tim Hunt','thunt','098f6bcd4621d373cade4e832627b4f6','Active',NULL,NULL,9,0,0,1,0,'2012-02-01 08:13:06','2012-06-05 10:40:14'),(122,NULL,NULL,'mcatanzaro@veltrimetal.com','Mario Catanzaro','mcatanzaro','098f6bcd4621d373cade4e832627b4f6','Active',NULL,NULL,9,0,0,1,0,'2012-02-01 08:13:35',NULL),(123,NULL,NULL,NULL,'Curtis Chajkowski','cchajkowski','098f6bcd4621d373cade4e832627b4f6','Active',NULL,NULL,10,0,0,1,0,'2012-02-01 08:14:39',NULL),(124,NULL,NULL,'cpetrilli@flexngate.com','Carlo Petrilli','cpetrilli','098f6bcd4621d373cade4e832627b4f6','Active',NULL,NULL,10,0,0,1,0,'2012-02-01 08:22:06','2012-03-23 10:32:46'),(125,NULL,NULL,'bbeistline@flexngate-mi.com','Bill Beistline','bbeistline','098f6bcd4621d373cade4e832627b4f6','Active',NULL,NULL,27,0,0,1,0,'2012-02-01 08:35:50','2012-03-15 07:53:20'),(126,NULL,NULL,'nsleiman@veltrimetal.com','Nick Sleiman','nsleiman','098f6bcd4621d373cade4e832627b4f6','Active',NULL,NULL,10,0,0,1,0,'2012-02-01 08:42:44','2012-02-02 10:55:40'),(127,NULL,NULL,NULL,'Raghu Nannapaneni',NULL,'098f6bcd4621d373cade4e832627b4f6','Active',NULL,1,NULL,0,0,0,0,NULL,NULL),(128,NULL,NULL,'tsargent@flexngate-mi.com','Tammy Sargent','tsargent','098f6bcd4621d373cade4e832627b4f6','Active',NULL,NULL,27,0,0,1,0,'2012-02-02 08:03:14','2012-02-29 09:01:48'),(129,NULL,NULL,'tdestefanis@flexngate-mi.com','Teresa DeStefanis','tdestefanis','098f6bcd4621d373cade4e832627b4f6','Active',NULL,NULL,27,0,0,1,0,'2012-02-02 09:11:29','2012-04-30 15:24:42'),(130,NULL,NULL,'rroos@flexngate-mi.com','Renee Roos','rroos','098f6bcd4621d373cade4e832627b4f6','Active',NULL,NULL,27,0,0,1,0,'2012-02-02 09:17:18','2012-02-24 13:35:18'),(131,NULL,NULL,'rsaini@flexngate-mi.com','Ravinder Saini','rsaini','098f6bcd4621d373cade4e832627b4f6','Active',NULL,NULL,27,0,0,1,0,'2012-02-02 09:19:31',NULL),(132,NULL,NULL,'dqasawa@flexngate-mi.com','Diyaa Qasawa','dqasawa','098f6bcd4621d373cade4e832627b4f6','Active',NULL,NULL,27,0,0,1,0,'2012-02-02 09:36:26','2012-02-14 12:00:46'),(133,NULL,NULL,'nmartinico@flexngate-mi.com','Nick Martinico','nmartinico','098f6bcd4621d373cade4e832627b4f6','Active',NULL,NULL,27,0,0,1,0,'2012-02-02 09:42:13','2012-02-03 10:14:07'),(134,NULL,NULL,'joel.cody@flex-n-gate.com','Joel Cody','jcody','098f6bcd4621d373cade4e832627b4f6','Active',NULL,NULL,0,0,0,1,0,'2012-02-02 11:03:14','2012-02-02 17:16:07'),(135,NULL,NULL,'fred.gilbert@ventra.com','Fred Gilbert','fgilbert','098f6bcd4621d373cade4e832627b4f6','Active',NULL,NULL,4,0,0,1,0,'2012-02-02 11:06:39',NULL),(136,NULL,NULL,'bvance@flexngate.com','Bob Vance','bvance','098f6bcd4621d373cade4e832627b4f6','Active',NULL,NULL,10,0,0,1,0,'2012-02-02 11:09:56',NULL),(137,NULL,NULL,'lggomez@flex-n-gate.com.mx','Luis Gabriel Gomez','lggomez','098f6bcd4621d373cade4e832627b4f6','Active',NULL,NULL,27,0,0,1,0,'2012-02-02 11:30:34',NULL),(138,NULL,NULL,'bmcbride@flexngate-mi.com','Bob McBride','bmcbride','098f6bcd4621d373cade4e832627b4f6','Active',NULL,NULL,27,0,0,1,0,'2012-02-02 11:35:30','2012-07-03 08:28:52'),(139,NULL,NULL,'lshabley@veltrimetal.com','Les Shabley','lshabley','098f6bcd4621d373cade4e832627b4f6','Active',NULL,NULL,10,0,0,1,0,'2012-02-02 11:49:00','2012-06-14 10:41:47'),(140,NULL,NULL,'avanhooser@flexngate-mi.com','Ami VanHooser','avanhooser','098f6bcd4621d373cade4e832627b4f6','Active',NULL,NULL,27,0,0,1,0,'2012-02-02 12:03:36',NULL),(141,NULL,NULL,'rafael.raga@flexngate.es','Rafael Raga','rraga','098f6bcd4621d373cade4e832627b4f6','Active',NULL,NULL,116,0,0,1,0,'2012-02-02 15:33:03','2012-06-22 03:29:25'),(142,NULL,NULL,NULL,'Walter Margarido','wmargarido','098f6bcd4621d373cade4e832627b4f6','Active',NULL,NULL,49,0,0,1,0,'2012-02-02 15:55:19',NULL),(143,NULL,NULL,NULL,'Anode Araujo Tavares','atavares','098f6bcd4621d373cade4e832627b4f6','Active',NULL,NULL,49,0,0,1,0,'2012-02-02 15:55:58',NULL),(144,NULL,NULL,'tony.fabiano@ventra.com','Tony Fabiano','tfabiano','098f6bcd4621d373cade4e832627b4f6','Active',NULL,NULL,4,0,0,1,0,'2012-02-03 12:36:53','2012-04-12 10:02:07'),(145,NULL,NULL,'ray.hawkins@ventra.com','Ray Hawkins','rhawkins','098f6bcd4621d373cade4e832627b4f6','Active',NULL,NULL,4,0,0,1,0,'2012-02-03 12:40:30',NULL),(146,NULL,NULL,'khill@flexngate-mi.com','Kelly Hill','khill','098f6bcd4621d373cade4e832627b4f6','Active',NULL,NULL,27,0,0,1,0,'2012-02-03 16:22:04','2012-03-14 08:07:38'),(147,NULL,NULL,'aboyer@flexngate-mi.com','Aaron Boyer','aboyer','098f6bcd4621d373cade4e832627b4f6','Active',NULL,NULL,27,0,0,1,0,'2012-02-03 16:31:44','2012-07-11 14:08:56'),(148,NULL,NULL,'brad.patzer@ventra.com','Brad Patzer','bpatzer','098f6bcd4621d373cade4e832627b4f6','Active',NULL,NULL,4,0,0,1,0,'2012-02-06 09:32:40','2012-02-06 13:20:24'),(149,NULL,NULL,'dave.labey@ventra.com','Dave Labey','dlabey','098f6bcd4621d373cade4e832627b4f6','Active',NULL,NULL,4,0,0,1,0,'2012-02-06 09:37:00','2012-02-06 10:16:26'),(150,NULL,NULL,'jangione@flexngate-mi.com','Joe Angione','jangione','098f6bcd4621d373cade4e832627b4f6','Active',NULL,NULL,27,0,0,1,0,'2012-02-06 09:40:27','2012-02-06 10:14:56'),(151,NULL,NULL,'lscicluna@flexngate-mi.com','Linda Scicluna','lscicluna','098f6bcd4621d373cade4e832627b4f6','Active',NULL,NULL,27,0,0,1,0,'2012-02-06 09:42:53','2012-02-07 07:27:25'),(152,NULL,NULL,'michael.smith@ventra.com','Mike Smith','msmith','098f6bcd4621d373cade4e832627b4f6','Active',NULL,NULL,4,0,0,1,0,'2012-02-06 19:37:59','2012-02-07 07:39:53'),(153,NULL,NULL,NULL,'Nathan Matzkvech',NULL,'098f6bcd4621d373cade4e832627b4f6','Active',NULL,1,NULL,0,0,0,0,NULL,NULL),(154,NULL,NULL,'torr@flexngate-mi.com','Tom Orr','torr','098f6bcd4621d373cade4e832627b4f6','Active',NULL,NULL,27,0,0,1,0,'2012-02-09 21:11:46','2012-02-10 07:02:09'),(155,NULL,NULL,'kwatson@flexngate-mi.com','Kristine Watson','kwatson','098f6bcd4621d373cade4e832627b4f6','Active',NULL,NULL,27,0,0,1,0,'2012-02-10 20:54:10','2012-06-11 10:44:42'),(156,NULL,NULL,'jlawrenson@flexngate-mi.com','Jeff Lawrenson','jlawrenson','098f6bcd4621d373cade4e832627b4f6','Active',NULL,NULL,27,0,0,1,0,'2012-02-10 20:59:00','2012-05-15 07:52:10'),(157,NULL,NULL,'jsuurnakki@ventraplastics.com','Jarno Suurnakki','jsuurnakki','098f6bcd4621d373cade4e832627b4f6','Active',NULL,NULL,12,0,0,1,0,'2012-02-10 21:03:25','2012-06-15 10:52:46'),(158,NULL,NULL,'dwright@ventraplastics.com','Darlene Wright','dwright','098f6bcd4621d373cade4e832627b4f6','Active',NULL,NULL,12,0,0,1,0,'2012-02-10 21:06:48','2012-05-09 12:06:26'),(159,NULL,NULL,'danchrysler@ventraplastics.com','Dan Chrysler','dchrysler','098f6bcd4621d373cade4e832627b4f6','Active',NULL,NULL,12,0,0,1,0,'2012-02-10 21:08:57','2012-02-13 08:47:56'),(160,NULL,NULL,'robb.springfield@flex-n-gate.com','Robb Springfield','rspringfield','098f6bcd4621d373cade4e832627b4f6','Active',NULL,NULL,0,0,0,1,0,'2012-02-13 12:08:31','2012-04-18 14:34:45'),(161,NULL,NULL,'david.smith@flex-n-gate.com','David Smith','dsmith','098f6bcd4621d373cade4e832627b4f6','Active',NULL,NULL,0,0,0,1,0,'2012-02-13 13:05:54','2012-02-13 17:09:36'),(162,NULL,NULL,'pnguyen@ventraplastics.com','Phu Nguyen','pnguyen','098f6bcd4621d373cade4e832627b4f6','Active',NULL,NULL,110,0,0,1,0,'2012-02-13 13:23:13','2012-05-16 15:00:37'),(163,NULL,NULL,'dpapak@flexngate-mi.com','Dave Papak','dpapak','098f6bcd4621d373cade4e832627b4f6','Active',NULL,NULL,27,0,0,1,0,'2012-02-13 13:27:43','2012-07-11 11:51:02'),(164,NULL,NULL,'dseddon@flexngate-mi.com','Dan Seddon','dseddon','098f6bcd4621d373cade4e832627b4f6','Active',NULL,NULL,27,0,0,1,0,'2012-02-13 13:30:45','2012-05-21 14:32:39'),(165,NULL,NULL,'kcampbell@ventraplastics.com','Ken Campbell','kcampbell','098f6bcd4621d373cade4e832627b4f6','Active',0,0,23,0,0,1,0,'2012-02-15 11:33:07','2012-07-23 10:45:28'),(166,NULL,NULL,'sbarbe@ventraplastics.com','Shelley Barbe','sbarbe','098f6bcd4621d373cade4e832627b4f6','Active',NULL,NULL,23,0,0,1,0,'2012-02-15 11:40:23','2012-07-23 11:36:02'),(167,NULL,NULL,'jnash@ventraplastics.com','Jeremy Nash','jnash','098f6bcd4621d373cade4e832627b4f6','Active',1,0,23,1,1,1,0,'2012-02-15 11:41:35','2012-07-16 11:53:22'),(168,NULL,NULL,'rbarbe@ventraplastics.com','Ron Barbe','rbarbe','098f6bcd4621d373cade4e832627b4f6','Active',NULL,NULL,23,0,0,1,0,'2012-02-16 08:16:05','2012-07-18 15:08:41'),(169,NULL,NULL,'mjones@ventraplastics.com','Mike Jones','mjones','098f6bcd4621d373cade4e832627b4f6','Active',NULL,NULL,23,0,0,1,0,'2012-02-16 08:16:05','2012-02-20 13:22:46'),(170,NULL,NULL,'dcaldwell@ventraplastics.com','Dana Caldwell','dcaldwell','098f6bcd4621d373cade4e832627b4f6','Active',NULL,NULL,23,0,0,1,0,'2012-02-16 08:16:05','2012-07-17 15:45:19'),(171,NULL,NULL,'dkondracki@ventraplastics.com','David Kondracki','dkondracki','098f6bcd4621d373cade4e832627b4f6','Active',NULL,NULL,23,0,0,1,0,'2012-02-16 08:16:05','2012-06-05 09:47:27'),(172,NULL,NULL,'zlawrence@ventraplastics.com','Zach Lawrence','zlawrence','098f6bcd4621d373cade4e832627b4f6','Active',NULL,NULL,23,0,0,1,0,'2012-02-16 08:16:05',NULL),(173,NULL,NULL,'hipolitog@flex-n-gate.com.mx','Hipolito Gutierrez','hgutierrez','098f6bcd4621d373cade4e832627b4f6','Active',NULL,NULL,40,0,0,1,0,'2012-02-21 09:14:23','2012-05-24 10:32:29'),(174,NULL,NULL,'ssutton@ventraplastics.com','Sean Sutton','ssutton','098f6bcd4621d373cade4e832627b4f6','Active',NULL,NULL,35,0,0,1,0,'2012-02-21 14:19:55','2012-07-23 15:09:39'),(175,NULL,NULL,'mike.sevedge@flex-n-gate.com','Mike Sevedge','msevedge','098f6bcd4621d373cade4e832627b4f6','Active',NULL,NULL,36,0,0,1,0,'2012-02-22 08:29:19','2012-04-17 11:27:12'),(176,NULL,NULL,'tbrinkman@flexngate-mi.com','Troy Brinkman','tbrinkman','098f6bcd4621d373cade4e832627b4f6','Active',NULL,NULL,28,0,0,1,0,'2012-02-23 14:35:10','2012-05-07 13:18:55'),(177,NULL,NULL,'bdelorme@ventraplastics.com','Brad Delorme','bdelorme','098f6bcd4621d373cade4e832627b4f6','Active',1,0,12,0,0,1,0,'2012-02-24 08:06:29','2012-06-13 17:29:36'),(178,NULL,NULL,'mkhan@ventraplastics.com','Mutahir Khan','mkhan','098f6bcd4621d373cade4e832627b4f6','Active',NULL,NULL,11,0,0,1,0,'2012-02-24 08:26:31','2012-06-06 13:05:52'),(179,NULL,NULL,'wkuehn@ventraplastics.com','Will Kuehn','wkuehn','098f6bcd4621d373cade4e832627b4f6','Active',NULL,NULL,11,0,0,1,0,'2012-02-24 08:41:51','2012-07-17 08:06:33'),(180,NULL,NULL,'gclarke@flexngate-mi.com','Greg Clarke','gclarke','098f6bcd4621d373cade4e832627b4f6','Active',NULL,NULL,27,0,0,1,0,'2012-02-24 11:18:10','2012-07-19 15:38:14'),(181,NULL,NULL,'jlopes@ventraplastics.com','Joe Lopes','jlopes','098f6bcd4621d373cade4e832627b4f6','Active',NULL,NULL,53,0,0,1,0,'2012-02-27 10:33:45',NULL),(182,NULL,NULL,'rdykstra@ventraplastics.com','Roy Dykstra','rdykstra','098f6bcd4621d373cade4e832627b4f6','Active',NULL,NULL,12,0,0,1,0,'2012-02-27 10:36:37','2012-05-30 11:12:46'),(183,NULL,NULL,'lhaylor@ventraplastics.com','Lynda Haylor','lhaylor','098f6bcd4621d373cade4e832627b4f6','Active',NULL,NULL,53,0,0,1,0,'2012-02-27 10:38:25',NULL),(184,NULL,NULL,'jseaboyer@ventraplastics.com','Jason Seaboyer','jseaboyer','098f6bcd4621d373cade4e832627b4f6','Active',NULL,NULL,53,0,0,1,0,'2012-02-27 10:41:58',NULL),(185,NULL,NULL,'azoschke@ventraplastics.com','Andy Zoschke','azoschke','098f6bcd4621d373cade4e832627b4f6','Active',NULL,NULL,12,0,0,1,0,'2012-02-27 10:43:50','2012-07-20 15:45:33'),(186,NULL,NULL,'sperucca@flexngate-mi.com','Steve Perucca','sperucca','098f6bcd4621d373cade4e832627b4f6','Active',2,1,27,0,0,1,0,'2012-02-27 10:47:28','2012-07-09 18:00:02'),(187,NULL,NULL,'dmammel@ventraplastics.com','Derek Mammel','dmammel','098f6bcd4621d373cade4e832627b4f6','Active',1,0,11,0,0,1,0,'2012-02-28 08:08:35','2012-07-10 15:05:38'),(188,NULL,NULL,'jatkinson@ventra.us','John Atkinson','jatkinson','098f6bcd4621d373cade4e832627b4f6','Active',NULL,NULL,33,0,0,1,0,'2012-02-28 13:10:42','2012-05-14 11:30:58'),(189,NULL,NULL,'jomillian@ventra.us','Jerry Omillian','jomillian','098f6bcd4621d373cade4e832627b4f6','Active',NULL,NULL,33,0,0,1,0,'2012-02-28 13:38:02',NULL),(190,NULL,NULL,'bkern@flex-n-gate.com','Bob Kern','bkern','098f6bcd4621d373cade4e832627b4f6','Active',NULL,NULL,0,0,0,1,0,'2012-02-28 13:45:14',NULL),(191,NULL,NULL,'glopes@ventraplastics.com','Gillian Lopes','glopes','098f6bcd4621d373cade4e832627b4f6','Active',NULL,NULL,12,0,0,1,0,'2012-02-29 08:22:42',NULL),(192,NULL,NULL,'pfracz@ventraplastics.com','Phil Fracz','pfracz','098f6bcd4621d373cade4e832627b4f6','Active',NULL,NULL,12,0,0,1,0,'2012-02-29 08:28:41','2012-03-12 16:07:09'),(193,NULL,NULL,'dmccabe@ventraplastics.com','Dave McCabe','dmccabe','098f6bcd4621d373cade4e832627b4f6','Active',NULL,NULL,12,0,0,1,0,'2012-02-29 08:30:38',NULL),(194,NULL,NULL,'bsawers@ventraplastics.com','Brenda Sawers','bsawers','098f6bcd4621d373cade4e832627b4f6','Active',NULL,NULL,12,0,0,1,0,'2012-02-29 08:32:03',NULL),(196,NULL,NULL,NULL,'Doug Hart',NULL,'098f6bcd4621d373cade4e832627b4f6','Active',NULL,1,NULL,0,0,0,0,NULL,NULL),(197,NULL,NULL,'carla.fenton@flex-n-gate.com','Carla Fenton','cfenton','098f6bcd4621d373cade4e832627b4f6','Active',NULL,NULL,36,0,0,1,0,'2012-03-09 15:12:37','2012-03-09 15:41:24'),(198,NULL,NULL,'alyson.morse@flex-n-gate.com','Alyson Morse','amorse','098f6bcd4621d373cade4e832627b4f6','Active',NULL,NULL,36,0,0,1,0,'2012-03-09 15:16:13','2012-04-04 16:49:50'),(199,NULL,NULL,'kditeodoro@flexngate-mi.com','Kelley DiTeodoro','kditeodoro','098f6bcd4621d373cade4e832627b4f6','Active',NULL,NULL,27,0,0,1,0,'2012-03-13 09:18:23','2012-07-11 12:11:48'),(200,NULL,NULL,'dringler@ventra.us','Doug Ringler','dringler','098f6bcd4621d373cade4e832627b4f6','Active',NULL,NULL,33,0,0,1,0,'2012-03-13 11:08:39','2012-07-11 09:05:34'),(201,NULL,NULL,'jschreiber@ventra.us','James Schreiber','jschreiber','098f6bcd4621d373cade4e832627b4f6','Active',NULL,NULL,33,0,0,1,0,'2012-03-13 11:08:39','2012-06-06 11:26:33'),(202,NULL,NULL,'jmccann@flexngate-mi.com','Jack McCann','jmccann','098f6bcd4621d373cade4e832627b4f6','Active',NULL,NULL,27,0,0,1,0,'2012-03-13 11:08:39',NULL),(203,NULL,NULL,'jgarcia3@ventra.us','Jose Garcia','jgarcia','098f6bcd4621d373cade4e832627b4f6','Active',NULL,NULL,33,0,0,1,0,'2012-03-13 11:08:39',NULL),(204,NULL,NULL,'bmagnuson@ventraplastics.com','Brad Mugnuson','bmagnuson','098f6bcd4621d373cade4e832627b4f6','Active',NULL,NULL,35,0,0,1,0,'2012-03-13 11:25:49','2012-03-13 12:38:58'),(205,NULL,NULL,'mabdoo@ventraplastics.com','Mike Abdoo','mabdoo','098f6bcd4621d373cade4e832627b4f6','Active',NULL,NULL,35,0,0,1,0,'2012-03-13 11:26:23','2012-03-21 08:30:07'),(206,NULL,NULL,'hradcliff@ventraplastics.com','Harvey Radcliff','hradcliff','098f6bcd4621d373cade4e832627b4f6','Active',NULL,NULL,35,0,0,1,0,'2012-03-13 11:27:48','2012-04-23 16:00:08'),(207,NULL,NULL,'jmurray@ventraplastics.com','Jason Murray','jmurray','098f6bcd4621d373cade4e832627b4f6','Active',NULL,NULL,35,0,0,1,0,'2012-03-13 11:31:14','2012-05-15 08:19:53'),(208,NULL,NULL,'pschnaible@ventraplastics.com','Pat Schnaible','pschnaible','098f6bcd4621d373cade4e832627b4f6','Active',NULL,NULL,35,0,0,1,0,'2012-03-13 11:32:18','2012-07-03 08:33:18'),(209,NULL,NULL,'ccowan@ventraplastics.com','Cindy Cowan','ccowan','098f6bcd4621d373cade4e832627b4f6','Active',NULL,NULL,35,0,0,1,0,'2012-03-13 11:33:03','2012-07-16 14:39:21'),(210,NULL,NULL,'rzines@ventraplastics.com','Matt Zines','rzines','098f6bcd4621d373cade4e832627b4f6','Active',NULL,NULL,0,0,0,1,0,'2012-03-13 11:34:35','2012-03-21 11:09:58'),(211,NULL,NULL,'renglert@ventraplastics.com','Robert Englert','renglert','098f6bcd4621d373cade4e832627b4f6','Active',NULL,NULL,35,0,0,1,0,'2012-03-13 11:36:01',NULL),(212,NULL,NULL,'wtdustman@ventraplastics.com','William Dustman','wdustman','098f6bcd4621d373cade4e832627b4f6','Active',NULL,NULL,35,0,0,1,0,'2012-03-13 11:37:00','2012-03-13 15:11:16'),(213,NULL,NULL,'dmerriman@ventraplastics.com','Dale Merriman','dmerriman','098f6bcd4621d373cade4e832627b4f6','Active',NULL,NULL,35,0,0,1,0,'2012-03-13 11:38:25','2012-06-18 08:56:31'),(214,NULL,NULL,'sravelli@ventraplastics.com','Sid Ravelli','sravelli','098f6bcd4621d373cade4e832627b4f6','Active',NULL,NULL,35,0,0,1,0,'2012-03-13 11:39:12',NULL),(215,NULL,NULL,'stuel@ventraplastics.com','Scott Tuel','stuel','098f6bcd4621d373cade4e832627b4f6','Active',NULL,NULL,35,0,0,1,0,'2012-03-13 11:41:01','2012-06-25 15:55:33'),(216,NULL,NULL,'pbica@ventraplastics.com','Patty Bica','pbica','098f6bcd4621d373cade4e832627b4f6','Active',NULL,NULL,35,0,0,1,0,'2012-03-13 11:42:01','2012-03-13 14:06:24'),(217,NULL,NULL,'tsnow@ventraplastics.com','Tim Snow','tsnow','098f6bcd4621d373cade4e832627b4f6','Active',NULL,NULL,35,0,0,1,0,'2012-03-14 13:46:47','2012-07-13 08:32:41'),(218,NULL,NULL,'cbailey@ventraplastics.com','Chad Bailey','cbailey','098f6bcd4621d373cade4e832627b4f6','Active',NULL,NULL,35,0,0,1,0,'2012-03-14 13:48:44','2012-03-14 14:08:03'),(219,NULL,NULL,'cbrandenburg@ventraplastics.com','Craig Brandenburg','cbrandenburg','098f6bcd4621d373cade4e832627b4f6','Active',NULL,NULL,35,0,0,1,0,'2012-03-20 08:27:27',NULL),(220,NULL,NULL,'kgeiger@ventraplastics.com','Kevin Geiger','kgeiger','098f6bcd4621d373cade4e832627b4f6','Active',1,0,35,0,0,1,0,'2012-03-20 08:29:07','2012-03-20 09:19:02'),(221,NULL,NULL,'jslason@ventraplastics.com','Jim Slason','jslason','098f6bcd4621d373cade4e832627b4f6','Active',NULL,NULL,35,0,0,1,0,'2012-03-20 08:30:22','2012-03-20 10:48:27'),(222,NULL,NULL,'cstaufeneger@ventraplastics.com','Chris Staufeneger','cstaufeneger','098f6bcd4621d373cade4e832627b4f6','Active',NULL,NULL,35,0,0,1,0,'2012-03-20 08:32:00',NULL),(223,NULL,NULL,'mtullis@ventraplastics.com','Mel Tullis','mtullis','098f6bcd4621d373cade4e832627b4f6','Active',NULL,NULL,35,0,0,1,0,'2012-03-20 08:33:37',NULL),(224,NULL,NULL,'breadshaw@ventraplastics.com','Bobbi Readshaw','breadshaw','098f6bcd4621d373cade4e832627b4f6','Active',NULL,NULL,35,0,0,1,0,'2012-03-20 08:35:15','2012-03-20 13:25:36'),(225,NULL,NULL,'bgower@ventraplastics.com','Brandy Gower','bgower','098f6bcd4621d373cade4e832627b4f6','Active',NULL,NULL,35,0,0,1,0,'2012-03-20 08:38:25',NULL),(226,NULL,NULL,'rmitchell@ventraplastics.com','Rose Mitchell','rmitchell','098f6bcd4621d373cade4e832627b4f6','Active',NULL,NULL,35,0,0,1,0,'2012-03-20 08:41:02','2012-06-06 16:15:19'),(227,NULL,NULL,'rsyx@ventraplastics.com','Becky Syx','bsyx','098f6bcd4621d373cade4e832627b4f6','Active',NULL,NULL,35,0,0,1,0,'2012-03-20 08:43:21','2012-06-05 11:57:20'),(228,NULL,NULL,'thorne@flexngate-mi.com','Tom Horne','thorne','098f6bcd4621d373cade4e832627b4f6','Active',NULL,NULL,27,0,0,1,0,'2012-03-20 10:14:48','2012-05-07 16:17:23'),(229,NULL,NULL,'masato.ikai@flex-n-gate.com','Matt Ikai','mikai','098f6bcd4621d373cade4e832627b4f6','Active',2,5,0,0,0,1,0,'2012-03-22 13:12:55','2012-06-29 17:10:27'),(230,NULL,NULL,'bridgette.alfred@flex-n-gate.com','Bridgette Alfred','balfred','098f6bcd4621d373cade4e832627b4f6','Active',NULL,NULL,36,0,0,1,0,'2012-03-23 11:27:36','2012-05-08 09:46:12'),(231,NULL,NULL,'mwieber@ventra.us','Mike Wieber','mwieber','098f6bcd4621d373cade4e832627b4f6','Active',NULL,NULL,33,0,0,1,0,'2012-03-27 10:24:07','2012-06-15 15:57:30'),(232,NULL,NULL,'snemetz@ventra.us','Sally Nemetz','snemetz','098f6bcd4621d373cade4e832627b4f6','Active',NULL,NULL,33,0,0,1,0,'2012-03-27 10:26:39',NULL),(233,NULL,NULL,'jbengel@ventra.us','Jeff Bengel','jbengel','098f6bcd4621d373cade4e832627b4f6','Active',NULL,NULL,33,0,0,1,0,'2012-03-27 10:31:30','2012-07-05 07:47:24'),(234,NULL,NULL,'reckley@ventra.us','Roger Eckley','reckley','098f6bcd4621d373cade4e832627b4f6','Active',NULL,NULL,33,0,0,1,0,'2012-03-27 10:33:18','2012-03-27 12:38:47'),(235,NULL,NULL,'gthurston@ventra.us','Greg Thurston','gthurston','098f6bcd4621d373cade4e832627b4f6','Active',NULL,NULL,33,0,0,1,0,'2012-03-27 10:34:45','2012-03-27 12:00:48'),(236,NULL,NULL,'smeyers@ventra.us','Scott Meyers','smeyers','098f6bcd4621d373cade4e832627b4f6','Active',NULL,NULL,33,0,0,1,0,'2012-04-09 08:18:14','2012-05-22 07:12:14'),(237,NULL,NULL,'rfawley@ventra.us','Rebecca Fawley','rfawley','098f6bcd4621d373cade4e832627b4f6','Active',NULL,NULL,33,0,0,1,0,'2012-04-09 08:22:14','2012-04-18 08:07:53'),(238,NULL,NULL,'lsullivan@ventra.us','Les Sullivan','lsullivan','098f6bcd4621d373cade4e832627b4f6','Active',NULL,NULL,31,0,0,1,0,'2012-04-10 14:10:51','2012-07-17 10:25:18'),(239,NULL,NULL,'artemioc@flex-n-gate.com.mx','Artemio Corona','acorona','098f6bcd4621d373cade4e832627b4f6','Active',NULL,NULL,40,0,0,1,0,'2012-04-13 08:52:13','2012-04-17 09:30:35'),(240,NULL,NULL,'marcelinop@flex-n-gate.com.mx','Marcelino Prado','mprado','098f6bcd4621d373cade4e832627b4f6','Active',NULL,NULL,40,0,0,1,0,'2012-04-13 08:56:04','2012-06-25 10:53:48'),(241,NULL,NULL,'rosan@flex-n-gate.com.mx','Rosa Maria Norato','rnorato','098f6bcd4621d373cade4e832627b4f6','Active',NULL,NULL,40,0,0,1,0,'2012-04-13 08:57:36',NULL),(242,NULL,NULL,'cbrown@ventra.us','Cindy Brown','cbrown','098f6bcd4621d373cade4e832627b4f6','Active',NULL,NULL,33,0,0,1,0,'2012-04-16 07:57:38','2012-04-18 13:33:54'),(243,NULL,NULL,'dsnyder@ventra.us','Dan Snyder','dasnyder','098f6bcd4621d373cade4e832627b4f6','Active',NULL,NULL,33,0,0,1,0,'2012-04-16 08:05:19',NULL),(244,NULL,NULL,'dsimon@ventra.us','Dan Simon','dsimon','098f6bcd4621d373cade4e832627b4f6','Active',NULL,NULL,33,0,0,1,0,'2012-04-16 08:06:16','2012-04-17 09:54:47'),(245,NULL,NULL,'jerridge@ventra.us','Jeff Erridge','jerridge','098f6bcd4621d373cade4e832627b4f6','Active',NULL,NULL,33,0,0,1,0,'2012-04-16 08:08:12',NULL),(246,NULL,NULL,'kodren@ventra.us','Keith Odren','kodren','098f6bcd4621d373cade4e832627b4f6','Active',NULL,NULL,33,0,0,1,0,'2012-04-16 08:10:59',NULL),(247,NULL,NULL,'jreynolds@ventra.us','Jerry Reynolds','jreynolds','098f6bcd4621d373cade4e832627b4f6','Active',NULL,NULL,33,0,0,1,0,'2012-04-16 08:12:36','2012-04-23 10:34:48'),(248,NULL,NULL,'jhanderson@ventra.us','Jim Anderson','janderson','098f6bcd4621d373cade4e832627b4f6','Active',NULL,NULL,33,0,0,1,0,'2012-04-16 08:14:57','2012-06-01 10:26:35'),(249,NULL,NULL,'susan.puckett@flex-n-gate.com','Susan Puckett','spuckett','098f6bcd4621d373cade4e832627b4f6','Active',NULL,NULL,0,0,0,1,0,'2012-04-16 16:35:14','2012-07-10 18:04:20'),(250,NULL,NULL,'dsylvester@ventra.us','Denise Sylvester','dsylvester','098f6bcd4621d373cade4e832627b4f6','Active',NULL,NULL,31,0,0,1,0,'2012-04-18 13:03:26','2012-04-18 14:47:01'),(251,NULL,NULL,'jreigler@ventra.us','Joyln Reigler','jreigler','098f6bcd4621d373cade4e832627b4f6','Active',NULL,NULL,31,0,0,1,0,'2012-04-18 13:05:54',NULL),(252,NULL,NULL,'rpoole@ventra.us','Robert Poole','rpoole','098f6bcd4621d373cade4e832627b4f6','Active',NULL,NULL,31,0,0,1,0,'2012-04-18 13:33:20',NULL),(253,NULL,NULL,'dbrnada@ventra.us','Dragana Brnada','dbrnada','098f6bcd4621d373cade4e832627b4f6','Active',NULL,NULL,31,0,0,1,0,'2012-04-18 13:35:33',NULL),(254,NULL,NULL,'rvillarreal@ventra.us','Rachel Villarreal','rvillarreal','098f6bcd4621d373cade4e832627b4f6','Active',NULL,NULL,31,0,0,1,0,'2012-04-18 13:37:52',NULL),(255,NULL,NULL,'skeith@ventra.us','Steven Keith','skeith','098f6bcd4621d373cade4e832627b4f6','Active',NULL,NULL,31,0,0,1,0,'2012-04-18 13:41:28',NULL),(256,NULL,NULL,'rswinger@ventra.us','Scott Swinger','rswinger','098f6bcd4621d373cade4e832627b4f6','Active',NULL,NULL,31,0,0,1,0,'2012-04-18 13:43:29',NULL),(257,NULL,NULL,'rfitts@ventra.us','Ralph Fitts','rfitts','098f6bcd4621d373cade4e832627b4f6','Active',NULL,NULL,0,0,0,1,0,'2012-04-18 13:44:55',NULL),(258,NULL,NULL,'rnorton@ventra.us','Richard Norton','rnorton','098f6bcd4621d373cade4e832627b4f6','Active',NULL,NULL,31,0,0,1,0,'2012-04-18 13:45:47','2012-07-10 12:12:53'),(259,NULL,NULL,'slanning@ventra.us','Stacie Lanning','slanning','098f6bcd4621d373cade4e832627b4f6','Active',NULL,NULL,31,0,0,1,0,'2012-04-18 13:46:32',NULL),(260,NULL,NULL,'jmorabito@ventra.us','Joe Morabito','jmorabito','098f6bcd4621d373cade4e832627b4f6','Active',NULL,NULL,31,0,0,1,0,'2012-04-18 13:50:43',NULL),(261,NULL,NULL,'pdeol@ventra.us','Pritpal Deol','pdeol','098f6bcd4621d373cade4e832627b4f6','Active',0,0,31,0,0,1,0,'2012-04-18 13:51:20','2012-06-05 10:40:08'),(262,NULL,NULL,'mason.fishback@flex-n-gate.com','Mason Fishback','mfishback','098f6bcd4621d373cade4e832627b4f6','Active',NULL,NULL,38,0,0,1,0,'2012-04-18 13:57:26','2012-06-27 14:19:50'),(263,NULL,NULL,'alrivera@fnghmo.com.mx','Alain Rivera','alrivera','098f6bcd4621d373cade4e832627b4f6','Active',NULL,NULL,39,0,0,1,0,'2012-04-18 14:29:59',NULL),(264,NULL,NULL,'aalcantar@fnghmo.com.mx','Adrian Alcantar','aalcantar','098f6bcd4621d373cade4e832627b4f6','Active',NULL,NULL,39,0,0,1,0,'2012-04-18 14:33:01','2012-06-21 13:00:15'),(265,NULL,NULL,'gcarlos@fnghmo.com.mx','Gilberto Carlos','gcarlos','098f6bcd4621d373cade4e832627b4f6','Active',NULL,NULL,39,0,0,1,0,'2012-04-18 14:34:52','2012-06-28 14:05:04'),(266,NULL,NULL,'rkeith@fnghmo.com.mx','Rodolfo Keith','rkeith','098f6bcd4621d373cade4e832627b4f6','Active',NULL,NULL,39,0,0,1,0,'2012-04-18 14:36:43','2012-07-06 19:23:25'),(267,NULL,NULL,'gabusson@dow.com','Gustavo Busson','gabusson','098f6bcd4621d373cade4e832627b4f6','Active',NULL,NULL,49,0,0,1,0,'2012-04-20 12:24:56',NULL),(268,NULL,NULL,'aklynstra@ventra.us','AJ Klynstra','aklynstra','098f6bcd4621d373cade4e832627b4f6','Active',4,0,31,0,0,1,0,'2012-04-23 16:14:55','2012-07-19 15:49:53'),(269,NULL,NULL,'livanovic@fnghmo.com.mx','Luka Ivanovic','livanovic','098f6bcd4621d373cade4e832627b4f6','Active',NULL,NULL,39,0,0,1,0,'2012-04-24 11:47:55','2012-05-29 12:28:35'),(270,NULL,NULL,'kspitler@ventra.us','Ken Spitler','kspitler','098f6bcd4621d373cade4e832627b4f6','Active',NULL,NULL,30,0,0,1,0,'2012-04-24 11:52:46',NULL),(271,NULL,NULL,'ben.greene@flex-n-gate.com','Ben Greene','bgreene','098f6bcd4621d373cade4e832627b4f6','Active',NULL,NULL,15,0,0,1,0,'2012-04-24 15:23:21',NULL),(272,NULL,NULL,'dhansen@ventra.us','Dave Hansen','dhansen','098f6bcd4621d373cade4e832627b4f6','Active',NULL,NULL,31,0,0,1,0,'2012-04-24 15:47:26','2012-07-23 12:14:08'),(273,NULL,NULL,'djblik@ventra.us','Donna Blik','djblik','098f6bcd4621d373cade4e832627b4f6','Active',4,0,31,0,0,1,0,'2012-04-24 15:49:35','2012-05-02 14:43:47'),(274,NULL,NULL,'krunning@ventra.us','Kevin Running','krunning','098f6bcd4621d373cade4e832627b4f6','Active',NULL,NULL,31,0,0,1,0,'2012-04-24 15:52:17',NULL),(275,NULL,NULL,'rbos@ventra.us','Rick Bos','rbos','098f6bcd4621d373cade4e832627b4f6','Active',NULL,NULL,31,0,0,1,0,'2012-04-24 15:54:07',NULL),(276,NULL,NULL,'mjensen@ventra.us','Mike Jensen','mjensen','098f6bcd4621d373cade4e832627b4f6','Active',4,2,31,1,1,1,0,'2012-04-24 16:05:28','2012-07-19 14:45:05'),(277,NULL,NULL,'tom.lynett@flex-n-gate.com','Tom Lynett','tlynett','098f6bcd4621d373cade4e832627b4f6','Active',NULL,NULL,15,0,0,1,0,'2012-04-24 16:09:42',NULL),(278,NULL,NULL,'steve.bennett@flex-n-gate.com','Steve Bennett','sbennett','098f6bcd4621d373cade4e832627b4f6','Active',NULL,NULL,15,0,0,1,0,'2012-04-24 16:13:28',NULL),(279,NULL,NULL,'daryl.oglesby@flex-n-gate.com','Daryl Oglesby','doglesby','098f6bcd4621d373cade4e832627b4f6','Active',NULL,NULL,15,0,0,1,0,'2012-04-24 16:14:46','2012-04-24 18:35:14'),(280,NULL,NULL,'mark.drinkwater@flex-n-gate.com','Mark Drinkwater','mdrinkwater','098f6bcd4621d373cade4e832627b4f6','Active',NULL,NULL,15,0,0,1,0,'2012-04-24 16:16:14',NULL),(281,NULL,NULL,'leeanne.moran@flex-n-gate.com','Leeanne Moran','lmoran','098f6bcd4621d373cade4e832627b4f6','Active',NULL,NULL,15,0,0,1,0,'2012-04-24 16:17:50',NULL),(282,NULL,NULL,'generoso.montemayor@flex-n-gate.com','Generoso Montemayor','gmontemayor','098f6bcd4621d373cade4e832627b4f6','Active',NULL,NULL,15,0,0,1,0,'2012-04-24 16:19:47','2012-04-24 16:42:40'),(283,NULL,NULL,'network@flexngate.com','Zoran Jevdic','zjevdic','098f6bcd4621d373cade4e832627b4f6','Active',NULL,NULL,5,0,0,1,0,'2012-04-25 08:24:06',NULL),(285,NULL,NULL,'hknor@ventraplastics.com','Harry Knor','hknor','098f6bcd4621d373cade4e832627b4f6','Active',NULL,NULL,11,0,0,1,0,'2012-04-25 12:57:21','2012-06-14 12:48:31'),(286,NULL,NULL,'rhoward@ventra.us','Ron Howard','rhoward','098f6bcd4621d373cade4e832627b4f6','Active',NULL,NULL,31,0,0,1,0,'2012-04-25 13:06:23','2012-04-26 08:03:51'),(287,NULL,NULL,'kbuckingham@ventra.us','Kris Buckingham','kbuckingham','098f6bcd4621d373cade4e832627b4f6','Active',NULL,NULL,31,0,0,1,0,'2012-04-25 13:07:48',NULL),(288,NULL,NULL,'cleadingham@flexngate-mi.com','Curt Leadingham','cleadingham','098f6bcd4621d373cade4e832627b4f6','Active',NULL,NULL,27,0,0,1,0,'2012-04-25 13:10:24','2012-04-26 09:46:57'),(289,NULL,NULL,'dvanbuskirk@flexngate-mi.com','Don VanBuskirk','dvanbuskirk','098f6bcd4621d373cade4e832627b4f6','Active',NULL,NULL,104,0,0,1,0,'2012-04-25 13:13:11',NULL),(290,NULL,NULL,'jloftus@ventraplastics.com','Jim Loftus','jloftus','098f6bcd4621d373cade4e832627b4f6','Active',NULL,NULL,29,0,0,1,0,'2012-04-25 13:14:55',NULL),(291,NULL,NULL,'pvaller@ventraplastics.com','Pete Valler','pvaller','098f6bcd4621d373cade4e832627b4f6','Active',NULL,NULL,29,0,0,1,0,'2012-04-25 13:16:10','2012-04-26 14:11:27'),(293,NULL,NULL,'mark.phillips@flex-n-gate.com','Mark Phillips','mphillips','098f6bcd4621d373cade4e832627b4f6','Active',NULL,NULL,0,0,0,1,0,'2012-04-25 13:22:08',NULL),(294,NULL,NULL,'blang@ventraplastics.com','Bill Lang','blang','098f6bcd4621d373cade4e832627b4f6','Active',NULL,NULL,17,0,0,1,0,'2012-04-25 13:25:39','2012-04-25 16:10:39'),(295,NULL,NULL,'fquerol@fnghmo.com.mx','Francisco Querol','fquerol','098f6bcd4621d373cade4e832627b4f6','Active',NULL,NULL,39,0,0,1,0,'2012-04-25 13:28:17','2012-06-26 12:04:24'),(296,NULL,NULL,'cokeefe@ventra.us','Charlie O\'Keefe','cokeefe','098f6bcd4621d373cade4e832627b4f6','Active',NULL,NULL,30,0,0,1,0,'2012-04-25 13:30:29','2012-04-25 13:35:49'),(297,NULL,NULL,'hwalker@ventraplastics.com','Heather Walker','hwalker','098f6bcd4621d373cade4e832627b4f6','Active',NULL,NULL,13,0,0,1,0,'2012-04-25 13:32:17',NULL),(298,NULL,NULL,'ptaouil@ventraplastics.com','Pierre Taouil','ptaouil','098f6bcd4621d373cade4e832627b4f6','Active',NULL,NULL,13,0,0,1,0,'2012-04-25 13:33:56','2012-06-11 08:46:27'),(299,NULL,NULL,'btrudel@flexngate-mi.com','Barb Trudel','btrudel','098f6bcd4621d373cade4e832627b4f6','Active',NULL,NULL,27,0,0,1,0,'2012-04-26 13:16:25','2012-07-20 14:23:26'),(300,NULL,NULL,'mdunn@flexngate-mi.com','Mike Dunn','mdunn','098f6bcd4621d373cade4e832627b4f6','Active',NULL,NULL,40,0,0,1,0,'2012-04-26 14:58:23',NULL),(301,NULL,NULL,'hwhinton@ventraplastics.com','Hope Whinton','hwhinton','098f6bcd4621d373cade4e832627b4f6','Active',NULL,NULL,11,0,0,1,0,'2012-04-27 13:49:54',NULL),(302,NULL,NULL,'joaquin.nicolas@flexngate.es','Joaquin Nicolas','jnicolas','098f6bcd4621d373cade4e832627b4f6','Active',NULL,NULL,117,0,0,1,0,'2012-04-27 14:54:52','2012-06-29 03:40:03'),(303,NULL,NULL,'fabian.ramos@flexngate.es','Fabian Ramos','framos','098f6bcd4621d373cade4e832627b4f6','Active',NULL,NULL,117,0,0,1,0,'2012-04-27 14:57:07','2012-04-30 03:50:40'),(304,NULL,NULL,'mmartinello@ventraplastics.com','Mike Martinello','mmartinello','098f6bcd4621d373cade4e832627b4f6','Active',NULL,NULL,8,0,0,1,0,'2012-05-01 09:17:28','2012-07-17 14:38:42'),(305,NULL,NULL,'tefremidis@ventraplastics.com','Thomas Efremidis','tefremidis','098f6bcd4621d373cade4e832627b4f6','Active',NULL,NULL,8,0,0,1,0,'2012-05-01 09:22:21','2012-06-21 16:00:23'),(306,NULL,NULL,'pchang@ventraplastics.com','Peter Chang','pchang','098f6bcd4621d373cade4e832627b4f6','Active',NULL,NULL,13,0,0,1,0,'2012-05-01 09:25:44','2012-05-01 09:34:11'),(307,NULL,NULL,'srocha@ventraplastics.com','Serifim Rocha','srocha','098f6bcd4621d373cade4e832627b4f6','Active',NULL,NULL,12,0,0,1,0,'2012-05-01 09:27:18',NULL),(308,NULL,NULL,'sfurlan@ventraplastics.com','Sandra Furlan','sfurlan','098f6bcd4621d373cade4e832627b4f6','Active',NULL,NULL,11,0,0,1,0,'2012-05-01 09:29:26',NULL),(309,NULL,NULL,'ewuensch@flexngate-mi.com','Erich Wuensch','ewuensch','098f6bcd4621d373cade4e832627b4f6','Active',NULL,NULL,25,0,0,1,0,'2012-05-01 12:03:00',NULL),(310,NULL,NULL,'cmeloche@flexngate-mi.com','Chris Meloche','cmeloche','098f6bcd4621d373cade4e832627b4f6','Active',NULL,NULL,28,0,0,1,0,'2012-05-01 12:22:00',NULL),(311,NULL,NULL,'psilvaggi@flexngate-mi.com','Perry Silvaggi','psilvaggi','098f6bcd4621d373cade4e832627b4f6','Active',NULL,NULL,28,0,0,1,0,'2012-05-01 12:24:23',NULL),(312,NULL,NULL,'kmurphy@flexngate-mi.com','Kathie Murphy','kmurphy','098f6bcd4621d373cade4e832627b4f6','Active',NULL,NULL,26,0,0,1,0,'2012-05-01 12:29:53',NULL),(313,NULL,NULL,'jzedde@flexngate-mi.com','John Zedde','jzedde','098f6bcd4621d373cade4e832627b4f6','Active',NULL,NULL,26,0,0,1,0,'2012-05-01 12:31:24','2012-05-01 12:35:07'),(314,NULL,NULL,'swieber@ventra.us','Scott Wieber','swieber','098f6bcd4621d373cade4e832627b4f6','Active',NULL,NULL,33,0,0,1,0,'2012-05-02 10:01:26','2012-06-19 13:22:06'),(315,NULL,NULL,'rruppe@flexngate-mi.com','Robert Ruppe','rruppe','098f6bcd4621d373cade4e832627b4f6','Active',NULL,NULL,28,0,NULL,1,0,'2012-05-07 08:56:14','2012-05-15 09:18:34'),(316,NULL,NULL,'mthompson@flexngate-mi.com','Mike Thompson','mthompson','098f6bcd4621d373cade4e832627b4f6','Active',NULL,NULL,28,0,NULL,1,0,'2012-05-07 11:18:30','2012-05-07 16:29:02'),(317,NULL,NULL,'mmcdonald@flexngate-mi.com','Mike McDonald','mmcdonald','098f6bcd4621d373cade4e832627b4f6','Active',NULL,NULL,28,0,NULL,1,0,'2012-05-07 11:20:17',NULL),(318,NULL,NULL,'mcecil@flexngate-mi.com','Michelle Cecil','mcecil','098f6bcd4621d373cade4e832627b4f6','Active',NULL,NULL,28,0,NULL,1,0,'2012-05-07 11:25:18',NULL),(319,NULL,NULL,'aallen@flexngate-mi.com','Amy Allen','aallen','098f6bcd4621d373cade4e832627b4f6','Active',NULL,NULL,28,0,NULL,1,0,'2012-05-07 11:25:55',NULL),(320,NULL,NULL,'zknox@ventraplastics.com','Zack Knox','zknox','098f6bcd4621d373cade4e832627b4f6','Active',NULL,NULL,29,0,NULL,1,0,'2012-05-07 11:41:47','2012-06-19 14:24:26'),(321,NULL,NULL,'rmeredith@ventraplastics.com','Riley Meredith','rmeredith','098f6bcd4621d373cade4e832627b4f6','Active',NULL,NULL,29,0,NULL,1,0,'2012-05-07 11:43:53','2012-05-09 12:57:50'),(322,NULL,NULL,'hcrow@ventraplastics.com','Heath Crow','hcrow','098f6bcd4621d373cade4e832627b4f6','Active',NULL,NULL,29,0,NULL,1,0,'2012-05-07 11:47:17','2012-05-08 08:38:41'),(323,NULL,NULL,'mchrispell@ventraplastics.com','Michael Crispell','mcrispell','098f6bcd4621d373cade4e832627b4f6','Active',NULL,NULL,29,0,NULL,1,0,'2012-05-07 11:49:13',NULL),(324,NULL,NULL,'adecator@ventraplastics.com','Ann Decator','adecator','098f6bcd4621d373cade4e832627b4f6','Active',NULL,NULL,29,0,NULL,1,0,'2012-05-07 11:51:04',NULL),(325,NULL,NULL,'pgrose@ventraplastics.com','Patty Grose','pgrose','098f6bcd4621d373cade4e832627b4f6','Active',NULL,NULL,29,0,NULL,1,0,'2012-05-07 11:53:00',NULL),(326,NULL,NULL,'kroan@ventraplastics.com','Kim Roan','kroan','098f6bcd4621d373cade4e832627b4f6','Active',NULL,NULL,29,0,NULL,1,0,'2012-05-07 11:54:45',NULL),(327,NULL,NULL,'delliott@ventraplastics.com','Debra Elliott','delliott','098f6bcd4621d373cade4e832627b4f6','Active',NULL,NULL,29,0,NULL,1,0,'2012-05-07 11:56:03','2012-07-12 15:36:21'),(328,NULL,NULL,'tfarrand@flexngate-mi.com','Terra Farrand','tfarrand','098f6bcd4621d373cade4e832627b4f6','Active',1,1,27,0,0,1,0,'2012-05-08 08:02:40','2012-07-20 14:52:41'),(329,NULL,NULL,'bbommarito@flexngate-mi.com','Bob Bommarito','bbommarito','098f6bcd4621d373cade4e832627b4f6','Active',NULL,NULL,27,0,NULL,1,0,'2012-05-08 08:05:39',NULL),(330,NULL,NULL,'bhoffman@flexngate-mi.com','Bill Hoffman','bhoffman','098f6bcd4621d373cade4e832627b4f6','Active',4,0,27,0,0,1,0,'2012-05-08 08:22:15','2012-07-17 08:17:34'),(331,NULL,NULL,'mbhatia@flexngate-mi.com','Manu Bhatia','mbhatia','098f6bcd4621d373cade4e832627b4f6','Active',NULL,NULL,27,0,NULL,1,0,'2012-05-08 08:24:35',NULL),(332,NULL,NULL,'bernard.giturwa@flex-n-gate.com','Bernard Giturwa','bgiturwa','098f6bcd4621d373cade4e832627b4f6','Active',NULL,NULL,36,0,NULL,1,0,'2012-05-09 08:19:44','2012-05-22 16:17:32'),(333,NULL,NULL,'andy.scheele@flex-n-gate.com','Andy Scheele','ascheele','098f6bcd4621d373cade4e832627b4f6','Active',NULL,NULL,18,0,NULL,1,0,'2012-05-10 11:35:52','2012-06-05 11:24:17'),(334,NULL,NULL,'curt.ronto@flex-n-gate.com','Curt Ronto','cronto','098f6bcd4621d373cade4e832627b4f6','Active',NULL,NULL,21,0,NULL,1,0,'2012-05-10 11:37:27',NULL),(335,NULL,NULL,'dmoody@flex-n-gate.com','Dave Moody','dmoody','098f6bcd4621d373cade4e832627b4f6','Active',NULL,NULL,20,0,NULL,1,0,'2012-05-10 11:37:27',NULL),(336,NULL,NULL,'bcole@ventra.us','Brian Cole','bcole','098f6bcd4621d373cade4e832627b4f6','Active',NULL,NULL,30,0,NULL,1,0,'2012-05-10 15:41:12','2012-06-28 11:31:00'),(337,NULL,NULL,'kletourneau@ventra.us','Kim LeTourneau','kletourneau','098f6bcd4621d373cade4e832627b4f6','Active',NULL,NULL,30,0,NULL,1,0,'2012-05-10 15:41:12','2012-06-28 11:30:16'),(338,NULL,NULL,'dmcclintock@ventra.us','Dawn McClintock','dmcclintock','098f6bcd4621d373cade4e832627b4f6','Active',NULL,NULL,30,0,NULL,1,0,'2012-05-10 15:41:12','2012-05-30 09:59:36'),(339,NULL,NULL,'mdigiacomo@ventra.us','Michael Digiacomo','mdigiacomo','098f6bcd4621d373cade4e832627b4f6','Active',NULL,NULL,30,0,NULL,1,0,'2012-05-10 15:41:12','2012-06-05 10:07:53'),(340,NULL,NULL,'echarfauros@flexngate-mi.com','Eddie Charfauros','echarfauros','098f6bcd4621d373cade4e832627b4f6','Active',NULL,NULL,25,0,NULL,1,0,'2012-05-10 15:49:45','2012-07-10 13:16:30'),(341,NULL,NULL,'medwards@flexngate-mi.com','Mitch Edwards','medwards','098f6bcd4621d373cade4e832627b4f6','Active',NULL,NULL,25,0,NULL,1,0,'2012-05-10 15:49:45','2012-05-17 07:48:46'),(342,NULL,NULL,'eomar@flexngate-mi.com','Eddy Omar','eomar','098f6bcd4621d373cade4e832627b4f6','Active',NULL,NULL,25,0,NULL,1,0,'2012-05-10 15:49:45',NULL),(343,NULL,NULL,'ssloan@flexngate-mi.com','Steve Sloan','ssloan','098f6bcd4621d373cade4e832627b4f6','Active',NULL,NULL,25,0,NULL,1,0,'2012-05-10 15:49:45','2012-06-26 08:17:29'),(344,NULL,NULL,'harnold@flexngate-mi.com','Hans Arnold','harnold','098f6bcd4621d373cade4e832627b4f6','Active',NULL,NULL,25,0,NULL,1,0,'2012-05-10 15:49:45','2012-05-18 08:29:09'),(345,NULL,NULL,NULL,'Scott Nicol',NULL,'098f6bcd4621d373cade4e832627b4f6','Active',NULL,2,NULL,0,NULL,0,0,NULL,NULL),(346,NULL,NULL,'dmoelker@ventra.us','Dale Moelker','dmoelker','098f6bcd4621d373cade4e832627b4f6','Active',NULL,2,31,0,NULL,1,0,'2012-06-01 08:10:22',NULL),(347,NULL,NULL,'william.pullen@flex-n-gate.com','William Pullen','wpullen','098f6bcd4621d373cade4e832627b4f6','Active',NULL,NULL,21,0,NULL,1,0,'2012-05-16 12:11:12',NULL),(348,NULL,NULL,'jeff.zmudzinski@flex-n-gate.com','Jeff Zmudzinski','jzmudzinski','098f6bcd4621d373cade4e832627b4f6','Active',NULL,NULL,21,0,NULL,1,0,'2012-05-16 12:15:06','2012-05-17 15:06:38'),(349,NULL,NULL,'justin.hargraves@flex-n-gate.com','Justin Hargraves','jhargraves','098f6bcd4621d373cade4e832627b4f6','Active',NULL,NULL,21,0,NULL,1,0,'2012-05-16 12:18:29','2012-05-16 12:52:06'),(350,NULL,NULL,NULL,'Dan Bondy',NULL,'098f6bcd4621d373cade4e832627b4f6','Active',NULL,3,NULL,0,NULL,0,0,NULL,NULL),(351,NULL,NULL,'eric.henry@flex-n-gate.com','Eric Henry','ehenry','098f6bcd4621d373cade4e832627b4f6','Active',NULL,NULL,17,0,NULL,1,0,'2012-05-16 22:45:06','2012-05-17 12:15:17'),(352,NULL,NULL,'kevin.lee@flex-n-gate.com','Kevin Lee','klee','098f6bcd4621d373cade4e832627b4f6','Active',NULL,NULL,17,0,NULL,1,0,'2012-05-16 22:45:06','2012-05-17 08:10:18'),(353,NULL,NULL,'david.lewis@flex-n-gate.com','David Lewis','dlewis','098f6bcd4621d373cade4e832627b4f6','Active',NULL,NULL,17,0,NULL,1,0,'2012-05-16 22:45:06',NULL),(354,NULL,NULL,'mitch.miller@flex-n-gate.com','Mitch Miller','mmiller','098f6bcd4621d373cade4e832627b4f6','Active',NULL,NULL,20,0,NULL,1,0,'2012-05-16 23:07:56',NULL),(355,NULL,NULL,'brad.marshall@flex-n-gate.com','Brad Marshall','bmarshall','098f6bcd4621d373cade4e832627b4f6','Active',NULL,NULL,20,0,NULL,1,0,'2012-05-16 23:07:56','2012-06-05 13:16:48'),(356,NULL,NULL,'gary.hoaks@flex-n-gate.com','Gary Hoaks','ghoaks','098f6bcd4621d373cade4e832627b4f6','Active',NULL,NULL,20,0,NULL,1,0,'2012-05-16 23:07:56','2012-05-17 10:12:49'),(357,NULL,NULL,'dave.robertson@flex-n-gate.com','Dave Robertson','drobertson','098f6bcd4621d373cade4e832627b4f6','Active',NULL,NULL,20,0,NULL,1,0,'2012-05-16 23:07:56',NULL),(358,NULL,NULL,'tomc@flex-n-gate.com','Thomas Crain','tcrain','098f6bcd4621d373cade4e832627b4f6','Active',NULL,NULL,20,0,NULL,1,0,'2012-05-16 23:07:56',NULL),(359,NULL,NULL,'sherryw@flex-n-gate.com','Sherry Woolwine','swoolwine','098f6bcd4621d373cade4e832627b4f6','Active',NULL,NULL,20,0,NULL,1,0,'2012-05-16 23:07:56','2012-06-05 10:55:45'),(360,NULL,NULL,'tracy.carter@flex-n-gate.com','Tracy Carter','tcarter','098f6bcd4621d373cade4e832627b4f6','Active',NULL,NULL,20,0,NULL,1,0,'2012-05-16 23:07:56',NULL),(361,NULL,NULL,'jesse.simmons@flex-n-gate.com','Jesse Simmons','jsimmons','098f6bcd4621d373cade4e832627b4f6','Active',NULL,NULL,20,0,NULL,1,0,'2012-05-16 23:07:56',NULL),(362,NULL,NULL,'francie.waters@flex-n-gate.com','Francie Waters','fwaters','098f6bcd4621d373cade4e832627b4f6','Active',NULL,NULL,20,0,NULL,1,0,'2012-05-16 23:07:56',NULL),(363,NULL,NULL,'mary.jo.martin@flex-n-gate.com','Mary Jo Martin','mmartin','098f6bcd4621d373cade4e832627b4f6','Active',NULL,NULL,20,0,NULL,1,0,'2012-05-16 23:07:56',NULL),(364,NULL,NULL,'jneuman@ventraplastics.com','Jeff Neuman','jneuman','098f6bcd4621d373cade4e832627b4f6','Active',NULL,NULL,29,0,NULL,1,0,'2012-05-17 12:22:06',NULL),(365,NULL,NULL,'chollister@ventraplastics.com','Chris Hollister','chollister','098f6bcd4621d373cade4e832627b4f6','Active',NULL,NULL,35,0,NULL,1,0,'2012-05-17 13:21:13','2012-07-23 07:56:10'),(366,NULL,NULL,'sbarman@flexngate-mi.com','Steve Barman','sbarman','098f6bcd4621d373cade4e832627b4f6','Active',NULL,NULL,0,0,NULL,1,0,'2012-05-22 12:21:19','2012-07-17 09:07:59'),(367,NULL,NULL,'vpagalos@flexngate-mi.com','Vious Pagalos','vpagalos','098f6bcd4621d373cade4e832627b4f6','Active',NULL,NULL,0,0,NULL,1,0,'2012-05-22 14:05:48',NULL),(368,NULL,NULL,'cniehaus@flexngate-mi.com','Chris Niehaus','cniehaus','098f6bcd4621d373cade4e832627b4f6','Active',NULL,NULL,27,0,NULL,1,0,'2012-05-25 12:02:46',NULL),(369,NULL,NULL,'mripple@flexngate-mi.com','Mark Ripple','mripple','098f6bcd4621d373cade4e832627b4f6','Active',NULL,NULL,27,0,NULL,1,0,'2012-05-25 12:02:46',NULL),(370,NULL,NULL,'jsampson@flexngate-mi.com','Joy Sampson','jsampson','098f6bcd4621d373cade4e832627b4f6','Active',NULL,NULL,27,0,NULL,1,0,'2012-05-25 12:10:38',NULL),(371,NULL,NULL,'vgondikar@flexngate-mi.com','Vivek Gondikar','vgondikar','098f6bcd4621d373cade4e832627b4f6','Active',3,1,27,1,0,1,0,'2012-05-25 12:10:38','2012-07-12 09:44:40'),(372,NULL,NULL,'stupalli@flexngate-mi.com','Sujay Tupalli','stupalli','098f6bcd4621d373cade4e832627b4f6','Active',NULL,NULL,27,0,NULL,1,0,'2012-05-25 12:10:38','2012-05-29 11:10:27'),(374,NULL,NULL,'psmith@ventra.us','Phil Smith','psmith','098f6bcd4621d373cade4e832627b4f6','Active',NULL,NULL,31,0,NULL,1,0,'2012-05-25 13:32:24','2012-06-04 11:15:23'),(375,NULL,NULL,'jhelsley@ventra.us','Justin Helsley','jhelsley','098f6bcd4621d373cade4e832627b4f6','Active',NULL,NULL,33,0,NULL,1,0,'2012-05-25 13:35:17','2012-06-25 16:07:43'),(376,NULL,NULL,'phall@ventra.us','Parrish Hall','phall','098f6bcd4621d373cade4e832627b4f6','Active',NULL,NULL,31,0,NULL,1,0,'2012-05-31 08:07:31',NULL),(377,NULL,NULL,'jhyatt@ventra.us','Jan Hyatt','jhyatt','098f6bcd4621d373cade4e832627b4f6','Active',NULL,NULL,31,0,NULL,1,0,'2012-05-31 08:09:12','2012-06-05 15:18:03'),(378,NULL,NULL,'kbrower@ventra.us','Kerrie Brower','kbrower','098f6bcd4621d373cade4e832627b4f6','Active',NULL,NULL,31,0,NULL,1,0,'2012-05-31 08:09:12','2012-07-20 12:39:24'),(379,NULL,NULL,'jmccanney@flexngate-mi.com','Jennifer McCanney','jmccanney','098f6bcd4621d373cade4e832627b4f6','Active',NULL,NULL,0,0,NULL,1,0,'2012-05-31 08:34:49',NULL),(380,NULL,NULL,'mdeyoung@ventra.us','Mike DeYoung','mdeyoung','098f6bcd4621d373cade4e832627b4f6','Active',NULL,NULL,31,0,NULL,1,0,'2012-05-31 08:37:57','2012-06-08 14:49:46'),(381,NULL,NULL,'rlong@ventra.us','Richard Long','rlong','098f6bcd4621d373cade4e832627b4f6','Active',NULL,NULL,31,0,NULL,1,0,'2012-05-31 09:01:40',NULL),(382,NULL,NULL,'jramos@flexngate-mi.com','Joshua Ramos','jramos','098f6bcd4621d373cade4e832627b4f6','Active',NULL,NULL,27,0,NULL,1,0,'2012-06-04 08:22:29','2012-06-18 16:29:07'),(383,NULL,NULL,'luis.delarco@flexngate.es','Luis del Arco','ldelarco','098f6bcd4621d373cade4e832627b4f6','Active',NULL,NULL,117,0,NULL,1,0,'2012-06-06 08:16:02','2012-06-06 09:01:43'),(384,NULL,NULL,'cgroat@ventraplastics.com','Colleen Groat','cgroat','098f6bcd4621d373cade4e832627b4f6','Active',NULL,NULL,8,0,NULL,1,0,'2012-06-06 08:20:35','2012-06-06 08:50:51'),(385,NULL,NULL,'ebraga@ventraplastics.com','Elaine Braga','ebraga','098f6bcd4621d373cade4e832627b4f6','Active',NULL,NULL,8,0,NULL,1,0,'2012-06-06 08:22:32','2012-06-06 10:36:24'),(386,NULL,NULL,'dford@flex-n-gate.com','David Ford','dford','098f6bcd4621d373cade4e832627b4f6','Active',0,0,18,1,0,1,0,'2012-06-06 08:26:23','2012-06-07 09:18:33'),(387,NULL,NULL,'emaschmeier@flex-n-gate.com','Ed Maschmeier','emaschmeier','098f6bcd4621d373cade4e832627b4f6','Active',NULL,NULL,18,0,NULL,1,0,'2012-06-06 08:27:41','2012-06-07 08:55:36'),(388,NULL,NULL,'agermain@flexngate-mi.com','Al Germain','agermain','098f6bcd4621d373cade4e832627b4f6','Active',NULL,NULL,27,0,NULL,1,0,'2012-06-06 11:26:14',NULL),(389,NULL,NULL,'dpaynter@ventraplastics.com','Don Paynter','dpaynter','098f6bcd4621d373cade4e832627b4f6','Active',NULL,NULL,35,0,NULL,1,0,'2012-06-06 15:16:04','2012-07-23 13:53:40'),(390,NULL,NULL,'sleonard@flexngate-mi.com','Steve Leonard','sleonard','098f6bcd4621d373cade4e832627b4f6','Active',NULL,NULL,27,0,NULL,1,0,'2012-06-11 10:37:31',NULL),(391,NULL,NULL,'klangille@ventraplastics.com','Ken Langille','klangille','098f6bcd4621d373cade4e832627b4f6','Active',NULL,NULL,27,0,NULL,1,0,'2012-06-11 10:37:31','2012-07-07 14:18:06'),(392,NULL,NULL,'mguzik@flexngate-mi.com','Mark Guzik','mguzik','098f6bcd4621d373cade4e832627b4f6','Active',NULL,NULL,27,0,NULL,1,0,'2012-06-11 10:38:33',NULL),(393,NULL,NULL,'ljerrim@flexngate-mi.com','Larry Jerrim','ljerrim','098f6bcd4621d373cade4e832627b4f6','Active',NULL,NULL,27,0,NULL,1,0,'2012-06-14 10:38:18',NULL),(394,NULL,NULL,'tcarr@flex-n-gate.com','Tony Carr','tcarr','098f6bcd4621d373cade4e832627b4f6','Active',NULL,NULL,0,0,NULL,1,0,'2012-06-14 10:40:42',NULL),(395,NULL,NULL,'jeff.radek@flex-n-gate.com','Jeff Radek','jradek','098f6bcd4621d373cade4e832627b4f6','Active',NULL,NULL,0,0,NULL,1,0,'2012-06-14 10:45:08','2012-07-02 11:33:54'),(396,NULL,NULL,'mespinoza@fnghmo.com.mx','Martha Espinoza','mespinoza','098f6bcd4621d373cade4e832627b4f6','Active',NULL,NULL,39,0,NULL,1,0,'2012-07-02 08:32:00',NULL),(397,NULL,NULL,'ggromacki@flexngate-mi.com','Gerald Gromacki','ggromacki','098f6bcd4621d373cade4e832627b4f6','Active',NULL,NULL,27,NULL,NULL,1,0,'2012-07-09 14:03:52',NULL),(398,NULL,NULL,'prickman@flexngate-mi.com','Perry Rickman','prickman','098f6bcd4621d373cade4e832627b4f6','Active',0,0,25,0,0,1,0,'2012-07-10 15:33:39','2012-07-10 15:53:36'),(399,NULL,NULL,'charles.hamilton@ventra.com','Charles Hamilton','chamilton','098f6bcd4621d373cade4e832627b4f6','Active',3,0,4,0,0,1,0,'2012-07-13 14:49:44','2012-07-13 15:00:37'),(400,NULL,NULL,'bstudans@ventraplastics.com','Bob Studans','bstudans','098f6bcd4621d373cade4e832627b4f6','Active',NULL,NULL,111,NULL,NULL,1,0,'2012-07-17 11:31:04',NULL),(401,NULL,NULL,'scooper@flexngate-mi.com','Scott Cooper','scooper','098f6bcd4621d373cade4e832627b4f6','Active',NULL,NULL,123,NULL,NULL,1,0,'2012-07-17 12:53:31','2012-07-20 13:06:42'),(402,NULL,NULL,'dabramouski@flexngate-mi.com','Dave Abramouski','dabramouski','098f6bcd4621d373cade4e832627b4f6','Active',NULL,NULL,123,NULL,NULL,1,0,'2012-07-17 12:56:39',NULL),(403,NULL,NULL,'jfortman@flexngate-mi.com','Joe Fortman','jfortman','098f6bcd4621d373cade4e832627b4f6','Active',NULL,NULL,123,NULL,NULL,1,0,'2012-07-17 12:57:50','2012-07-20 13:06:12'),(404,NULL,NULL,'fmomplaisir@flexngate-mi.com','Fritz Momplaisir','fmomplaisir','098f6bcd4621d373cade4e832627b4f6','Active',NULL,NULL,123,NULL,NULL,1,0,'2012-07-17 13:00:06',NULL),(405,NULL,NULL,'tscherr@flexngate-mi.com','Thomas Scherr','tscherr','098f6bcd4621d373cade4e832627b4f6','Active',NULL,NULL,123,NULL,NULL,1,0,'2012-07-17 13:11:04','2012-07-20 15:32:16'),(406,NULL,NULL,'gpapp@flexngate-mi.com','Gary Papp','gpapp','098f6bcd4621d373cade4e832627b4f6','Active',NULL,NULL,123,NULL,NULL,1,0,'2012-07-17 13:12:17','2012-07-20 12:57:11'),(408,NULL,NULL,'mick.edwards@flexngate-mi.com','Mick Edwards','miedwards','098f6bcd4621d373cade4e832627b4f6','Active',NULL,NULL,123,NULL,NULL,1,0,'2012-07-17 13:15:41','2012-07-17 13:30:05'),(409,NULL,NULL,'khowie@flexngate-mi.com','Kathryn Howie','khowie','098f6bcd4621d373cade4e832627b4f6','Active',NULL,NULL,123,NULL,NULL,1,0,'2012-07-17 13:17:15','2012-07-18 12:19:40'),(410,NULL,NULL,'tmartinelli@flexngate-mi.com','Timothy Martinelli','tmartinelli','098f6bcd4621d373cade4e832627b4f6','Active',NULL,NULL,123,NULL,NULL,1,0,'2012-07-17 13:18:46',NULL),(411,NULL,NULL,'ematthews@flexngate-mi.com','Esther Matthews','ematthews','098f6bcd4621d373cade4e832627b4f6','Active',NULL,NULL,123,NULL,NULL,1,0,'2012-07-17 13:19:54',NULL),(412,NULL,NULL,'rmohammad@flexngate-mi.com','Rafat Mohammad','rmohammad','098f6bcd4621d373cade4e832627b4f6','Active',NULL,NULL,123,NULL,NULL,1,0,'2012-07-17 13:21:26','2012-07-20 13:06:54'),(413,NULL,NULL,'jnold@flexngate-mi.com','Jeffrey Nold','jnold','098f6bcd4621d373cade4e832627b4f6','Active',NULL,NULL,123,NULL,NULL,1,0,'2012-07-17 13:22:39','2012-07-20 15:27:48'),(414,NULL,NULL,'dsilva@flexngate-mi.com','David Silva','dsilva','098f6bcd4621d373cade4e832627b4f6','Active',NULL,NULL,123,NULL,NULL,1,0,'2012-07-17 13:23:41',NULL),(415,NULL,NULL,'cschweitzer@flexngate-mi.com','Chuck Schweitzer','cschweitzer','098f6bcd4621d373cade4e832627b4f6','Active',NULL,NULL,123,NULL,NULL,1,0,'2012-07-17 13:25:03','2012-07-20 13:09:05'),(416,NULL,NULL,'pvenkannagari@flexngate-mi.com','Pavan Venkannagari','pvenkannagari','098f6bcd4621d373cade4e832627b4f6','Active',NULL,NULL,123,NULL,NULL,1,0,'2012-07-17 13:26:40','2012-07-20 13:02:57'),(417,NULL,NULL,'jgamble@flexngate-mi.com','Janice Gamble','jgamble','098f6bcd4621d373cade4e832627b4f6','Active',NULL,NULL,123,NULL,NULL,1,0,'2012-07-17 13:28:20',NULL),(418,NULL,NULL,'jhadlock@flexngate-mi.com','John Hadlock','jhadlock','098f6bcd4621d373cade4e832627b4f6','Active',NULL,NULL,123,NULL,NULL,1,0,'2012-07-17 13:29:28',NULL),(419,NULL,NULL,'mjorgensen@flexngate-mi.com','Michelle Jorgensen','mjorgensen','098f6bcd4621d373cade4e832627b4f6','Active',NULL,NULL,123,NULL,NULL,1,0,'2012-07-17 13:30:14',NULL),(420,NULL,NULL,'alejandro.hernandez@ventramex.com','Alejandro Hernandez','ahernandez','098f6bcd4621d373cade4e832627b4f6','Active',NULL,NULL,42,NULL,NULL,1,0,'2012-07-26 09:05:40',NULL);
/*!40000 ALTER TABLE `tbluser` ENABLE KEYS */;
UNLOCK TABLES;

--
-- Table structure for table `tbluserrolexr`
--

DROP TABLE IF EXISTS `tbluserrolexr`;
/*!40101 SET @saved_cs_client     = @@character_set_client */;
/*!40101 SET character_set_client = utf8 */;
CREATE TABLE `tbluserrolexr` (
  `intUserRoleXRID` int(10) unsigned NOT NULL AUTO_INCREMENT,
  `intUserID` int(10) unsigned DEFAULT NULL,
  `intRoleID` int(10) unsigned DEFAULT NULL,
  PRIMARY KEY (`intUserRoleXRID`),
  UNIQUE KEY `ukcUserRoleXR1` (`intUserID`,`intRoleID`),
  KEY `fkcUserRoleXR2` (`intRoleID`),
  CONSTRAINT `fkcUserRoleXR1` FOREIGN KEY (`intUserID`) REFERENCES `tbluser` (`intUserID`) ON DELETE CASCADE ON UPDATE CASCADE,
  CONSTRAINT `fkcUserRoleXR2` FOREIGN KEY (`intRoleID`) REFERENCES `tblrole` (`intRoleID`) ON DELETE CASCADE ON UPDATE CASCADE
) ENGINE=InnoDB AUTO_INCREMENT=465 DEFAULT CHARSET=latin1;
/*!40101 SET character_set_client = @saved_cs_client */;

--
-- Dumping data for table `tbluserrolexr`
--

LOCK TABLES `tbluserrolexr` WRITE;
/*!40000 ALTER TABLE `tbluserrolexr` DISABLE KEYS */;
INSERT INTO `tbluserrolexr` VALUES (255,1,1),(462,1,2),(464,1,5),(463,1,36),(70,2,1),(2,2,3),(3,3,4),(4,4,2),(202,5,2),(8,5,7),(7,6,8),(6,7,7),(5,8,4),(9,10,2),(10,11,5),(12,12,2),(16,13,2),(15,14,2),(13,15,2),(17,16,4),(18,17,28),(19,18,2),(20,19,2),(135,19,8),(161,19,15),(21,20,25),(24,21,25),(23,22,25),(22,23,25),(26,24,21),(27,25,1),(29,26,2),(110,27,2),(30,27,7),(31,28,2),(35,29,2),(28,30,2),(36,31,2),(34,32,2),(33,33,2),(32,34,2),(48,35,2),(50,36,2),(38,37,2),(37,38,2),(42,39,2),(44,40,2),(40,41,2),(45,42,2),(39,43,2),(41,44,2),(49,45,2),(46,46,2),(43,47,2),(47,48,2),(111,49,2),(58,49,8),(53,50,8),(51,51,2),(54,52,2),(52,53,2),(59,54,29),(55,55,2),(57,56,2),(181,57,2),(60,57,7),(64,58,7),(72,60,4),(65,61,5),(63,62,5),(61,63,5),(66,64,5),(68,65,5),(69,66,5),(67,67,5),(71,68,2),(212,70,36),(75,71,30),(76,72,31),(77,73,55),(78,74,6),(79,75,8),(326,76,11),(81,77,16),(82,78,4),(83,79,2),(84,80,2),(85,81,2),(89,82,4),(88,83,30),(87,89,8),(86,90,6),(90,91,2),(91,92,2),(92,93,2),(94,94,7),(95,95,32),(97,96,32),(99,97,4),(100,98,30),(101,99,55),(102,100,4),(103,101,4),(104,102,11),(118,103,18),(106,104,8),(107,105,15),(108,106,2),(402,107,4),(109,107,5),(123,109,4),(263,110,50),(114,111,31),(117,112,55),(120,113,21),(121,114,33),(122,115,4),(124,116,3),(206,117,44),(143,118,30),(147,119,31),(213,120,36),(148,121,30),(144,122,18),(142,123,18),(236,124,41),(126,125,20),(134,126,34),(159,128,38),(129,129,4),(131,130,9),(150,131,2),(132,132,2),(133,133,4),(136,134,21),(137,135,21),(138,136,27),(139,137,21),(140,138,21),(141,139,22),(145,140,35),(155,141,21),(153,142,24),(151,143,36),(154,144,3),(434,145,34),(211,145,48),(158,146,37),(160,147,12),(162,148,8),(163,149,7),(164,150,4),(165,151,9),(166,152,55),(167,154,39),(168,155,9),(169,156,2),(170,157,55),(214,158,24),(172,159,18),(173,160,40),(174,161,41),(175,162,6),(431,162,33),(432,163,33),(177,164,33),(178,165,8),(179,166,55),(180,167,18),(184,168,36),(183,169,31),(182,170,18),(185,171,42),(186,172,43),(187,173,18),(188,174,25),(189,175,32),(190,176,41),(191,177,36),(215,178,24),(193,179,55),(194,180,44),(195,181,6),(196,182,55),(197,183,45),(198,184,27),(200,185,55),(199,186,46),(201,187,55),(203,188,6),(394,188,36),(204,189,34),(205,190,47),(207,191,55),(208,192,55),(209,193,27),(210,194,45),(216,197,32),(217,198,18),(218,199,18),(262,200,18),(219,200,35),(221,201,24),(220,202,30),(222,203,30),(223,204,55),(224,205,55),(225,206,18),(227,207,55),(226,208,55),(228,209,55),(234,210,55),(229,211,30),(230,212,49),(231,213,8),(232,214,27),(256,215,6),(233,215,36),(235,216,32),(237,217,31),(238,218,18),(239,219,32),(240,220,18),(241,221,18),(242,222,16),(243,223,22),(244,224,26),(245,225,26),(246,226,18),(247,227,18),(248,228,2),(250,229,32),(251,230,18),(257,231,25),(258,232,31),(259,233,8),(260,234,27),(261,235,45),(264,236,31),(265,237,18),(266,238,3),(267,239,50),(268,240,50),(269,241,50),(270,242,32),(271,243,18),(272,244,16),(273,245,6),(274,246,32),(275,247,30),(276,248,18),(277,249,32),(278,250,18),(279,251,18),(280,252,24),(281,253,24),(282,254,32),(283,255,31),(284,256,55),(285,257,18),(286,258,18),(287,259,18),(288,260,24),(289,261,24),(290,262,51),(291,263,28),(292,264,43),(293,265,18),(294,266,32),(295,267,55),(296,268,52),(297,269,36),(298,270,6),(373,270,36),(299,271,55),(395,272,2),(301,273,32),(396,274,2),(459,275,2),(304,276,55),(305,277,36),(306,278,18),(307,279,31),(308,280,11),(309,281,22),(310,282,32),(311,283,32),(313,285,36),(314,286,53),(315,287,51),(316,288,11),(317,289,6),(318,290,27),(319,291,36),(320,293,45),(321,294,6),(322,295,23),(323,296,27),(324,297,8),(325,298,36),(327,299,9),(328,300,32),(329,301,4),(330,302,3),(415,303,51),(332,304,6),(430,304,36),(333,305,18),(334,306,31),(335,307,31),(336,308,31),(337,309,6),(338,310,6),(340,311,36),(339,312,6),(341,313,36),(342,314,32),(343,315,54),(344,316,49),(345,317,30),(346,318,27),(347,319,22),(348,320,55),(349,321,32),(350,322,32),(351,323,18),(352,324,18),(353,325,18),(354,326,31),(437,327,57),(356,328,9),(357,329,4),(358,330,4),(359,331,2),(360,332,32),(361,333,6),(362,334,6),(363,335,6),(364,336,31),(365,337,18),(366,338,18),(367,339,55),(368,340,31),(369,341,44),(370,342,24),(371,343,32),(372,344,30),(412,346,16),(374,347,18),(375,348,54),(376,349,54),(377,351,31),(378,352,54),(379,353,28),(380,354,31),(381,355,32),(382,356,32),(383,357,32),(384,358,45),(385,359,32),(386,360,32),(387,361,32),(388,362,18),(389,363,32),(390,364,32),(391,365,18),(439,366,3),(392,366,32),(393,367,32),(398,368,17),(397,369,32),(399,370,27),(400,371,31),(401,372,18),(403,374,22),(404,375,22),(405,376,11),(426,376,30),(406,377,30),(407,378,31),(408,379,32),(411,380,41),(410,381,27),(413,382,25),(414,383,5),(416,384,32),(417,385,27),(418,386,55),(419,387,31),(420,388,43),(421,389,55),(422,390,30),(423,391,11),(425,391,30),(424,392,30),(427,393,2),(428,394,7),(429,395,55),(433,396,31),(435,397,9),(436,398,18),(438,399,2),(440,400,25),(441,401,2),(442,402,2),(443,403,2),(444,404,2),(445,405,2),(446,406,58),(447,408,58),(448,409,32),(449,410,58),(450,411,58),(451,412,58),(452,413,58),(453,414,58),(454,415,58),(455,416,58),(456,417,32),(457,418,4),(458,419,4),(461,420,2);
/*!40000 ALTER TABLE `tbluserrolexr` ENABLE KEYS */;
UNLOCK TABLES;
/*!40103 SET TIME_ZONE=@OLD_TIME_ZONE */;

/*!40101 SET SQL_MODE=@OLD_SQL_MODE */;
/*!40014 SET FOREIGN_KEY_CHECKS=@OLD_FOREIGN_KEY_CHECKS */;
/*!40014 SET UNIQUE_CHECKS=@OLD_UNIQUE_CHECKS */;
/*!40101 SET CHARACTER_SET_CLIENT=@OLD_CHARACTER_SET_CLIENT */;
/*!40101 SET CHARACTER_SET_RESULTS=@OLD_CHARACTER_SET_RESULTS */;
/*!40101 SET COLLATION_CONNECTION=@OLD_COLLATION_CONNECTION */;
/*!40111 SET SQL_NOTES=@OLD_SQL_NOTES */;

-- Dump completed on 2012-09-04 10:57:49
